{
  "system_parameters": {
    "system_sensitivity": -165.1,
    "sound_speed_in_water": 1450,
    "enu_ref" : [47.93961, -69.52256, 0]
  },
  "tetrahedras": [
    {
      "8296": {
        "coordinates_lla": [47.93961, -69.52256, -19.06],
        "coordinates_hydrophones": [
          [0.5773, 0, 0],
          [-0.2887, -0.5, 0],
          [-0.2887, 0.5, 0],
          [0, 0, 0.8164]
        ],
        "rotation_matrix" :  [
          [-6.140976937627218302e-01, 7.634166099120373028e-01, -2.001976578926918382e-01],
          [-7.686829775326871061e-01, -6.360516623809560066e-01, -6.756302860221706508e-02],
          [-1.789147913583146732e-01, 1.123982317157782712e-01, 9.774232117871858305e-01]
        ]
      }
    },
    {
      "8295": {
        "coordinates_lla": [47.94323, -69.51839, -19.06],
        "coordinates_hydrophones": [
          [0.5773, 0, 0],
          [-0.2887, -0.5, 0],
          [-0.2887, 0.5, 0],
          [0, 0, 0.8164]
        ],
        "rotation_matrix" :  [
          [-6.140976937627218302e-01, 7.634166099120373028e-01, -2.001976578926918382e-01],
          [-7.686829775326871061e-01, -6.360516623809560066e-01, -6.756302860221706508e-02],
          [-1.789147913583146732e-01, 1.123982317157782712e-01, 9.774232117871858305e-01]
        ]
      }
    }
  ]
}
