;Lat (DMS);Long (DMS);Depth (m)
0;47-57-11.777N;069-29-40.871W;-1.83
1;47-57-12.536N;069-29-54.053W;-1.22
2;47-57-12.463N;069-29-47.866W;-1.52
3;47-57-15.232N;069-29-47.485W;-1.22
4;47-57-14.954N;069-29-41.048W;-1.52
5;47-57-15.469N;069-29-53.797W;-0.61
6;47-57-18.145N;069-29-49.617W;-0.3
7;47-57-18.113N;069-29-43.369W;-1.22
8;47-57-17.978N;069-29-39.752W;-1.83
9;47-57-18.463N;069-29-35.962W;-1.52
10;47-57-18.409N;069-29-17.390W;-1.83
11;47-57-18.701N;069-29-55.806W;0.61
12;47-57-18.554N;069-29-29.774W;-1.52
13;47-57-18.608N;069-29-23.278W;-1.83
14;47-57-20.997N;069-29-49.115W;-0.61
15;47-57-20.825N;069-29-42.851W;0.61
16;47-57-20.994N;069-29-39.375W;-1.52
17;47-57-21.750N;069-29-55.736W;1.22
18;47-57-21.433N;069-29-36.074W;-0.91
19;47-57-21.687N;069-29-30.318W;-1.22
20;47-57-21.627N;069-29-17.568W;-1.83
21;47-57-21.865N;069-29-23.640W;-1.52
22;47-57-23.674N;069-29-42.164W;0.91
23;47-57-23.995N;069-29-48.238W;1.22
24;47-57-23.970N;069-29-38.814W;-1.22
25;47-57-24.240N;069-29-36.061W;-0.3
26;47-57-24.577N;069-29-30.245W;-0.91
27;47-57-24.593N;069-29-18.109W;-1.52
28;47-57-24.711N;069-29-23.873W;-1.52
29;47-57-25.056N;069-29-54.446W;2.13
30;47-57-26.983N;069-29-35.661W;0.91
31;47-57-27.305N;069-29-41.552W;0.91
32;47-57-27.625N;069-29-47.626W;1.52
33;47-57-27.795N;069-29-30.239W;-0.3
34;47-57-28.026N;069-29-54.068W;2.44
35;47-57-28.187N;069-29-32.942W;-0.91
36;47-57-28.047N;069-29-24.727W;-0.91
37;47-57-28.059N;069-29-18.230W;-1.83
38;47-57-30.397N;069-29-36.395W;0.61
39;47-57-30.692N;069-29-40.508W;1.52
40;47-57-30.440N;069-29-31.183W;0.3
41;47-57-30.922N;069-29-47.561W;1.22
42;47-57-31.018N;069-29-24.778W;-0.3
43;47-57-30.936N;069-29-19.628W;-0.61
44;47-57-31.451N;069-29-53.331W;2.74
45;47-57-31.155N;069-29-28.275W;-0.61
46;47-57-31.798N;069-29-15.105W;-1.22
47;47-57-32.553N;069-28-53.347W;-2.44
48;47-57-33.080N;069-29-04.580W;-1.83
49;47-57-33.555N;069-29-43.071W;2.44
50;47-57-33.980N;069-29-36.580W;1.83
51;47-57-33.989N;069-29-19.680W;-0.3
52;47-57-34.342N;069-29-16.866W;-0.61
53;47-57-34.660N;069-29-53.755W;3.66
54;47-57-34.812N;069-29-45.423W;2.13
55;47-57-34.872N;069-29-27.788W;-0.61
56;47-57-35.410N;069-29-12.286W;-0.91
57;47-57-35.669N;069-29-31.703W;1.52
58;47-57-35.591N;069-28-50.086W;-2.13
59;47-57-36.127N;069-29-25.664W;0.0
60;47-57-36.510N;069-29-39.506W;2.44
61;47-57-36.878N;069-29-19.485W;0.0
62;47-57-36.733N;069-28-56.731W;-1.83
63;47-57-36.934N;069-29-47.912W;3.05
64;47-57-37.806N;069-29-51.911W;4.27
65;47-57-37.672N;069-29-08.154W;-0.91
66;47-57-38.277N;069-29-15.614W;0.3
67;47-57-38.591N;069-29-36.967W;2.13
68;47-57-39.058N;069-29-45.068W;3.35
69;47-57-38.745N;069-29-28.568W;1.52
70;47-57-39.330N;069-29-56.902W;7.01
71;47-57-39.778N;069-29-23.371W;0.91
72;47-57-39.723N;069-29-04.509W;-1.52
73;47-57-39.643N;069-28-54.019W;-2.13
74;47-57-41.195N;069-29-50.561W;4.27
75;47-57-41.102N;069-29-12.384W;0.0
76;47-57-41.199N;069-29-00.425W;-1.22
77;47-57-41.387N;069-29-42.473W;3.35
78;47-57-41.935N;069-29-55.722W;7.92
79;47-57-41.908N;069-29-34.510W;2.44
80;47-57-41.949N;069-29-19.973W;0.91
81;47-57-42.420N;069-29-27.650W;0.3
82;47-57-42.493N;069-29-08.789W;-0.3
83;47-57-43.726N;069-29-48.461W;4.57
84;47-57-43.492N;069-28-57.336W;-1.52
85;47-57-44.002N;069-29-40.189W;2.74
86;47-57-44.734N;069-29-17.137W;0.3
87;47-57-44.748N;069-29-05.209W;-0.3
88;47-57-45.074N;069-29-54.613W;7.62
89;47-57-44.878N;069-29-24.441W;0.61
90;47-57-45.340N;069-29-32.976W;1.83
91;47-57-45.888N;069-29-12.281W;0.0
92;47-57-46.308N;069-29-00.941W;-0.3
93;47-57-47.160N;069-29-46.560W;4.57
94;47-57-47.031N;069-29-37.667W;2.74
95;47-57-47.581N;069-29-31.052W;1.83
96;47-57-47.664N;069-29-21.422W;0.91
97;47-57-48.249N;069-29-15.664W;0.61
98;47-57-48.266N;069-29-08.826W;-0.3
99;47-57-48.427N;069-29-52.589W;7.92
100;47-57-48.762N;069-29-42.235W;3.35
101;47-57-50.115N;069-29-57.583W;8.84
102;47-57-49.935N;069-29-35.203W;2.44
103;47-57-50.279N;069-29-47.902W;5.18
104;47-57-50.621N;069-29-27.241W;1.83
105;47-57-50.746N;069-29-12.823W;0.3
106;47-57-50.972N;069-29-20.007W;1.22
107;47-57-51.552N;069-29-53.196W;7.92
108;47-57-52.064N;069-29-41.434W;3.66
109;47-57-52.882N;069-29-32.557W;2.44
110;47-57-52.768N;069-29-17.154W;1.52
111;47-57-53.238N;069-29-58.436W;10.06
112;47-57-53.158N;069-29-24.402W;1.52
113;47-57-53.258N;069-29-03.414W;0.3
114;47-57-53.708N;069-29-46.676W;5.49
115;47-57-53.581N;069-29-08.884W;0.91
116;47-57-54.979N;069-29-52.216W;8.23
117;47-57-55.141N;069-29-38.055W;3.35
118;47-57-55.335N;069-29-29.839W;2.44
119;47-57-55.487N;069-29-21.866W;1.22
120;47-57-55.971N;069-29-56.646W;9.75
121;47-57-56.083N;069-29-14.881W;0.91
122;47-57-56.128N;069-28-59.882W;0.0
123;47-57-56.484N;069-29-44.701W;5.18
124;47-57-56.661N;069-28-55.044W;-0.3
125;47-57-57.105N;069-29-34.777W;3.05
126;47-57-57.240N;069-29-09.806W;0.61
127;47-57-58.116N;069-29-27.373W;2.13
128;47-57-58.047N;069-28-56.908W;0.0
129;47-57-58.200N;069-29-51.108W;7.92
130;47-57-58.403N;069-29-03.872W;0.3
131;47-57-58.836N;069-29-39.346W;4.57
132;47-57-58.723N;069-29-19.161W;1.52
133;47-57-59.197N;069-29-54.987W;9.45
134;47-58-00.177N;069-29-31.949W;2.74
135;47-58-00.287N;069-29-00.467W;0.3
136;47-58-00.309N;069-29-59.725W;10.36
137;47-58-00.355N;069-29-44.647W;7.01
138;47-58-00.608N;069-29-15.450W;0.61
139;47-58-00.594N;069-29-07.655W;1.22
140;47-58-00.687N;069-29-25.270W;2.13
141;47-58-01.412N;069-29-51.164W;9.14
142;47-58-01.893N;069-29-38.296W;3.66
143;47-58-02.449N;069-29-02.715W;0.3
144;47-58-02.772N;069-29-55.847W;10.06
145;47-58-02.950N;069-29-30.341W;2.13
146;47-58-03.209N;069-29-43.287W;6.1
147;47-58-03.394N;069-29-12.369W;1.22
148;47-58-03.296N;069-28-44.418W;-0.3
149;47-58-03.977N;069-29-49.738W;8.23
150;47-58-04.411N;069-29-23.249W;1.83
151;47-58-04.358N;069-29-05.756W;0.3
152;47-58-04.450N;069-28-39.221W;-0.61
153;47-58-04.668N;069-29-36.321W;3.35
154;47-58-04.991N;069-28-59.322W;0.61
155;47-58-05.445N;069-29-17.929W;1.22
156;47-58-05.687N;069-28-33.779W;-0.61
157;47-58-05.875N;069-28-15.491W;-2.13
158;47-58-06.097N;069-29-42.540W;5.79
159;47-58-06.179N;069-29-09.410W;0.91
160;47-58-06.503N;069-29-57.628W;9.45
161;47-58-06.740N;069-29-30.039W;2.44
162;47-58-06.869N;069-29-48.562W;7.62
163;47-58-06.958N;069-28-55.672W;0.91
164;47-58-06.890N;069-28-48.099W;0.0
165;47-58-07.911N;069-29-23.188W;1.83
166;47-58-08.438N;069-29-14.667W;1.22
167;47-58-08.488N;069-28-43.892W;-0.3
168;47-58-08.695N;069-28-38.555W;-0.3
169;47-58-08.897N;069-28-13.270W;-1.83
170;47-58-09.001N;069-29-54.362W;8.23
171;47-58-08.960N;069-29-06.819W;1.22
172;47-58-09.086N;069-28-52.394W;0.61
173;47-58-08.992N;069-28-32.361W;-0.61
174;47-58-09.262N;069-28-19.169W;-1.52
175;47-58-09.342N;069-29-38.611W;4.57
176;47-58-09.513N;069-29-28.309W;2.13
177;47-58-10.288N;069-29-00.827W;0.91
178;47-58-10.768N;069-29-21.274W;1.83
179;47-58-11.060N;069-28-15.577W;-1.52
180;47-58-11.382N;069-29-45.516W;7.01
181;47-58-11.287N;069-29-32.634W;3.35
182;47-58-11.212N;069-28-49.423W;0.3
183;47-58-11.112N;069-28-42.114W;0.3
184;47-58-11.465N;069-29-12.143W;1.22
185;47-58-11.933N;069-28-29.956W;-0.91
186;47-58-12.255N;069-29-54.235W;8.23
187;47-58-12.539N;069-29-25.908W;2.13
188;47-58-12.249N;069-28-57.853W;0.91
189;47-58-12.310N;069-28-23.885W;-1.22
190;47-58-12.555N;069-29-38.300W;5.18
191;47-58-12.835N;069-29-06.090W;1.22
192;47-58-13.027N;069-28-37.339W;0.0
193;47-58-13.528N;069-27-59.719W;-2.74
194;47-58-13.752N;069-29-18.996W;1.83
195;47-58-13.624N;069-28-46.579W;0.3
196;47-58-13.791N;069-28-18.815W;-1.22
197;47-58-14.148N;069-29-44.644W;6.1
198;47-58-14.260N;069-29-31.582W;3.05
199;47-58-14.579N;069-28-55.008W;0.3
200;47-58-14.968N;069-29-11.652W;1.52
201;47-58-14.818N;069-28-13.675W;-1.52
202;47-58-15.277N;069-29-52.204W;7.62
203;47-58-15.247N;069-29-03.247W;1.22
204;47-58-15.149N;069-28-08.156W;-2.13
205;47-58-15.695N;069-29-37.067W;4.57
206;47-58-15.436N;069-29-24.057W;2.13
207;47-58-15.450N;069-28-27.498W;-0.91
208;47-58-16.011N;069-28-34.566W;-0.61
209;47-58-16.332N;069-28-42.759W;0.3
210;47-58-16.314N;069-28-22.295W;-0.91
211;47-58-17.028N;069-28-04.442W;-2.13
212;47-58-17.289N;069-29-43.044W;7.01
213;47-58-17.403N;069-29-29.859W;2.74
214;47-58-17.504N;069-29-18.141W;2.13
215;47-58-17.874N;069-29-08.818W;1.52
216;47-58-17.824N;069-29-00.284W;0.91
217;47-58-17.642N;069-28-52.852W;0.61
218;47-58-17.871N;069-28-17.839W;-1.52
219;47-58-18.424N;069-29-50.053W;6.71
220;47-58-18.993N;069-29-36.328W;3.96
221;47-58-18.882N;069-28-47.532W;0.3
222;47-58-18.663N;069-28-32.217W;-0.61
223;47-58-19.312N;069-29-23.266W;2.44
224;47-58-19.300N;069-28-40.023W;0.0
225;47-58-19.022N;069-28-12.640W;-1.83
226;47-58-19.405N;069-28-00.369W;-2.44
227;47-58-19.995N;069-29-15.608W;2.13
228;47-58-20.366N;069-29-58.851W;6.71
229;47-58-20.140N;069-29-41.867W;4.27
230;47-58-20.275N;069-29-07.081W;1.22
231;47-58-20.442N;069-28-57.445W;0.91
232;47-58-20.575N;069-28-08.552W;-1.83
233;47-58-21.067N;069-29-29.740W;3.35
234;47-58-21.170N;069-28-21.884W;-1.22
235;47-58-21.340N;069-28-36.927W;-0.3
236;47-58-21.720N;069-29-49.559W;5.79
237;47-58-21.867N;069-29-22.759W;2.44
238;47-58-21.606N;069-28-51.264W;0.61
239;47-58-21.607N;069-28-44.788W;0.0
240;47-58-22.325N;069-29-36.509W;3.96
241;47-58-22.311N;069-28-17.974W;-1.52
242;47-58-22.851N;069-29-04.241W;1.52
243;47-58-22.951N;069-28-04.356W;-2.13
244;47-58-22.981N;069-29-12.899W;2.13
245;47-58-23.472N;069-29-42.049W;3.96
246;47-58-23.657N;069-28-56.642W;0.91
247;47-58-23.630N;069-28-33.343W;-0.3
248;47-58-23.684N;069-28-26.469W;-0.91
249;47-58-23.751N;069-29-57.624W;7.01
250;47-58-23.831N;069-29-28.868W;3.66
251;47-58-23.851N;069-28-41.818W;-0.3
252;47-58-24.088N;069-28-49.650W;0.3
253;47-58-24.277N;069-28-13.648W;-1.52
254;47-58-24.521N;069-29-49.363W;4.88
255;47-58-25.014N;069-29-34.901W;3.05
256;47-58-25.292N;069-29-45.760W;4.27
257;47-58-25.313N;069-29-19.138W;2.74
258;47-58-25.359N;069-28-22.568W;-1.22
259;47-58-25.911N;069-29-11.845W;2.44
260;47-58-26.197N;069-29-02.643W;1.83
261;47-58-26.191N;069-28-53.802W;0.91
262;47-58-26.076N;069-28-30.806W;-0.61
263;47-58-26.343N;069-28-38.668W;0.0
264;47-58-26.563N;069-28-10.432W;-1.83
265;47-58-26.735N;069-29-26.036W;3.35
266;47-58-26.690N;069-28-46.900W;0.0
267;47-58-27.223N;069-29-55.847W;7.01
268;47-58-27.275N;069-29-49.658W;4.27
269;47-58-26.973N;069-29-41.559W;3.35
270;47-58-27.442N;069-28-19.103W;-1.22
271;47-58-28.126N;069-29-46.362W;3.96
272;47-58-28.284N;069-29-18.209W;3.96
273;47-58-28.261N;069-29-06.547W;2.13
274;47-58-28.521N;069-29-33.737W;3.05
275;47-58-28.528N;069-28-59.369W;2.44
276;47-58-28.449N;069-28-26.917W;-0.91
277;47-58-28.971N;069-28-50.965W;0.61
278;47-58-29.035N;069-28-43.536W;0.3
279;47-58-29.001N;069-28-35.337W;-0.3
280;47-58-29.807N;069-29-52.032W;4.27
281;47-58-29.658N;069-29-40.381W;3.05
282;47-58-29.777N;069-29-11.914W;4.57
283;47-58-30.057N;069-28-15.831W;-1.52
284;47-58-30.534N;069-29-24.447W;3.05
285;47-58-31.076N;069-29-57.632W;6.1
286;47-58-31.192N;069-29-43.842W;3.05
287;47-58-31.213N;069-29-17.158W;2.74
288;47-58-31.155N;069-29-04.757W;5.18
289;47-58-31.021N;069-28-24.074W;-0.91
290;47-58-31.330N;069-29-46.971W;3.35
291;47-58-31.293N;069-29-31.885W;2.44
292;47-58-31.389N;069-28-56.657W;1.22
293;47-58-31.659N;069-28-49.232W;0.91
294;47-58-31.903N;069-28-32.131W;-0.61
295;47-58-31.999N;069-28-41.035W;0.0
296;47-58-32.381N;069-29-10.426W;3.96
297;47-58-32.701N;069-29-50.306W;3.35
298;47-58-33.040N;069-29-39.460W;2.74
299;47-58-33.099N;069-29-22.714W;2.44
300;47-58-33.183N;069-28-20.917W;-1.22
301;47-58-33.635N;069-29-03.328W;5.49
302;47-58-33.888N;069-29-55.966W;4.27
303;47-58-34.095N;069-29-46.101W;2.44
304;47-58-33.993N;069-28-38.306W;-0.3
305;47-58-34.248N;069-29-42.487W;2.44
306;47-58-34.367N;069-29-28.505W;2.44
307;47-58-34.480N;069-29-15.129W;3.05
308;47-58-34.372N;069-28-54.132W;4.27
309;47-58-34.442N;069-28-45.966W;0.3
310;47-58-34.263N;069-28-29.899W;-0.61
311;47-58-35.637N;069-29-48.581W;2.44
312;47-58-35.962N;069-29-34.299W;1.83
313;47-58-36.237N;069-29-21.359W;1.83
314;47-58-36.185N;069-29-08.162W;2.44
315;47-58-36.530N;069-29-54.972W;3.05
316;47-58-36.909N;069-29-39.100W;1.83
317;47-58-36.866N;069-29-00.623W;3.66
318;47-58-36.857N;069-28-51.965W;6.4
319;47-58-36.847N;069-28-43.552W;0.61
320;47-58-36.967N;069-28-36.392W;-0.3
321;47-58-36.923N;069-28-26.138W;-0.91
322;47-58-37.434N;069-29-45.303W;2.13
323;47-58-37.543N;069-29-41.994W;1.83
324;47-58-37.586N;069-29-27.151W;1.22
325;47-58-37.619N;069-29-13.589W;1.83
326;47-58-38.603N;069-29-48.205W;1.83
327;47-58-38.526N;069-29-32.689W;1.52
328;47-58-38.762N;069-28-22.239W;-0.91
329;47-58-38.848N;069-29-18.951W;0.91
330;47-58-38.886N;069-29-04.895W;1.52
331;47-58-39.332N;069-29-54.470W;2.13
332;47-58-39.399N;069-28-57.660W;2.13
333;47-58-39.465N;069-28-49.924W;6.4
334;47-58-39.591N;069-29-38.228W;1.52
335;47-58-39.985N;069-28-41.950W;1.83
336;47-58-39.914N;069-28-32.635W;-0.3
337;47-58-40.478N;069-29-11.001W;1.52
338;47-58-40.306N;069-29-07.130W;0.91
339;47-58-40.655N;069-29-43.705W;1.22
340;47-58-40.646N;069-29-25.181W;1.52
341;47-58-41.271N;069-28-27.132W;-0.3
342;47-58-41.499N;069-29-31.393W;1.22
343;47-58-41.446N;069-29-03.590W;1.22
344;47-58-41.719N;069-28-55.491W;0.3
345;47-58-41.851N;069-28-21.369W;-0.3
346;47-58-42.067N;069-29-17.658W;1.22
347;47-58-42.243N;069-28-47.087W;3.35
348;47-58-42.636N;069-29-52.937W;1.83
349;47-58-42.641N;069-29-37.425W;1.22
350;47-58-42.710N;069-29-09.691W;0.91
351;47-58-42.486N;069-28-37.757W;4.57
352;47-58-42.922N;069-29-48.160W;1.22
353;47-58-43.403N;069-28-31.447W;2.74
354;47-58-43.793N;069-29-42.413W;1.22
355;47-58-43.665N;069-29-23.272W;0.91
356;47-58-44.025N;069-29-59.029W;2.44
357;47-58-43.972N;069-29-01.425W;0.61
358;47-58-44.503N;069-28-18.344W;-0.3
359;47-58-44.638N;069-29-29.793W;0.91
360;47-58-44.757N;069-29-15.620W;0.61
361;47-58-44.658N;069-28-53.210W;0.61
362;47-58-44.861N;069-28-43.694W;0.61
363;47-58-45.169N;069-28-26.504W;1.22
364;47-58-45.792N;069-29-54.281W;1.52
365;47-58-45.697N;069-29-45.881W;1.22
366;47-58-45.779N;069-29-36.010W;0.91
367;47-58-45.732N;069-29-07.228W;0.3
368;47-58-45.987N;069-28-36.836W;7.32
369;47-58-45.693N;069-28-13.328W;-0.91
370;47-58-46.262N;069-29-22.398W;0.61
371;47-58-46.658N;069-28-59.693W;0.61
372;47-58-47.125N;069-29-42.351W;1.22
373;47-58-47.351N;069-28-50.617W;0.3
374;47-58-47.692N;069-29-28.437W;0.3
375;47-58-47.734N;069-28-41.671W;-0.3
376;47-58-47.597N;069-28-01.017W;-1.83
377;47-58-47.673N;069-27-46.159W;-2.13
378;47-58-47.891N;069-29-14.449W;0.3
379;47-58-47.949N;069-28-33.186W;7.32
380;47-58-48.150N;069-28-23.916W;4.27
381;47-58-48.529N;069-29-51.573W;1.52
382;47-58-48.537N;069-29-06.050W;0.3
383;47-58-48.267N;069-28-09.809W;-0.91
384;47-58-48.754N;069-29-59.360W;2.13
385;47-58-48.831N;069-29-34.961W;0.61
386;47-58-48.779N;069-28-17.985W;0.0
387;47-58-49.482N;069-29-20.922W;0.3
388;47-58-49.886N;069-29-41.666W;0.91
389;47-58-49.832N;069-28-57.425W;0.0
390;47-58-49.686N;069-28-46.667W;0.3
391;47-58-49.639N;069-27-41.956W;-2.13
392;47-58-50.170N;069-27-57.805W;-1.83
393;47-58-50.147N;069-27-50.313W;-1.83
394;47-58-50.585N;069-28-39.632W;0.0
395;47-58-50.389N;069-28-06.467W;-1.22
396;47-58-50.730N;069-29-49.100W;1.22
397;47-58-50.909N;069-29-27.392W;0.3
398;47-58-50.991N;069-29-12.546W;0.0
399;47-58-50.769N;069-28-30.165W;2.13
400;47-58-51.199N;069-29-57.138W;2.13
401;47-58-51.359N;069-28-23.481W;8.23
402;47-58-51.185N;069-27-38.850W;-2.44
403;47-58-51.676N;069-29-03.535W;0.0
404;47-58-51.964N;069-29-34.037W;0.61
405;47-58-51.844N;069-28-52.303W;0.0
406;47-58-52.065N;069-28-17.537W;7.62
407;47-58-52.354N;069-27-46.666W;-1.83
408;47-58-52.578N;069-28-44.814W;0.3
409;47-58-52.535N;069-27-54.897W;-1.52
410;47-58-53.104N;069-29-40.375W;0.61
411;47-58-52.914N;069-29-18.901W;0.0
412;47-58-53.109N;069-28-10.566W;-0.61
413;47-58-52.962N;069-28-03.194W;-1.22
414;47-58-52.986N;069-27-34.520W;-2.44
415;47-58-53.527N;069-28-57.858W;0.0
416;47-58-53.439N;069-28-37.102W;-0.3
417;47-58-53.904N;069-29-53.265W;1.52
418;47-58-53.804N;069-29-45.355W;0.91
419;47-58-53.634N;069-29-10.812W;-0.3
420;47-58-53.957N;069-28-28.390W;-0.61
421;47-58-54.337N;069-29-25.552W;0.3
422;47-58-54.571N;069-28-50.263W;0.0
423;47-58-54.496N;069-28-21.694W;1.22
424;47-58-54.966N;069-29-03.286W;-0.3
425;47-58-54.718N;069-28-14.758W;8.84
426;47-58-54.859N;069-27-51.926W;-1.52
427;47-58-54.802N;069-27-43.759W;-2.13
428;47-58-55.281N;069-29-15.813W;-0.3
429;47-58-55.288N;069-28-42.415W;0.0
430;47-58-55.315N;069-28-06.917W;-0.3
431;47-58-55.086N;069-27-59.544W;-1.22
432;47-58-55.480N;069-29-31.463W;0.3
433;47-58-55.983N;069-29-35.337W;0.91
434;47-58-55.885N;069-27-31.867W;-2.44
435;47-58-56.351N;069-29-50.613W;1.22
436;47-58-56.321N;069-29-39.207W;0.61
437;47-58-56.335N;069-28-56.065W;0.0
438;47-58-56.415N;069-28-34.758W;0.0
439;47-58-56.511N;069-29-58.213W;-1.22
440;47-58-56.497N;069-29-42.891W;0.91
441;47-58-56.637N;069-29-21.115W;0.0
442;47-58-56.519N;069-29-09.636W;-0.3
443;47-58-56.763N;069-28-26.780W;-0.3
444;47-58-56.977N;069-28-47.234W;0.0
445;47-58-57.055N;069-27-39.560W;-2.13
446;47-58-57.187N;069-28-19.785W;-0.3
447;47-58-57.484N;069-28-03.076W;0.61
448;47-58-57.353N;069-27-48.406W;-1.83
449;47-58-57.659N;069-29-27.208W;0.0
450;47-58-57.578N;069-28-11.614W;8.84
451;47-58-57.781N;069-27-56.519W;-0.91
452;47-58-58.145N;069-29-01.193W;-0.3
453;47-58-58.452N;069-29-57.084W;-0.3
454;47-58-58.308N;069-29-32.619W;0.3
455;47-58-58.454N;069-29-14.580W;-0.3
456;47-58-58.552N;069-28-40.015W;-0.3
457;47-58-58.639N;069-29-54.207W;-0.91
458;47-58-58.901N;069-28-53.531W;-0.3
459;47-58-58.693N;069-28-32.217W;-0.3
460;47-58-59.429N;069-29-37.483W;0.0
461;47-58-59.455N;069-29-07.171W;-0.3
462;47-58-59.573N;069-28-24.555W;0.0
463;47-58-59.556N;069-27-45.250W;-1.83
464;47-58-59.416N;069-27-37.328W;-2.13
465;47-58-59.720N;069-29-41.048W;0.91
466;47-58-59.809N;069-29-20.128W;-0.3
467;47-59-00.330N;069-29-46.946W;0.91
468;47-59-00.191N;069-28-08.650W;8.84
469;47-59-00.253N;069-28-01.098W;4.57
470;47-59-00.351N;069-27-53.614W;-0.91
471;47-59-00.596N;069-28-46.806W;-0.91
472;47-59-00.737N;069-28-17.450W;-0.61
473;47-59-00.992N;069-29-52.963W;-0.3
474;47-59-01.035N;069-28-59.340W;-0.3
475;47-59-00.998N;069-28-37.109W;-0.61
476;47-59-01.441N;069-29-27.030W;0.0
477;47-59-01.466N;069-29-12.977W;-0.3
478;47-59-01.426N;069-28-29.439W;-0.61
479;47-59-02.090N;069-29-32.687W;0.61
480;47-59-02.259N;069-29-37.230W;0.3
481;47-59-02.425N;069-29-05.751W;-0.3
482;47-59-02.442N;069-28-52.549W;-0.61
483;47-59-02.304N;069-28-22.083W;-0.61
484;47-59-02.432N;069-27-50.332W;-0.91
485;47-59-02.336N;069-27-42.041W;-1.83
486;47-59-02.479N;069-27-34.677W;-1.83
487;47-59-02.937N;069-29-19.447W;-0.3
488;47-59-02.811N;069-28-41.746W;-0.3
489;47-59-02.899N;069-28-14.108W;-0.61
490;47-59-02.596N;069-28-05.928W;6.1
491;47-59-02.581N;069-27-57.821W;7.01
492;47-59-03.213N;069-29-41.358W;0.61
493;47-59-03.319N;069-28-34.324W;-0.3
494;47-59-04.127N;069-28-58.044W;-0.61
495;47-59-04.378N;069-28-46.503W;-0.3
496;47-59-04.328N;069-27-29.858W;-1.83
497;47-59-04.397N;069-29-48.551W;-0.91
498;47-59-04.695N;069-29-30.956W;0.3
499;47-59-04.392N;069-29-11.863W;-0.3
500;47-59-04.441N;069-28-27.340W;-0.61
501;47-59-04.450N;069-27-55.274W;8.53
502;47-59-04.789N;069-28-19.422W;-0.91
503;47-59-05.003N;069-28-02.960W;2.44
504;47-59-04.835N;069-27-38.092W;-1.52
505;47-59-05.413N;069-29-18.080W;0.0
506;47-59-05.417N;069-28-39.520W;-0.3
507;47-59-05.258N;069-28-11.875W;-0.61
508;47-59-05.337N;069-27-46.881W;-0.91
509;47-59-05.147N;069-27-25.205W;-2.13
510;47-59-05.766N;069-29-04.029W;-0.61
511;47-59-06.513N;069-29-40.802W;-0.61
512;47-59-06.231N;069-28-51.387W;-0.61
513;47-59-06.843N;069-29-24.673W;0.3
514;47-59-06.746N;069-28-32.110W;-0.61
515;47-59-06.885N;069-28-24.680W;-0.91
516;47-59-06.948N;069-29-58.590W;-1.83
517;47-59-07.126N;069-29-09.026W;-0.3
518;47-59-06.941N;069-28-44.398W;-0.61
519;47-59-07.120N;069-27-35.060W;-1.52
520;47-59-07.398N;069-28-16.764W;-0.61
521;47-59-07.610N;069-28-00.306W;-0.3
522;47-59-07.564N;069-27-21.439W;-2.13
523;47-59-07.673N;069-28-56.387W;-0.61
524;47-59-07.830N;069-28-08.786W;-0.61
525;47-59-07.971N;069-27-51.712W;6.4
526;47-59-07.672N;069-27-28.071W;-1.83
527;47-59-08.282N;069-27-43.552W;-0.61
528;47-59-08.602N;069-29-14.884W;-0.3
529;47-59-08.622N;069-29-01.378W;-0.61
530;47-59-08.747N;069-29-33.605W;-0.3
531;47-59-08.724N;069-28-36.751W;-0.61
532;47-59-09.411N;069-29-58.026W;1.83
533;47-59-09.200N;069-29-54.587W;-2.13
534;47-59-09.150N;069-28-51.132W;-0.61
535;47-59-09.556N;069-28-30.009W;-0.91
536;47-59-09.700N;069-28-21.902W;-0.91
537;47-59-09.528N;069-27-32.215W;-1.52
538;47-59-09.916N;069-29-20.433W;0.0
539;47-59-10.182N;069-29-06.932W;-0.3
540;47-59-10.371N;069-28-41.756W;-0.61
541;47-59-10.336N;069-28-13.988W;-0.91
542;47-59-10.167N;069-27-24.735W;-2.13
543;47-59-10.428N;069-27-18.110W;-2.44
544;47-59-10.697N;069-29-25.786W;0.0
545;47-59-10.563N;069-28-06.007W;-1.22
546;47-59-10.677N;069-27-57.408W;1.83
547;47-59-10.662N;069-27-49.179W;7.62
548;47-59-10.606N;069-27-40.889W;-0.61
549;47-59-10.915N;069-28-56.997W;-0.61
550;47-59-11.157N;069-28-35.565W;-0.91
551;47-59-11.046N;069-27-13.149W;-2.44
552;47-59-11.405N;069-29-51.072W;-1.83
553;47-59-11.619N;069-29-12.607W;-0.61
554;47-59-11.939N;069-27-29.061W;-1.52
555;47-59-11.957N;069-28-27.592W;-0.61
556;47-59-12.550N;069-29-03.597W;-0.61
557;47-59-12.417N;069-28-48.363W;-0.91
558;47-59-12.428N;069-28-19.798W;-0.91
559;47-59-12.840N;069-29-59.640W;11.62
560;47-59-12.840N;069-29-59.280W;11.49
561;47-59-12.903N;069-29-58.519W;4.57
562;47-59-12.813N;069-29-17.662W;-0.3
563;47-59-13.013N;069-28-40.143W;-0.91
564;47-59-12.860N;069-28-11.697W;-1.22
565;47-59-12.972N;069-27-38.104W;-0.61
566;47-59-12.749N;069-27-20.849W;-2.13
567;47-59-13.200N;069-29-59.640W;12.07
568;47-59-13.200N;069-29-59.280W;11.32
569;47-59-13.200N;069-29-58.920W;11.08
570;47-59-13.354N;069-27-46.461W;7.62
571;47-59-13.560N;069-29-59.640W;14.0
572;47-59-13.560N;069-29-59.280W;12.85
573;47-59-13.560N;069-29-58.920W;11.18
574;47-59-13.560N;069-29-58.560W;10.91
575;47-59-13.560N;069-29-58.200W;10.9
576;47-59-13.515N;069-29-22.769W;-0.91
577;47-59-13.686N;069-28-32.599W;-0.61
578;47-59-13.383N;069-28-02.798W;-0.91
579;47-59-13.732N;069-27-55.250W;-0.91
580;47-59-13.920N;069-29-59.640W;15.08
581;47-59-13.920N;069-29-59.280W;14.45
582;47-59-13.920N;069-29-58.920W;13.13
583;47-59-13.920N;069-29-58.560W;11.81
584;47-59-13.920N;069-29-58.200W;10.93
585;47-59-13.920N;069-29-57.840W;10.91
586;47-59-13.899N;069-29-47.500W;-2.13
587;47-59-13.981N;069-29-10.009W;-0.61
588;47-59-13.819N;069-28-53.241W;-0.61
589;47-59-14.280N;069-29-59.640W;15.9
590;47-59-14.280N;069-29-59.280W;15.31
591;47-59-14.280N;069-29-58.920W;14.6
592;47-59-14.280N;069-29-58.560W;13.83
593;47-59-14.280N;069-29-58.200W;12.69
594;47-59-14.280N;069-29-57.840W;11.02
595;47-59-14.280N;069-29-57.480W;10.87
596;47-59-14.280N;069-29-57.120W;10.96
597;47-59-14.134N;069-27-17.435W;-2.44
598;47-59-14.640N;069-29-59.640W;16.92
599;47-59-14.640N;069-29-59.280W;16.3
600;47-59-14.640N;069-29-58.920W;15.72
601;47-59-14.640N;069-29-58.560W;14.93
602;47-59-14.640N;069-29-58.200W;14.38
603;47-59-14.640N;069-29-57.840W;13.23
604;47-59-14.640N;069-29-57.480W;12.23
605;47-59-14.640N;069-29-57.120W;11.02
606;47-59-14.640N;069-29-56.760W;10.96
607;47-59-14.640N;069-29-56.400W;10.93
608;47-59-14.690N;069-28-24.814W;-0.91
609;47-59-14.642N;069-27-25.423W;-1.83
610;47-59-15.000N;069-29-59.640W;17.55
611;47-59-15.000N;069-29-59.280W;17.09
612;47-59-15.000N;069-29-58.920W;16.64
613;47-59-15.000N;069-29-58.560W;16.12
614;47-59-15.000N;069-29-58.200W;15.56
615;47-59-15.000N;069-29-57.840W;14.84
616;47-59-15.000N;069-29-57.480W;14.14
617;47-59-15.000N;069-29-57.120W;12.94
618;47-59-15.000N;069-29-56.760W;11.66
619;47-59-15.000N;069-29-56.400W;10.93
620;47-59-15.000N;069-29-56.040W;10.93
621;47-59-14.953N;069-29-54.083W;9.75
622;47-59-14.943N;069-28-45.829W;-0.91
623;47-59-15.162N;069-28-16.774W;-1.22
624;47-59-15.360N;069-29-59.640W;18.08
625;47-59-15.360N;069-29-59.280W;17.7
626;47-59-15.360N;069-29-58.920W;17.31
627;47-59-15.360N;069-29-58.560W;16.8
628;47-59-15.360N;069-29-58.200W;16.45
629;47-59-15.360N;069-29-57.840W;15.8
630;47-59-15.360N;069-29-57.480W;15.28
631;47-59-15.360N;069-29-57.120W;14.61
632;47-59-15.360N;069-29-56.760W;13.38
633;47-59-15.360N;069-29-56.400W;12.18
634;47-59-15.360N;069-29-56.040W;10.89
635;47-59-15.360N;069-29-55.680W;10.71
636;47-59-15.360N;069-29-55.320W;10.69
637;47-59-15.538N;069-29-16.054W;-0.61
638;47-59-15.301N;069-28-58.427W;-0.61
639;47-59-15.351N;069-28-08.484W;-1.22
640;47-59-15.415N;069-27-11.871W;-2.44
641;47-59-15.720N;069-29-59.640W;18.44
642;47-59-15.720N;069-29-59.280W;18.22
643;47-59-15.720N;069-29-58.920W;17.85
644;47-59-15.720N;069-29-58.560W;17.53
645;47-59-15.720N;069-29-58.200W;17.07
646;47-59-15.720N;069-29-57.840W;16.71
647;47-59-15.720N;069-29-57.480W;16.18
648;47-59-15.720N;069-29-57.120W;15.48
649;47-59-15.720N;069-29-56.760W;14.87
650;47-59-15.720N;069-29-56.400W;13.82
651;47-59-15.720N;069-29-56.040W;12.37
652;47-59-15.720N;069-29-55.680W;11.11
653;47-59-15.720N;069-29-55.320W;10.61
654;47-59-15.720N;069-29-54.960W;10.49
655;47-59-15.825N;069-28-37.797W;-0.91
656;47-59-15.861N;069-28-01.244W;-1.22
657;47-59-15.761N;069-27-43.616W;7.62
658;47-59-15.800N;069-27-34.160W;-0.61
659;47-59-16.080N;069-29-59.640W;19.04
660;47-59-16.080N;069-29-59.280W;18.56
661;47-59-16.080N;069-29-58.920W;18.31
662;47-59-16.080N;069-29-58.560W;18.03
663;47-59-16.080N;069-29-58.200W;17.74
664;47-59-16.080N;069-29-57.840W;17.35
665;47-59-16.080N;069-29-57.480W;16.94
666;47-59-16.080N;069-29-57.120W;16.49
667;47-59-16.080N;069-29-56.760W;15.92
668;47-59-16.080N;069-29-56.400W;15.28
669;47-59-16.080N;069-29-56.040W;14.2
670;47-59-16.080N;069-29-55.680W;12.82
671;47-59-16.080N;069-29-55.320W;11.62
672;47-59-16.080N;069-29-54.960W;10.47
673;47-59-16.080N;069-29-54.600W;10.27
674;47-59-16.258N;069-28-51.258W;-0.91
675;47-59-16.179N;069-27-52.589W;-1.22
676;47-59-16.440N;069-29-59.640W;19.47
677;47-59-16.440N;069-29-59.280W;19.21
678;47-59-16.440N;069-29-58.920W;18.72
679;47-59-16.440N;069-29-58.560W;18.4
680;47-59-16.440N;069-29-58.200W;18.15
681;47-59-16.440N;069-29-57.840W;17.85
682;47-59-16.440N;069-29-57.480W;17.53
683;47-59-16.440N;069-29-57.120W;17.15
684;47-59-16.440N;069-29-56.760W;16.82
685;47-59-16.440N;069-29-56.400W;16.09
686;47-59-16.440N;069-29-56.040W;15.43
687;47-59-16.440N;069-29-55.680W;14.53
688;47-59-16.440N;069-29-55.320W;13.09
689;47-59-16.440N;069-29-54.960W;11.58
690;47-59-16.440N;069-29-54.600W;10.36
691;47-59-16.440N;069-29-54.240W;10.05
692;47-59-16.440N;069-29-53.880W;10.02
693;47-59-16.261N;069-29-45.029W;-0.91
694;47-59-16.800N;069-29-59.640W;19.6
695;47-59-16.800N;069-29-59.280W;19.49
696;47-59-16.800N;069-29-58.920W;19.33
697;47-59-16.800N;069-29-58.560W;18.97
698;47-59-16.800N;069-29-58.200W;18.52
699;47-59-16.800N;069-29-57.840W;18.27
700;47-59-16.800N;069-29-57.480W;18.04
701;47-59-16.800N;069-29-57.120W;17.71
702;47-59-16.800N;069-29-56.760W;17.45
703;47-59-16.800N;069-29-56.400W;17.05
704;47-59-16.800N;069-29-56.040W;16.7
705;47-59-16.800N;069-29-55.680W;15.9
706;47-59-16.800N;069-29-55.320W;14.73
707;47-59-16.800N;069-29-54.960W;13.29
708;47-59-16.800N;069-29-54.600W;11.64
709;47-59-16.800N;069-29-54.240W;10.24
710;47-59-16.800N;069-29-53.880W;9.87
711;47-59-16.800N;069-29-53.520W;9.93
712;47-59-16.657N;069-29-03.855W;-0.91
713;47-59-16.781N;069-28-30.810W;-0.91
714;47-59-16.847N;069-27-22.329W;-1.83
715;47-59-16.923N;069-27-08.643W;-2.44
716;47-59-17.160N;069-29-59.640W;20.23
717;47-59-17.160N;069-29-59.280W;19.86
718;47-59-17.160N;069-29-58.920W;19.36
719;47-59-17.160N;069-29-58.560W;19.28
720;47-59-17.160N;069-29-58.200W;19.12
721;47-59-17.160N;069-29-57.840W;18.64
722;47-59-17.160N;069-29-57.480W;18.43
723;47-59-17.160N;069-29-57.120W;18.19
724;47-59-17.160N;069-29-56.760W;17.97
725;47-59-17.160N;069-29-56.400W;17.75
726;47-59-17.160N;069-29-56.040W;17.44
727;47-59-17.160N;069-29-55.680W;16.83
728;47-59-17.160N;069-29-55.320W;15.96
729;47-59-17.160N;069-29-54.960W;14.83
730;47-59-17.160N;069-29-54.600W;13.32
731;47-59-17.160N;069-29-54.240W;11.75
732;47-59-17.160N;069-29-53.880W;10.49
733;47-59-17.160N;069-29-53.520W;9.87
734;47-59-17.160N;069-29-53.160W;9.89
735;47-59-17.160N;069-29-52.800W;9.85
736;47-59-17.152N;069-27-15.520W;-2.13
737;47-59-17.520N;069-29-59.640W;20.63
738;47-59-17.520N;069-29-59.280W;20.32
739;47-59-17.520N;069-29-58.920W;19.97
740;47-59-17.520N;069-29-58.560W;19.52
741;47-59-17.520N;069-29-58.200W;19.25
742;47-59-17.520N;069-29-57.840W;19.22
743;47-59-17.520N;069-29-57.480W;18.94
744;47-59-17.520N;069-29-57.120W;18.58
745;47-59-17.520N;069-29-56.760W;18.41
746;47-59-17.520N;069-29-56.400W;18.18
747;47-59-17.520N;069-29-56.040W;17.86
748;47-59-17.520N;069-29-55.680W;17.57
749;47-59-17.520N;069-29-55.320W;17.13
750;47-59-17.520N;069-29-54.960W;16.33
751;47-59-17.520N;069-29-54.600W;14.9
752;47-59-17.520N;069-29-54.240W;13.48
753;47-59-17.520N;069-29-53.880W;12.02
754;47-59-17.520N;069-29-53.520W;11.07
755;47-59-17.520N;069-29-53.160W;10.02
756;47-59-17.520N;069-29-52.800W;9.89
757;47-59-17.520N;069-29-52.440W;9.92
758;47-59-17.480N;069-29-51.676W;6.4
759;47-59-17.683N;069-29-09.523W;-0.3
760;47-59-17.591N;069-28-43.480W;-0.91
761;47-59-17.380N;069-28-22.281W;-1.22
762;47-59-17.649N;069-28-14.053W;-1.22
763;47-59-17.880N;069-29-59.640W;21.05
764;47-59-17.880N;069-29-59.280W;20.74
765;47-59-17.880N;069-29-58.920W;20.41
766;47-59-17.880N;069-29-58.560W;20.12
767;47-59-17.880N;069-29-58.200W;19.85
768;47-59-17.880N;069-29-57.840W;19.26
769;47-59-17.880N;069-29-57.480W;19.29
770;47-59-17.880N;069-29-57.120W;19.17
771;47-59-17.880N;069-29-56.760W;18.7
772;47-59-17.880N;069-29-56.400W;18.54
773;47-59-17.880N;069-29-56.040W;18.31
774;47-59-17.880N;069-29-55.680W;18.0
775;47-59-17.880N;069-29-55.320W;17.67
776;47-59-17.880N;069-29-54.960W;17.23
777;47-59-17.880N;069-29-54.600W;16.31
778;47-59-17.880N;069-29-54.240W;15.04
779;47-59-17.880N;069-29-53.880W;13.5
780;47-59-17.880N;069-29-53.520W;12.56
781;47-59-17.880N;069-29-53.160W;11.46
782;47-59-17.880N;069-29-52.800W;10.45
783;47-59-17.880N;069-29-52.440W;10.01
784;47-59-17.880N;069-29-52.080W;9.96
785;47-59-18.015N;069-29-41.504W;-1.22
786;47-59-18.011N;069-28-04.659W;-1.22
787;47-59-18.240N;069-29-59.640W;21.35
788;47-59-18.240N;069-29-59.280W;21.06
789;47-59-18.240N;069-29-58.920W;20.85
790;47-59-18.240N;069-29-58.560W;20.54
791;47-59-18.240N;069-29-58.200W;20.26
792;47-59-18.240N;069-29-57.840W;20.12
793;47-59-18.240N;069-29-57.480W;19.51
794;47-59-18.240N;069-29-57.120W;19.18
795;47-59-18.240N;069-29-56.760W;19.15
796;47-59-18.240N;069-29-56.400W;18.95
797;47-59-18.240N;069-29-56.040W;18.6
798;47-59-18.240N;069-29-55.680W;18.38
799;47-59-18.240N;069-29-55.320W;18.04
800;47-59-18.240N;069-29-54.960W;17.8
801;47-59-18.240N;069-29-54.600W;17.39
802;47-59-18.240N;069-29-54.240W;16.7
803;47-59-18.240N;069-29-53.880W;15.6
804;47-59-18.240N;069-29-53.520W;13.87
805;47-59-18.240N;069-29-53.160W;13.03
806;47-59-18.240N;069-29-52.800W;11.85
807;47-59-18.240N;069-29-52.440W;10.91
808;47-59-18.240N;069-29-52.080W;10.12
809;47-59-18.240N;069-29-51.720W;10.02
810;47-59-18.240N;069-29-51.360W;10.08
811;47-59-18.068N;069-28-56.572W;-1.22
812;47-59-18.600N;069-29-59.640W;21.66
813;47-59-18.600N;069-29-59.280W;21.44
814;47-59-18.600N;069-29-58.920W;21.16
815;47-59-18.600N;069-29-58.560W;20.95
816;47-59-18.600N;069-29-58.200W;20.64
817;47-59-18.600N;069-29-57.840W;20.37
818;47-59-18.600N;069-29-57.480W;20.16
819;47-59-18.600N;069-29-57.120W;19.87
820;47-59-18.600N;069-29-56.760W;19.3
821;47-59-18.600N;069-29-56.400W;19.26
822;47-59-18.600N;069-29-56.040W;19.09
823;47-59-18.600N;069-29-55.680W;18.68
824;47-59-18.600N;069-29-55.320W;18.47
825;47-59-18.600N;069-29-54.960W;18.26
826;47-59-18.600N;069-29-54.600W;18.0
827;47-59-18.600N;069-29-54.240W;17.52
828;47-59-18.600N;069-29-53.880W;17.04
829;47-59-18.600N;069-29-53.520W;15.83
830;47-59-18.600N;069-29-53.160W;14.76
831;47-59-18.600N;069-29-52.800W;13.27
832;47-59-18.600N;069-29-52.440W;12.22
833;47-59-18.600N;069-29-52.080W;11.21
834;47-59-18.600N;069-29-51.720W;10.51
835;47-59-18.600N;069-29-51.360W;10.08
836;47-59-18.600N;069-29-51.000W;10.02
837;47-59-18.716N;069-29-14.269W;-1.52
838;47-59-18.633N;069-28-36.065W;-0.91
839;47-59-18.547N;069-27-49.559W;-1.22
840;47-59-18.460N;069-27-40.223W;7.62
841;47-59-18.455N;069-27-31.380W;-0.61
842;47-59-18.960N;069-29-59.640W;21.89
843;47-59-18.960N;069-29-59.280W;21.76
844;47-59-18.960N;069-29-58.920W;21.51
845;47-59-18.960N;069-29-58.560W;21.28
846;47-59-18.960N;069-29-58.200W;21.02
847;47-59-18.960N;069-29-57.840W;20.78
848;47-59-18.960N;069-29-57.480W;20.53
849;47-59-18.960N;069-29-57.120W;20.22
850;47-59-18.960N;069-29-56.760W;20.0
851;47-59-18.960N;069-29-56.400W;19.45
852;47-59-18.960N;069-29-56.040W;19.29
853;47-59-18.960N;069-29-55.680W;19.28
854;47-59-18.960N;069-29-55.320W;18.94
855;47-59-18.960N;069-29-54.960W;18.74
856;47-59-18.960N;069-29-54.600W;18.56
857;47-59-18.960N;069-29-54.240W;18.1
858;47-59-18.960N;069-29-53.880W;17.68
859;47-59-18.960N;069-29-53.520W;17.0
860;47-59-18.960N;069-29-53.160W;16.21
861;47-59-18.960N;069-29-52.800W;14.91
862;47-59-18.960N;069-29-52.440W;13.73
863;47-59-18.960N;069-29-52.080W;12.69
864;47-59-18.960N;069-29-51.720W;11.57
865;47-59-18.960N;069-29-51.360W;10.79
866;47-59-18.960N;069-29-51.000W;10.15
867;47-59-18.960N;069-29-50.640W;10.03
868;47-59-18.960N;069-29-50.280W;10.07
869;47-59-19.320N;069-29-59.640W;22.21
870;47-59-19.320N;069-29-59.280W;22.06
871;47-59-19.320N;069-29-58.920W;21.85
872;47-59-19.320N;069-29-58.560W;21.55
873;47-59-19.320N;069-29-58.200W;21.38
874;47-59-19.320N;069-29-57.840W;21.13
875;47-59-19.320N;069-29-57.480W;20.92
876;47-59-19.320N;069-29-57.120W;20.61
877;47-59-19.320N;069-29-56.760W;20.38
878;47-59-19.320N;069-29-56.400W;20.14
879;47-59-19.320N;069-29-56.040W;19.76
880;47-59-19.320N;069-29-55.680W;19.36
881;47-59-19.320N;069-29-55.320W;19.21
882;47-59-19.320N;069-29-54.960W;19.1
883;47-59-19.320N;069-29-54.600W;18.83
884;47-59-19.320N;069-29-54.240W;18.59
885;47-59-19.320N;069-29-53.880W;18.26
886;47-59-19.320N;069-29-53.520W;17.76
887;47-59-19.320N;069-29-53.160W;17.18
888;47-59-19.320N;069-29-52.800W;16.35
889;47-59-19.320N;069-29-52.440W;15.12
890;47-59-19.320N;069-29-52.080W;13.97
891;47-59-19.320N;069-29-51.720W;12.86
892;47-59-19.320N;069-29-51.360W;11.95
893;47-59-19.320N;069-29-51.000W;11.03
894;47-59-19.320N;069-29-50.640W;10.32
895;47-59-19.320N;069-29-50.280W;10.0
896;47-59-19.320N;069-29-49.920W;10.0
897;47-59-19.229N;069-29-17.103W;-1.52
898;47-59-19.273N;069-28-49.284W;-0.91
899;47-59-19.429N;069-28-28.399W;-1.22
900;47-59-19.221N;069-27-57.493W;-1.52
901;47-59-19.300N;069-27-19.116W;-1.52
902;47-59-19.680N;069-29-59.640W;22.42
903;47-59-19.680N;069-29-59.280W;22.28
904;47-59-19.680N;069-29-58.920W;22.05
905;47-59-19.680N;069-29-58.560W;21.91
906;47-59-19.680N;069-29-58.200W;21.65
907;47-59-19.680N;069-29-57.840W;21.41
908;47-59-19.680N;069-29-57.480W;21.17
909;47-59-19.680N;069-29-57.120W;20.96
910;47-59-19.680N;069-29-56.760W;20.72
911;47-59-19.680N;069-29-56.400W;20.44
912;47-59-19.680N;069-29-56.040W;20.29
913;47-59-19.680N;069-29-55.680W;20.0
914;47-59-19.680N;069-29-55.320W;19.59
915;47-59-19.680N;069-29-54.960W;19.22
916;47-59-19.680N;069-29-54.600W;19.21
917;47-59-19.680N;069-29-54.240W;18.85
918;47-59-19.680N;069-29-53.880W;18.65
919;47-59-19.680N;069-29-53.520W;18.32
920;47-59-19.680N;069-29-53.160W;17.86
921;47-59-19.680N;069-29-52.800W;17.27
922;47-59-19.680N;069-29-52.440W;16.52
923;47-59-19.680N;069-29-52.080W;15.34
924;47-59-19.680N;069-29-51.720W;13.96
925;47-59-19.680N;069-29-51.360W;13.07
926;47-59-19.680N;069-29-51.000W;12.07
927;47-59-19.680N;069-29-50.640W;11.24
928;47-59-19.680N;069-29-50.280W;10.57
929;47-59-19.680N;069-29-49.920W;10.0
930;47-59-19.680N;069-29-49.560W;10.01
931;47-59-19.680N;069-29-49.200W;10.04
932;47-59-19.614N;069-29-04.154W;-0.61
933;47-59-19.647N;069-27-12.186W;-2.13
934;47-59-20.040N;069-29-59.640W;22.65
935;47-59-20.040N;069-29-59.280W;22.49
936;47-59-20.040N;069-29-58.920W;22.29
937;47-59-20.040N;069-29-58.560W;22.1
938;47-59-20.040N;069-29-58.200W;21.86
939;47-59-20.040N;069-29-57.840W;21.61
940;47-59-20.040N;069-29-57.480W;21.42
941;47-59-20.040N;069-29-57.120W;21.21
942;47-59-20.040N;069-29-56.760W;21.08
943;47-59-20.040N;069-29-56.400W;20.94
944;47-59-20.040N;069-29-56.040W;20.69
945;47-59-20.040N;069-29-55.680W;20.39
946;47-59-20.040N;069-29-55.320W;20.17
947;47-59-20.040N;069-29-54.960W;19.85
948;47-59-20.040N;069-29-54.600W;19.36
949;47-59-20.040N;069-29-54.240W;19.17
950;47-59-20.040N;069-29-53.880W;18.96
951;47-59-20.040N;069-29-53.520W;18.69
952;47-59-20.040N;069-29-53.160W;18.38
953;47-59-20.040N;069-29-52.800W;18.06
954;47-59-20.040N;069-29-52.440W;17.36
955;47-59-20.040N;069-29-52.080W;16.67
956;47-59-20.040N;069-29-51.720W;15.7
957;47-59-20.040N;069-29-51.360W;14.42
958;47-59-20.040N;069-29-51.000W;13.37
959;47-59-20.040N;069-29-50.640W;12.45
960;47-59-20.040N;069-29-50.280W;11.62
961;47-59-20.040N;069-29-49.920W;10.79
962;47-59-20.040N;069-29-49.560W;10.17
963;47-59-20.040N;069-29-49.200W;9.96
964;47-59-20.040N;069-29-48.840W;10.01
965;47-59-20.107N;069-28-20.362W;-1.22
966;47-59-19.920N;069-27-28.274W;-0.3
967;47-59-19.907N;069-27-05.807W;-2.74
968;47-59-20.400N;069-29-59.640W;22.9
969;47-59-20.400N;069-29-59.280W;22.7
970;47-59-20.400N;069-29-58.920W;22.52
971;47-59-20.400N;069-29-58.560W;22.32
972;47-59-20.400N;069-29-58.200W;22.14
973;47-59-20.400N;069-29-57.840W;21.87
974;47-59-20.400N;069-29-57.480W;21.69
975;47-59-20.400N;069-29-57.120W;21.45
976;47-59-20.400N;069-29-56.760W;21.36
977;47-59-20.400N;069-29-56.400W;21.24
978;47-59-20.400N;069-29-56.040W;20.99
979;47-59-20.400N;069-29-55.680W;20.83
980;47-59-20.400N;069-29-55.320W;20.45
981;47-59-20.400N;069-29-54.960W;20.3
982;47-59-20.400N;069-29-54.600W;19.92
983;47-59-20.400N;069-29-54.240W;19.44
984;47-59-20.400N;069-29-53.880W;19.06
985;47-59-20.400N;069-29-53.520W;19.01
986;47-59-20.400N;069-29-53.160W;18.78
987;47-59-20.400N;069-29-52.800W;18.53
988;47-59-20.400N;069-29-52.440W;18.2
989;47-59-20.400N;069-29-52.080W;17.56
990;47-59-20.400N;069-29-51.720W;16.88
991;47-59-20.400N;069-29-51.360W;15.81
992;47-59-20.400N;069-29-51.000W;14.75
993;47-59-20.400N;069-29-50.640W;13.65
994;47-59-20.400N;069-29-50.280W;12.76
995;47-59-20.400N;069-29-49.920W;11.79
996;47-59-20.400N;069-29-49.560W;11.06
997;47-59-20.400N;069-29-49.200W;10.35
998;47-59-20.400N;069-29-48.840W;10.05
999;47-59-20.400N;069-29-48.480W;10.06
1000;47-59-20.400N;069-29-48.120W;10.14
1001;47-59-20.538N;069-28-12.505W;-1.22
1002;47-59-20.531N;069-28-03.044W;-1.52
1003;47-59-20.760N;069-29-59.640W;23.08
1004;47-59-20.760N;069-29-59.280W;22.78
1005;47-59-20.760N;069-29-58.920W;22.66
1006;47-59-20.760N;069-29-58.560W;22.62
1007;47-59-20.760N;069-29-58.200W;22.38
1008;47-59-20.760N;069-29-57.840W;22.09
1009;47-59-20.760N;069-29-57.480W;21.99
1010;47-59-20.760N;069-29-57.120W;21.73
1011;47-59-20.760N;069-29-56.760W;21.58
1012;47-59-20.760N;069-29-56.400W;21.53
1013;47-59-20.760N;069-29-56.040W;21.33
1014;47-59-20.760N;069-29-55.680W;21.14
1015;47-59-20.760N;069-29-55.320W;20.89
1016;47-59-20.760N;069-29-54.960W;20.6
1017;47-59-20.760N;069-29-54.600W;20.29
1018;47-59-20.760N;069-29-54.240W;20.04
1019;47-59-20.760N;069-29-53.880W;19.77
1020;47-59-20.760N;069-29-53.520W;19.34
1021;47-59-20.760N;069-29-53.160W;18.98
1022;47-59-20.760N;069-29-52.800W;18.64
1023;47-59-20.760N;069-29-52.440W;18.49
1024;47-59-20.760N;069-29-52.080W;18.27
1025;47-59-20.760N;069-29-51.720W;17.75
1026;47-59-20.760N;069-29-51.360W;16.97
1027;47-59-20.760N;069-29-51.000W;16.06
1028;47-59-20.760N;069-29-50.640W;14.89
1029;47-59-20.760N;069-29-50.280W;13.92
1030;47-59-20.760N;069-29-49.920W;13.12
1031;47-59-20.760N;069-29-49.560W;12.21
1032;47-59-20.760N;069-29-49.200W;11.26
1033;47-59-20.760N;069-29-48.840W;10.6
1034;47-59-20.760N;069-29-48.480W;10.17
1035;47-59-20.760N;069-29-48.120W;10.07
1036;47-59-20.760N;069-29-47.760W;10.11
1037;47-59-20.872N;069-28-55.271W;-0.91
1038;47-59-20.771N;069-28-41.386W;-0.91
1039;47-59-21.120N;069-29-59.640W;23.79
1040;47-59-21.120N;069-29-59.280W;23.51
1041;47-59-21.120N;069-29-58.920W;22.95
1042;47-59-21.120N;069-29-58.560W;22.82
1043;47-59-21.120N;069-29-58.200W;22.57
1044;47-59-21.120N;069-29-57.840W;22.47
1045;47-59-21.120N;069-29-57.480W;22.24
1046;47-59-21.120N;069-29-57.120W;22.08
1047;47-59-21.120N;069-29-56.760W;21.91
1048;47-59-21.120N;069-29-56.400W;21.8
1049;47-59-21.120N;069-29-56.040W;21.64
1050;47-59-21.120N;069-29-55.680W;21.48
1051;47-59-21.120N;069-29-55.320W;21.31
1052;47-59-21.120N;069-29-54.960W;20.97
1053;47-59-21.120N;069-29-54.600W;20.76
1054;47-59-21.120N;069-29-54.240W;20.45
1055;47-59-21.120N;069-29-53.880W;20.21
1056;47-59-21.120N;069-29-53.520W;19.85
1057;47-59-21.120N;069-29-53.160W;19.53
1058;47-59-21.120N;069-29-52.800W;19.07
1059;47-59-21.120N;069-29-52.440W;18.48
1060;47-59-21.120N;069-29-52.080W;18.31
1061;47-59-21.120N;069-29-51.720W;18.23
1062;47-59-21.120N;069-29-51.360W;18.0
1063;47-59-21.120N;069-29-51.000W;17.24
1064;47-59-21.120N;069-29-50.640W;16.36
1065;47-59-21.120N;069-29-50.280W;15.24
1066;47-59-21.120N;069-29-49.920W;14.24
1067;47-59-21.120N;069-29-49.560W;13.18
1068;47-59-21.120N;069-29-49.200W;12.32
1069;47-59-21.120N;069-29-48.840W;11.38
1070;47-59-21.120N;069-29-48.480W;10.84
1071;47-59-21.120N;069-29-48.120W;10.29
1072;47-59-21.120N;069-29-47.760W;10.15
1073;47-59-21.120N;069-29-47.400W;10.17
1074;47-59-21.289N;069-29-37.945W;-1.52
1075;47-59-21.008N;069-29-09.951W;-1.52
1076;47-59-21.203N;069-27-46.533W;-1.22
1077;47-59-21.110N;069-27-37.628W;5.49
1078;47-59-21.480N;069-29-59.640W;23.96
1079;47-59-21.480N;069-29-59.280W;23.77
1080;47-59-21.480N;069-29-58.920W;23.64
1081;47-59-21.480N;069-29-58.560W;23.08
1082;47-59-21.480N;069-29-58.200W;22.81
1083;47-59-21.480N;069-29-57.840W;22.7
1084;47-59-21.480N;069-29-57.480W;22.61
1085;47-59-21.480N;069-29-57.120W;22.35
1086;47-59-21.480N;069-29-56.760W;22.16
1087;47-59-21.480N;069-29-56.400W;21.97
1088;47-59-21.480N;069-29-56.040W;21.8
1089;47-59-21.480N;069-29-55.680W;21.71
1090;47-59-21.480N;069-29-55.320W;21.58
1091;47-59-21.480N;069-29-54.960W;21.3
1092;47-59-21.480N;069-29-54.600W;21.13
1093;47-59-21.480N;069-29-54.240W;20.87
1094;47-59-21.480N;069-29-53.880W;20.62
1095;47-59-21.480N;069-29-53.520W;20.3
1096;47-59-21.480N;069-29-53.160W;19.96
1097;47-59-21.480N;069-29-52.800W;19.67
1098;47-59-21.480N;069-29-52.440W;19.22
1099;47-59-21.480N;069-29-52.080W;18.82
1100;47-59-21.480N;069-29-51.720W;18.34
1101;47-59-21.480N;069-29-51.360W;18.21
1102;47-59-21.480N;069-29-51.000W;18.21
1103;47-59-21.480N;069-29-50.640W;17.7
1104;47-59-21.480N;069-29-50.280W;16.71
1105;47-59-21.480N;069-29-49.920W;15.54
1106;47-59-21.480N;069-29-49.560W;14.4
1107;47-59-21.480N;069-29-49.200W;13.38
1108;47-59-21.480N;069-29-48.840W;12.26
1109;47-59-21.480N;069-29-48.480W;11.56
1110;47-59-21.480N;069-29-48.120W;10.99
1111;47-59-21.480N;069-29-47.760W;10.65
1112;47-59-21.480N;069-29-47.400W;10.26
1113;47-59-21.480N;069-29-47.040W;10.18
1114;47-59-21.480N;069-29-46.680W;10.15
1115;47-59-21.485N;069-28-33.842W;-1.22
1116;47-59-21.415N;069-27-55.565W;-1.22
1117;47-59-21.840N;069-29-59.640W;24.38
1118;47-59-21.840N;069-29-59.280W;24.05
1119;47-59-21.840N;069-29-58.920W;24.02
1120;47-59-21.840N;069-29-58.560W;23.84
1121;47-59-21.840N;069-29-58.200W;23.59
1122;47-59-21.840N;069-29-57.840W;22.95
1123;47-59-21.840N;069-29-57.480W;22.9
1124;47-59-21.840N;069-29-57.120W;22.62
1125;47-59-21.840N;069-29-56.760W;22.49
1126;47-59-21.840N;069-29-56.400W;22.17
1127;47-59-21.840N;069-29-56.040W;22.11
1128;47-59-21.840N;069-29-55.680W;21.97
1129;47-59-21.840N;069-29-55.320W;21.84
1130;47-59-21.840N;069-29-54.960W;21.67
1131;47-59-21.840N;069-29-54.600W;21.45
1132;47-59-21.840N;069-29-54.240W;21.27
1133;47-59-21.840N;069-29-53.880W;20.97
1134;47-59-21.840N;069-29-53.520W;20.72
1135;47-59-21.840N;069-29-53.160W;20.34
1136;47-59-21.840N;069-29-52.800W;20.11
1137;47-59-21.840N;069-29-52.440W;19.76
1138;47-59-21.840N;069-29-52.080W;19.49
1139;47-59-21.840N;069-29-51.720W;18.86
1140;47-59-21.840N;069-29-51.360W;18.46
1141;47-59-21.840N;069-29-51.000W;18.27
1142;47-59-21.840N;069-29-50.640W;18.27
1143;47-59-21.840N;069-29-50.280W;17.77
1144;47-59-21.840N;069-29-49.920W;16.95
1145;47-59-21.840N;069-29-49.560W;15.78
1146;47-59-21.840N;069-29-49.200W;14.64
1147;47-59-21.840N;069-29-48.840W;13.66
1148;47-59-21.840N;069-29-48.480W;12.34
1149;47-59-21.840N;069-29-48.120W;11.77
1150;47-59-21.840N;069-29-47.760W;11.29
1151;47-59-21.840N;069-29-47.400W;10.84
1152;47-59-21.840N;069-29-47.040W;10.32
1153;47-59-21.840N;069-29-46.680W;10.17
1154;47-59-21.840N;069-29-46.320W;10.18
1155;47-59-21.840N;069-29-45.960W;10.37
1156;47-59-21.773N;069-29-44.517W;6.71
1157;47-59-21.845N;069-27-24.377W;-0.91
1158;47-59-21.834N;069-27-16.028W;-1.52
1159;47-59-22.200N;069-29-59.640W;24.81
1160;47-59-22.200N;069-29-59.280W;24.74
1161;47-59-22.200N;069-29-58.920W;24.59
1162;47-59-22.200N;069-29-58.560W;24.35
1163;47-59-22.200N;069-29-58.200W;24.03
1164;47-59-22.200N;069-29-57.840W;23.74
1165;47-59-22.200N;069-29-57.480W;23.18
1166;47-59-22.200N;069-29-57.120W;22.82
1167;47-59-22.200N;069-29-56.760W;22.72
1168;47-59-22.200N;069-29-56.400W;22.57
1169;47-59-22.200N;069-29-56.040W;22.24
1170;47-59-22.200N;069-29-55.680W;22.16
1171;47-59-22.200N;069-29-55.320W;22.16
1172;47-59-22.200N;069-29-54.960W;21.98
1173;47-59-22.200N;069-29-54.600W;21.72
1174;47-59-22.200N;069-29-54.240W;21.53
1175;47-59-22.200N;069-29-53.880W;21.36
1176;47-59-22.200N;069-29-53.520W;21.1
1177;47-59-22.200N;069-29-53.160W;20.75
1178;47-59-22.200N;069-29-52.800W;20.46
1179;47-59-22.200N;069-29-52.440W;20.14
1180;47-59-22.200N;069-29-52.080W;19.88
1181;47-59-22.200N;069-29-51.720W;19.62
1182;47-59-22.200N;069-29-51.360W;19.08
1183;47-59-22.200N;069-29-51.000W;18.79
1184;47-59-22.200N;069-29-50.640W;18.36
1185;47-59-22.200N;069-29-50.280W;18.12
1186;47-59-22.200N;069-29-49.920W;18.06
1187;47-59-22.200N;069-29-49.560W;17.27
1188;47-59-22.200N;069-29-49.200W;16.11
1189;47-59-22.200N;069-29-48.840W;14.96
1190;47-59-22.200N;069-29-48.480W;13.76
1191;47-59-22.200N;069-29-48.120W;13.08
1192;47-59-22.200N;069-29-47.760W;12.23
1193;47-59-22.200N;069-29-47.400W;11.59
1194;47-59-22.200N;069-29-47.040W;11.02
1195;47-59-22.200N;069-29-46.680W;10.68
1196;47-59-22.200N;069-29-46.320W;10.38
1197;47-59-22.200N;069-29-45.960W;10.29
1198;47-59-22.200N;069-29-45.600W;10.28
1199;47-59-22.191N;069-29-00.270W;-0.61
1200;47-59-22.084N;069-28-47.061W;-0.91
1201;47-59-22.157N;069-28-26.419W;-1.22
1202;47-59-22.560N;069-29-59.640W;25.17
1203;47-59-22.560N;069-29-59.280W;24.96
1204;47-59-22.560N;069-29-58.920W;24.88
1205;47-59-22.560N;069-29-58.560W;24.68
1206;47-59-22.560N;069-29-58.200W;24.53
1207;47-59-22.560N;069-29-57.840W;24.05
1208;47-59-22.560N;069-29-57.480W;23.82
1209;47-59-22.560N;069-29-57.120W;23.52
1210;47-59-22.560N;069-29-56.760W;23.26
1211;47-59-22.560N;069-29-56.400W;23.02
1212;47-59-22.560N;069-29-56.040W;22.75
1213;47-59-22.560N;069-29-55.680W;22.68
1214;47-59-22.560N;069-29-55.320W;22.53
1215;47-59-22.560N;069-29-54.960W;22.24
1216;47-59-22.560N;069-29-54.600W;21.99
1217;47-59-22.560N;069-29-54.240W;21.81
1218;47-59-22.560N;069-29-53.880W;21.55
1219;47-59-22.560N;069-29-53.520W;21.37
1220;47-59-22.560N;069-29-53.160W;21.09
1221;47-59-22.560N;069-29-52.800W;20.87
1222;47-59-22.560N;069-29-52.440W;20.58
1223;47-59-22.560N;069-29-52.080W;20.32
1224;47-59-22.560N;069-29-51.720W;20.1
1225;47-59-22.560N;069-29-51.360W;19.82
1226;47-59-22.560N;069-29-51.000W;19.29
1227;47-59-22.560N;069-29-50.640W;18.83
1228;47-59-22.560N;069-29-50.280W;18.36
1229;47-59-22.560N;069-29-49.920W;18.25
1230;47-59-22.560N;069-29-49.560W;18.13
1231;47-59-22.560N;069-29-49.200W;17.39
1232;47-59-22.560N;069-29-48.840W;16.25
1233;47-59-22.560N;069-29-48.480W;15.4
1234;47-59-22.560N;069-29-48.120W;14.43
1235;47-59-22.560N;069-29-47.760W;13.37
1236;47-59-22.560N;069-29-47.400W;12.44
1237;47-59-22.560N;069-29-47.040W;11.63
1238;47-59-22.560N;069-29-46.680W;11.25
1239;47-59-22.560N;069-29-46.320W;10.92
1240;47-59-22.560N;069-29-45.960W;10.52
1241;47-59-22.560N;069-29-45.600W;10.29
1242;47-59-22.560N;069-29-45.240W;10.42
1243;47-59-22.560N;069-29-44.880W;10.59
1244;47-59-22.588N;069-28-18.501W;-1.22
1245;47-59-22.480N;069-27-03.027W;-2.74
1246;47-59-22.920N;069-29-59.640W;25.31
1247;47-59-22.920N;069-29-59.280W;25.12
1248;47-59-22.920N;069-29-58.920W;25.05
1249;47-59-22.920N;069-29-58.560W;24.82
1250;47-59-22.920N;069-29-58.200W;24.6
1251;47-59-22.920N;069-29-57.840W;24.28
1252;47-59-22.920N;069-29-57.480W;24.12
1253;47-59-22.920N;069-29-57.120W;23.8
1254;47-59-22.920N;069-29-56.760W;23.63
1255;47-59-22.920N;069-29-56.400W;23.35
1256;47-59-22.920N;069-29-56.040W;23.18
1257;47-59-22.920N;069-29-55.680W;22.78
1258;47-59-22.920N;069-29-55.320W;22.56
1259;47-59-22.920N;069-29-54.960W;22.41
1260;47-59-22.920N;069-29-54.600W;22.22
1261;47-59-22.920N;069-29-54.240W;22.04
1262;47-59-22.920N;069-29-53.880W;21.82
1263;47-59-22.920N;069-29-53.520W;21.66
1264;47-59-22.920N;069-29-53.160W;21.43
1265;47-59-22.920N;069-29-52.800W;21.17
1266;47-59-22.920N;069-29-52.440W;20.98
1267;47-59-22.920N;069-29-52.080W;20.8
1268;47-59-22.920N;069-29-51.720W;20.51
1269;47-59-22.920N;069-29-51.360W;20.2
1270;47-59-22.920N;069-29-51.000W;19.86
1271;47-59-22.920N;069-29-50.640W;19.63
1272;47-59-22.920N;069-29-50.280W;19.05
1273;47-59-22.920N;069-29-49.920W;18.59
1274;47-59-22.920N;069-29-49.560W;17.99
1275;47-59-22.920N;069-29-49.200W;18.01
1276;47-59-22.920N;069-29-48.840W;17.72
1277;47-59-22.920N;069-29-48.480W;17.11
1278;47-59-22.920N;069-29-48.120W;16.06
1279;47-59-22.920N;069-29-47.760W;14.87
1280;47-59-22.920N;069-29-47.400W;13.52
1281;47-59-22.920N;069-29-47.040W;12.68
1282;47-59-22.920N;069-29-46.680W;11.63
1283;47-59-22.920N;069-29-46.320W;11.45
1284;47-59-22.920N;069-29-45.960W;11.09
1285;47-59-22.920N;069-29-45.600W;10.88
1286;47-59-22.920N;069-29-45.240W;10.62
1287;47-59-22.920N;069-29-44.880W;10.6
1288;47-59-22.920N;069-29-44.520W;10.62
1289;47-59-23.280N;069-29-59.640W;25.36
1290;47-59-23.280N;069-29-59.280W;25.26
1291;47-59-23.280N;069-29-58.920W;25.22
1292;47-59-23.280N;069-29-58.560W;25.01
1293;47-59-23.280N;069-29-58.200W;24.85
1294;47-59-23.280N;069-29-57.840W;24.56
1295;47-59-23.280N;069-29-57.480W;24.45
1296;47-59-23.280N;069-29-57.120W;24.06
1297;47-59-23.280N;069-29-56.760W;23.88
1298;47-59-23.280N;069-29-56.400W;23.57
1299;47-59-23.280N;069-29-56.040W;23.43
1300;47-59-23.280N;069-29-55.680W;23.12
1301;47-59-23.280N;069-29-55.320W;22.91
1302;47-59-23.280N;069-29-54.960W;22.53
1303;47-59-23.280N;069-29-54.600W;22.35
1304;47-59-23.280N;069-29-54.240W;22.19
1305;47-59-23.280N;069-29-53.880W;22.01
1306;47-59-23.280N;069-29-53.520W;21.8
1307;47-59-23.280N;069-29-53.160W;21.62
1308;47-59-23.280N;069-29-52.800W;21.48
1309;47-59-23.280N;069-29-52.440W;21.32
1310;47-59-23.280N;069-29-52.080W;21.05
1311;47-59-23.280N;069-29-51.720W;20.88
1312;47-59-23.280N;069-29-51.360W;20.63
1313;47-59-23.280N;069-29-51.000W;20.29
1314;47-59-23.280N;069-29-50.640W;19.93
1315;47-59-23.280N;069-29-50.280W;19.63
1316;47-59-23.280N;069-29-49.920W;19.19
1317;47-59-23.280N;069-29-49.560W;18.66
1318;47-59-23.280N;069-29-49.200W;18.24
1319;47-59-23.280N;069-29-48.840W;17.86
1320;47-59-23.280N;069-29-48.480W;17.89
1321;47-59-23.280N;069-29-48.120W;17.31
1322;47-59-23.280N;069-29-47.760W;16.36
1323;47-59-23.280N;069-29-47.400W;14.86
1324;47-59-23.280N;069-29-47.040W;13.8
1325;47-59-23.280N;069-29-46.680W;12.74
1326;47-59-23.280N;069-29-46.320W;12.2
1327;47-59-23.280N;069-29-45.960W;11.57
1328;47-59-23.280N;069-29-45.600W;11.45
1329;47-59-23.280N;069-29-45.240W;11.2
1330;47-59-23.280N;069-29-44.880W;11.02
1331;47-59-23.280N;069-29-44.520W;10.69
1332;47-59-23.280N;069-29-44.160W;10.71
1333;47-59-23.280N;069-29-43.800W;10.94
1334;47-59-23.640N;069-29-59.640W;25.41
1335;47-59-23.640N;069-29-59.280W;25.33
1336;47-59-23.640N;069-29-58.920W;25.28
1337;47-59-23.640N;069-29-58.560W;25.12
1338;47-59-23.640N;069-29-58.200W;25.0
1339;47-59-23.640N;069-29-57.840W;24.72
1340;47-59-23.640N;069-29-57.480W;24.63
1341;47-59-23.640N;069-29-57.120W;24.32
1342;47-59-23.640N;069-29-56.760W;24.11
1343;47-59-23.640N;069-29-56.400W;23.9
1344;47-59-23.640N;069-29-56.040W;23.65
1345;47-59-23.640N;069-29-55.680W;23.39
1346;47-59-23.640N;069-29-55.320W;23.18
1347;47-59-23.640N;069-29-54.960W;22.87
1348;47-59-23.640N;069-29-54.600W;22.6
1349;47-59-23.640N;069-29-54.240W;22.31
1350;47-59-23.640N;069-29-53.880W;22.15
1351;47-59-23.640N;069-29-53.520W;21.98
1352;47-59-23.640N;069-29-53.160W;21.84
1353;47-59-23.640N;069-29-52.800W;21.63
1354;47-59-23.640N;069-29-52.440W;21.47
1355;47-59-23.640N;069-29-52.080W;21.29
1356;47-59-23.640N;069-29-51.720W;21.13
1357;47-59-23.640N;069-29-51.360W;20.93
1358;47-59-23.640N;069-29-51.000W;20.64
1359;47-59-23.640N;069-29-50.640W;20.33
1360;47-59-23.640N;069-29-50.280W;20.0
1361;47-59-23.640N;069-29-49.920W;19.68
1362;47-59-23.640N;069-29-49.560W;19.43
1363;47-59-23.640N;069-29-49.200W;18.85
1364;47-59-23.640N;069-29-48.840W;18.4
1365;47-59-23.640N;069-29-48.480W;17.92
1366;47-59-23.640N;069-29-48.120W;17.65
1367;47-59-23.640N;069-29-47.760W;17.3
1368;47-59-23.640N;069-29-47.400W;16.28
1369;47-59-23.640N;069-29-47.040W;15.22
1370;47-59-23.640N;069-29-46.680W;14.06
1371;47-59-23.640N;069-29-46.320W;13.09
1372;47-59-23.640N;069-29-45.960W;12.54
1373;47-59-23.640N;069-29-45.600W;11.77
1374;47-59-23.640N;069-29-45.240W;11.63
1375;47-59-23.640N;069-29-44.880W;11.6
1376;47-59-23.640N;069-29-44.520W;11.46
1377;47-59-23.640N;069-29-44.160W;11.17
1378;47-59-23.640N;069-29-43.800W;10.96
1379;47-59-23.640N;069-29-43.440W;10.91
1380;47-59-23.640N;069-29-43.080W;11.06
1381;47-59-23.656N;069-29-34.736W;-1.83
1382;47-59-23.599N;069-29-04.349W;-1.52
1383;47-59-23.764N;069-28-53.296W;-0.61
1384;47-59-23.495N;069-28-39.837W;-1.22
1385;47-59-23.647N;069-27-33.987W;4.57
1386;47-59-24.000N;069-29-59.640W;25.5
1387;47-59-24.000N;069-29-59.280W;25.37
1388;47-59-24.000N;069-29-58.920W;25.28
1389;47-59-24.000N;069-29-58.560W;25.08
1390;47-59-24.000N;069-29-58.200W;25.02
1391;47-59-24.000N;069-29-57.840W;24.87
1392;47-59-24.000N;069-29-57.480W;24.77
1393;47-59-24.000N;069-29-57.120W;24.53
1394;47-59-24.000N;069-29-56.760W;24.39
1395;47-59-24.000N;069-29-56.400W;24.1
1396;47-59-24.000N;069-29-56.040W;23.82
1397;47-59-24.000N;069-29-55.680W;23.52
1398;47-59-24.000N;069-29-55.320W;23.34
1399;47-59-24.000N;069-29-54.960W;23.06
1400;47-59-24.000N;069-29-54.600W;22.82
1401;47-59-24.000N;069-29-54.240W;22.55
1402;47-59-24.000N;069-29-53.880W;22.22
1403;47-59-24.000N;069-29-53.520W;22.01
1404;47-59-24.000N;069-29-53.160W;21.92
1405;47-59-24.000N;069-29-52.800W;21.8
1406;47-59-24.000N;069-29-52.440W;21.65
1407;47-59-24.000N;069-29-52.080W;21.49
1408;47-59-24.000N;069-29-51.720W;21.31
1409;47-59-24.000N;069-29-51.360W;21.14
1410;47-59-24.000N;069-29-51.000W;20.91
1411;47-59-24.000N;069-29-50.640W;20.62
1412;47-59-24.000N;069-29-50.280W;20.49
1413;47-59-24.000N;069-29-49.920W;20.09
1414;47-59-24.000N;069-29-49.560W;19.77
1415;47-59-24.000N;069-29-49.200W;19.44
1416;47-59-24.000N;069-29-48.840W;18.97
1417;47-59-24.000N;069-29-48.480W;18.37
1418;47-59-24.000N;069-29-48.120W;17.97
1419;47-59-24.000N;069-29-47.760W;17.43
1420;47-59-24.000N;069-29-47.400W;17.22
1421;47-59-24.000N;069-29-47.040W;16.54
1422;47-59-24.000N;069-29-46.680W;15.78
1423;47-59-24.000N;069-29-46.320W;14.69
1424;47-59-24.000N;069-29-45.960W;13.87
1425;47-59-24.000N;069-29-45.600W;12.96
1426;47-59-24.000N;069-29-45.240W;12.51
1427;47-59-24.000N;069-29-44.880W;12.01
1428;47-59-24.000N;069-29-44.520W;11.83
1429;47-59-24.000N;069-29-44.160W;11.74
1430;47-59-24.000N;069-29-43.800W;11.62
1431;47-59-24.000N;069-29-43.440W;11.17
1432;47-59-24.000N;069-29-43.080W;11.17
1433;47-59-24.000N;069-29-42.720W;11.22
1434;47-59-24.000N;069-29-42.360W;11.33
1435;47-59-24.092N;069-28-31.492W;-1.22
1436;47-59-24.017N;069-28-09.187W;-1.52
1437;47-59-24.082N;069-28-01.078W;-1.52
1438;47-59-24.076N;069-27-51.926W;-1.52
1439;47-59-24.360N;069-29-59.640W;25.46
1440;47-59-24.360N;069-29-59.280W;25.38
1441;47-59-24.360N;069-29-58.920W;25.32
1442;47-59-24.360N;069-29-58.560W;25.15
1443;47-59-24.360N;069-29-58.200W;25.05
1444;47-59-24.360N;069-29-57.840W;24.85
1445;47-59-24.360N;069-29-57.480W;24.88
1446;47-59-24.360N;069-29-57.120W;24.65
1447;47-59-24.360N;069-29-56.760W;24.47
1448;47-59-24.360N;069-29-56.400W;24.21
1449;47-59-24.360N;069-29-56.040W;24.0
1450;47-59-24.360N;069-29-55.680W;23.78
1451;47-59-24.360N;069-29-55.320W;23.57
1452;47-59-24.360N;069-29-54.960W;23.33
1453;47-59-24.360N;069-29-54.600W;23.11
1454;47-59-24.360N;069-29-54.240W;22.82
1455;47-59-24.360N;069-29-53.880W;22.67
1456;47-59-24.360N;069-29-53.520W;22.27
1457;47-59-24.360N;069-29-53.160W;22.06
1458;47-59-24.360N;069-29-52.800W;21.92
1459;47-59-24.360N;069-29-52.440W;21.75
1460;47-59-24.360N;069-29-52.080W;21.6
1461;47-59-24.360N;069-29-51.720W;21.46
1462;47-59-24.360N;069-29-51.360W;21.23
1463;47-59-24.360N;069-29-51.000W;21.06
1464;47-59-24.360N;069-29-50.640W;20.9
1465;47-59-24.360N;069-29-50.280W;20.69
1466;47-59-24.360N;069-29-49.920W;20.44
1467;47-59-24.360N;069-29-49.560W;20.06
1468;47-59-24.360N;069-29-49.200W;19.79
1469;47-59-24.360N;069-29-48.840W;19.45
1470;47-59-24.360N;069-29-48.480W;19.01
1471;47-59-24.360N;069-29-48.120W;18.47
1472;47-59-24.360N;069-29-47.760W;17.91
1473;47-59-24.360N;069-29-47.400W;17.33
1474;47-59-24.360N;069-29-47.040W;17.26
1475;47-59-24.360N;069-29-46.680W;16.68
1476;47-59-24.360N;069-29-46.320W;15.98
1477;47-59-24.360N;069-29-45.960W;15.21
1478;47-59-24.360N;069-29-45.600W;14.23
1479;47-59-24.360N;069-29-45.240W;13.46
1480;47-59-24.360N;069-29-44.880W;12.82
1481;47-59-24.360N;069-29-44.520W;12.52
1482;47-59-24.360N;069-29-44.160W;12.08
1483;47-59-24.360N;069-29-43.800W;11.97
1484;47-59-24.360N;069-29-43.440W;11.93
1485;47-59-24.360N;069-29-43.080W;11.73
1486;47-59-24.360N;069-29-42.720W;11.37
1487;47-59-24.360N;069-29-42.360W;11.33
1488;47-59-24.360N;069-29-42.000W;11.44
1489;47-59-24.394N;069-27-43.578W;-1.52
1490;47-59-24.227N;069-27-28.348W;4.88
1491;47-59-24.495N;069-27-12.512W;-1.83
1492;47-59-24.720N;069-29-59.640W;25.47
1493;47-59-24.720N;069-29-59.280W;25.36
1494;47-59-24.720N;069-29-58.920W;25.34
1495;47-59-24.720N;069-29-58.560W;25.17
1496;47-59-24.720N;069-29-58.200W;24.95
1497;47-59-24.720N;069-29-57.840W;25.03
1498;47-59-24.720N;069-29-57.480W;24.96
1499;47-59-24.720N;069-29-57.120W;24.74
1500;47-59-24.720N;069-29-56.760W;24.61
1501;47-59-24.720N;069-29-56.400W;24.34
1502;47-59-24.720N;069-29-56.040W;24.27
1503;47-59-24.720N;069-29-55.680W;23.99
1504;47-59-24.720N;069-29-55.320W;23.85
1505;47-59-24.720N;069-29-54.960W;23.39
1506;47-59-24.720N;069-29-54.600W;23.21
1507;47-59-24.720N;069-29-54.240W;22.99
1508;47-59-24.720N;069-29-53.880W;22.84
1509;47-59-24.720N;069-29-53.520W;22.54
1510;47-59-24.720N;069-29-53.160W;22.37
1511;47-59-24.720N;069-29-52.800W;21.9
1512;47-59-24.720N;069-29-52.440W;21.77
1513;47-59-24.720N;069-29-52.080W;21.66
1514;47-59-24.720N;069-29-51.720W;21.48
1515;47-59-24.720N;069-29-51.360W;21.36
1516;47-59-24.720N;069-29-51.000W;21.24
1517;47-59-24.720N;069-29-50.640W;21.03
1518;47-59-24.720N;069-29-50.280W;20.9
1519;47-59-24.720N;069-29-49.920W;20.63
1520;47-59-24.720N;069-29-49.560W;20.39
1521;47-59-24.720N;069-29-49.200W;20.11
1522;47-59-24.720N;069-29-48.840W;19.75
1523;47-59-24.720N;069-29-48.480W;19.41
1524;47-59-24.720N;069-29-48.120W;18.99
1525;47-59-24.720N;069-29-47.760W;18.3
1526;47-59-24.720N;069-29-47.400W;17.89
1527;47-59-24.720N;069-29-47.040W;17.36
1528;47-59-24.720N;069-29-46.680W;17.15
1529;47-59-24.720N;069-29-46.320W;16.69
1530;47-59-24.720N;069-29-45.960W;16.17
1531;47-59-24.720N;069-29-45.600W;15.53
1532;47-59-24.720N;069-29-45.240W;14.72
1533;47-59-24.720N;069-29-44.880W;14.06
1534;47-59-24.720N;069-29-44.520W;13.42
1535;47-59-24.720N;069-29-44.160W;12.91
1536;47-59-24.720N;069-29-43.800W;12.54
1537;47-59-24.720N;069-29-43.440W;12.5
1538;47-59-24.720N;069-29-43.080W;12.34
1539;47-59-24.720N;069-29-42.720W;12.11
1540;47-59-24.720N;069-29-42.360W;11.69
1541;47-59-24.720N;069-29-42.000W;11.52
1542;47-59-24.720N;069-29-41.640W;11.52
1543;47-59-24.720N;069-29-41.280W;11.65
1544;47-59-24.803N;069-28-24.438W;-1.22
1545;47-59-24.547N;069-27-20.923W;-0.61
1546;47-59-25.080N;069-29-59.640W;25.4
1547;47-59-25.080N;069-29-59.280W;25.33
1548;47-59-25.080N;069-29-58.920W;25.29
1549;47-59-25.080N;069-29-58.560W;25.12
1550;47-59-25.080N;069-29-58.200W;25.07
1551;47-59-25.080N;069-29-57.840W;25.0
1552;47-59-25.080N;069-29-57.480W;24.98
1553;47-59-25.080N;069-29-57.120W;24.81
1554;47-59-25.080N;069-29-56.760W;24.63
1555;47-59-25.080N;069-29-56.400W;24.45
1556;47-59-25.080N;069-29-56.040W;24.37
1557;47-59-25.080N;069-29-55.680W;24.13
1558;47-59-25.080N;069-29-55.320W;23.86
1559;47-59-25.080N;069-29-54.960W;23.65
1560;47-59-25.080N;069-29-54.600W;23.48
1561;47-59-25.080N;069-29-54.240W;23.15
1562;47-59-25.080N;069-29-53.880W;22.9
1563;47-59-25.080N;069-29-53.520W;22.71
1564;47-59-25.080N;069-29-53.160W;22.56
1565;47-59-25.080N;069-29-52.800W;22.22
1566;47-59-25.080N;069-29-52.440W;21.78
1567;47-59-25.080N;069-29-52.080W;21.6
1568;47-59-25.080N;069-29-51.720W;21.49
1569;47-59-25.080N;069-29-51.360W;21.4
1570;47-59-25.080N;069-29-51.000W;21.26
1571;47-59-25.080N;069-29-50.640W;21.09
1572;47-59-25.080N;069-29-50.280W;20.96
1573;47-59-25.080N;069-29-49.920W;20.8
1574;47-59-25.080N;069-29-49.560W;20.59
1575;47-59-25.080N;069-29-49.200W;20.38
1576;47-59-25.080N;069-29-48.840W;20.08
1577;47-59-25.080N;069-29-48.480W;19.71
1578;47-59-25.080N;069-29-48.120W;19.38
1579;47-59-25.080N;069-29-47.760W;19.06
1580;47-59-25.080N;069-29-47.400W;18.63
1581;47-59-25.080N;069-29-47.040W;18.09
1582;47-59-25.080N;069-29-46.680W;17.42
1583;47-59-25.080N;069-29-46.320W;17.04
1584;47-59-25.080N;069-29-45.960W;16.79
1585;47-59-25.080N;069-29-45.600W;16.3
1586;47-59-25.080N;069-29-45.240W;15.68
1587;47-59-25.080N;069-29-44.880W;15.07
1588;47-59-25.080N;069-29-44.520W;14.36
1589;47-59-25.080N;069-29-44.160W;13.93
1590;47-59-25.080N;069-29-43.800W;13.47
1591;47-59-25.080N;069-29-43.440W;13.19
1592;47-59-25.080N;069-29-43.080W;12.92
1593;47-59-25.080N;069-29-42.720W;12.72
1594;47-59-25.080N;069-29-42.360W;12.45
1595;47-59-25.080N;069-29-42.000W;12.08
1596;47-59-25.080N;069-29-41.640W;11.95
1597;47-59-25.080N;069-29-41.280W;11.52
1598;47-59-25.080N;069-29-40.920W;11.53
1599;47-59-25.080N;069-29-40.560W;11.58
1600;47-59-25.249N;069-28-58.052W;-1.22
1601;47-59-25.440N;069-29-59.640W;25.47
1602;47-59-25.440N;069-29-59.280W;25.39
1603;47-59-25.440N;069-29-58.920W;25.29
1604;47-59-25.440N;069-29-58.560W;25.14
1605;47-59-25.440N;069-29-58.200W;25.08
1606;47-59-25.440N;069-29-57.840W;25.05
1607;47-59-25.440N;069-29-57.480W;25.01
1608;47-59-25.440N;069-29-57.120W;24.81
1609;47-59-25.440N;069-29-56.760W;24.71
1610;47-59-25.440N;069-29-56.400W;24.56
1611;47-59-25.440N;069-29-56.040W;24.44
1612;47-59-25.440N;069-29-55.680W;24.24
1613;47-59-25.440N;069-29-55.320W;24.0
1614;47-59-25.440N;069-29-54.960W;23.71
1615;47-59-25.440N;069-29-54.600W;23.6
1616;47-59-25.440N;069-29-54.240W;23.36
1617;47-59-25.440N;069-29-53.880W;23.16
1618;47-59-25.440N;069-29-53.520W;22.76
1619;47-59-25.440N;069-29-53.160W;22.61
1620;47-59-25.440N;069-29-52.800W;22.24
1621;47-59-25.440N;069-29-52.440W;22.13
1622;47-59-25.440N;069-29-52.080W;21.86
1623;47-59-25.440N;069-29-51.720W;21.45
1624;47-59-25.440N;069-29-51.360W;21.38
1625;47-59-25.440N;069-29-51.000W;21.21
1626;47-59-25.440N;069-29-50.640W;21.12
1627;47-59-25.440N;069-29-50.280W;20.97
1628;47-59-25.440N;069-29-49.920W;20.82
1629;47-59-25.440N;069-29-49.560W;20.67
1630;47-59-25.440N;069-29-49.200W;20.46
1631;47-59-25.440N;069-29-48.840W;20.26
1632;47-59-25.440N;069-29-48.480W;20.02
1633;47-59-25.440N;069-29-48.120W;19.73
1634;47-59-25.440N;069-29-47.760W;19.37
1635;47-59-25.440N;069-29-47.400W;18.99
1636;47-59-25.440N;069-29-47.040W;18.63
1637;47-59-25.440N;069-29-46.680W;18.07
1638;47-59-25.440N;069-29-46.320W;17.59
1639;47-59-25.440N;069-29-45.960W;16.93
1640;47-59-25.440N;069-29-45.600W;16.83
1641;47-59-25.440N;069-29-45.240W;16.34
1642;47-59-25.440N;069-29-44.880W;15.87
1643;47-59-25.440N;069-29-44.520W;15.31
1644;47-59-25.440N;069-29-44.160W;14.78
1645;47-59-25.440N;069-29-43.800W;14.32
1646;47-59-25.440N;069-29-43.440W;13.95
1647;47-59-25.440N;069-29-43.080W;13.59
1648;47-59-25.440N;069-29-42.720W;13.28
1649;47-59-25.440N;069-29-42.360W;13.06
1650;47-59-25.440N;069-29-42.000W;12.8
1651;47-59-25.440N;069-29-41.640W;12.45
1652;47-59-25.440N;069-29-41.280W;12.06
1653;47-59-25.440N;069-29-40.920W;11.6
1654;47-59-25.440N;069-29-40.560W;11.62
1655;47-59-25.440N;069-29-40.200W;11.72
1656;47-59-25.440N;069-29-39.840W;12.01
1657;47-59-25.345N;069-28-45.277W;-0.91
1658;47-59-25.800N;069-29-59.640W;25.68
1659;47-59-25.800N;069-29-59.280W;25.43
1660;47-59-25.800N;069-29-58.920W;25.4
1661;47-59-25.800N;069-29-58.560W;25.19
1662;47-59-25.800N;069-29-58.200W;25.08
1663;47-59-25.800N;069-29-57.840W;25.07
1664;47-59-25.800N;069-29-57.480W;25.03
1665;47-59-25.800N;069-29-57.120W;24.97
1666;47-59-25.800N;069-29-56.760W;24.72
1667;47-59-25.800N;069-29-56.400W;24.56
1668;47-59-25.800N;069-29-56.040W;24.48
1669;47-59-25.800N;069-29-55.680W;24.29
1670;47-59-25.800N;069-29-55.320W;24.19
1671;47-59-25.800N;069-29-54.960W;23.98
1672;47-59-25.800N;069-29-54.600W;23.73
1673;47-59-25.800N;069-29-54.240W;23.43
1674;47-59-25.800N;069-29-53.880W;23.29
1675;47-59-25.800N;069-29-53.520W;22.97
1676;47-59-25.800N;069-29-53.160W;22.83
1677;47-59-25.800N;069-29-52.800W;22.43
1678;47-59-25.800N;069-29-52.440W;22.24
1679;47-59-25.800N;069-29-52.080W;22.02
1680;47-59-25.800N;069-29-51.720W;21.83
1681;47-59-25.800N;069-29-51.360W;21.63
1682;47-59-25.800N;069-29-51.000W;21.19
1683;47-59-25.800N;069-29-50.640W;21.08
1684;47-59-25.800N;069-29-50.280W;20.96
1685;47-59-25.800N;069-29-49.920W;20.79
1686;47-59-25.800N;069-29-49.560W;20.69
1687;47-59-25.800N;069-29-49.200W;20.56
1688;47-59-25.800N;069-29-48.840W;20.36
1689;47-59-25.800N;069-29-48.480W;20.19
1690;47-59-25.800N;069-29-48.120W;19.98
1691;47-59-25.800N;069-29-47.760W;19.68
1692;47-59-25.800N;069-29-47.400W;19.4
1693;47-59-25.800N;069-29-47.040W;18.99
1694;47-59-25.800N;069-29-46.680W;18.61
1695;47-59-25.800N;069-29-46.320W;18.16
1696;47-59-25.800N;069-29-45.960W;17.58
1697;47-59-25.800N;069-29-45.600W;17.1
1698;47-59-25.800N;069-29-45.240W;16.77
1699;47-59-25.800N;069-29-44.880W;16.5
1700;47-59-25.800N;069-29-44.520W;16.02
1701;47-59-25.800N;069-29-44.160W;15.45
1702;47-59-25.800N;069-29-43.800W;15.04
1703;47-59-25.800N;069-29-43.440W;14.6
1704;47-59-25.800N;069-29-43.080W;14.26
1705;47-59-25.800N;069-29-42.720W;13.84
1706;47-59-25.800N;069-29-42.360W;13.62
1707;47-59-25.800N;069-29-42.000W;13.33
1708;47-59-25.800N;069-29-41.640W;13.09
1709;47-59-25.800N;069-29-41.280W;12.86
1710;47-59-25.800N;069-29-40.920W;12.53
1711;47-59-25.800N;069-29-40.560W;12.19
1712;47-59-25.800N;069-29-40.200W;11.87
1713;47-59-25.800N;069-29-39.840W;11.66
1714;47-59-25.800N;069-29-39.480W;11.67
1715;47-59-26.160N;069-29-59.640W;25.6
1716;47-59-26.160N;069-29-59.280W;25.6
1717;47-59-26.160N;069-29-58.920W;25.49
1718;47-59-26.160N;069-29-58.560W;25.32
1719;47-59-26.160N;069-29-58.200W;25.22
1720;47-59-26.160N;069-29-57.840W;24.98
1721;47-59-26.160N;069-29-57.480W;24.98
1722;47-59-26.160N;069-29-57.120W;24.92
1723;47-59-26.160N;069-29-56.760W;24.81
1724;47-59-26.160N;069-29-56.400W;24.66
1725;47-59-26.160N;069-29-56.040W;24.53
1726;47-59-26.160N;069-29-55.680W;24.34
1727;47-59-26.160N;069-29-55.320W;24.17
1728;47-59-26.160N;069-29-54.960W;23.98
1729;47-59-26.160N;069-29-54.600W;23.8
1730;47-59-26.160N;069-29-54.240W;23.46
1731;47-59-26.160N;069-29-53.880W;23.35
1732;47-59-26.160N;069-29-53.520W;23.17
1733;47-59-26.160N;069-29-53.160W;22.81
1734;47-59-26.160N;069-29-52.800W;22.66
1735;47-59-26.160N;069-29-52.440W;22.32
1736;47-59-26.160N;069-29-52.080W;22.1
1737;47-59-26.160N;069-29-51.720W;22.0
1738;47-59-26.160N;069-29-51.360W;21.79
1739;47-59-26.160N;069-29-51.000W;21.62
1740;47-59-26.160N;069-29-50.640W;21.17
1741;47-59-26.160N;069-29-50.280W;20.92
1742;47-59-26.160N;069-29-49.920W;20.79
1743;47-59-26.160N;069-29-49.560W;20.71
1744;47-59-26.160N;069-29-49.200W;20.55
1745;47-59-26.160N;069-29-48.840W;20.35
1746;47-59-26.160N;069-29-48.480W;20.23
1747;47-59-26.160N;069-29-48.120W;20.08
1748;47-59-26.160N;069-29-47.760W;19.89
1749;47-59-26.160N;069-29-47.400W;19.62
1750;47-59-26.160N;069-29-47.040W;19.38
1751;47-59-26.160N;069-29-46.680W;18.99
1752;47-59-26.160N;069-29-46.320W;18.57
1753;47-59-26.160N;069-29-45.960W;18.2
1754;47-59-26.160N;069-29-45.600W;17.8
1755;47-59-26.160N;069-29-45.240W;17.17
1756;47-59-26.160N;069-29-44.880W;16.7
1757;47-59-26.160N;069-29-44.520W;16.53
1758;47-59-26.160N;069-29-44.160W;16.04
1759;47-59-26.160N;069-29-43.800W;15.6
1760;47-59-26.160N;069-29-43.440W;15.24
1761;47-59-26.160N;069-29-43.080W;14.9
1762;47-59-26.160N;069-29-42.720W;14.49
1763;47-59-26.160N;069-29-42.360W;14.22
1764;47-59-26.160N;069-29-42.000W;13.92
1765;47-59-26.160N;069-29-41.640W;13.74
1766;47-59-26.160N;069-29-41.280W;13.49
1767;47-59-26.160N;069-29-40.920W;13.18
1768;47-59-26.160N;069-29-40.560W;12.96
1769;47-59-26.160N;069-29-40.200W;12.5
1770;47-59-26.160N;069-29-39.840W;12.09
1771;47-59-26.160N;069-29-39.480W;11.63
1772;47-59-26.160N;069-29-39.120W;11.52
1773;47-59-26.155N;069-28-14.385W;-1.52
1774;47-59-26.315N;069-27-01.679W;-2.44
1775;47-59-26.520N;069-29-59.640W;25.74
1776;47-59-26.520N;069-29-59.280W;25.61
1777;47-59-26.520N;069-29-58.920W;25.59
1778;47-59-26.520N;069-29-58.560W;25.46
1779;47-59-26.520N;069-29-58.200W;25.35
1780;47-59-26.520N;069-29-57.840W;25.06
1781;47-59-26.520N;069-29-57.480W;25.0
1782;47-59-26.520N;069-29-57.120W;24.9
1783;47-59-26.520N;069-29-56.760W;24.85
1784;47-59-26.520N;069-29-56.400W;24.67
1785;47-59-26.520N;069-29-56.040W;24.64
1786;47-59-26.520N;069-29-55.680W;24.46
1787;47-59-26.520N;069-29-55.320W;24.28
1788;47-59-26.520N;069-29-54.960W;24.06
1789;47-59-26.520N;069-29-54.600W;23.91
1790;47-59-26.520N;069-29-54.240W;23.63
1791;47-59-26.520N;069-29-53.880W;23.56
1792;47-59-26.520N;069-29-53.520W;23.18
1793;47-59-26.520N;069-29-53.160W;23.11
1794;47-59-26.520N;069-29-52.800W;22.74
1795;47-59-26.520N;069-29-52.440W;22.63
1796;47-59-26.520N;069-29-52.080W;22.28
1797;47-59-26.520N;069-29-51.720W;22.17
1798;47-59-26.520N;069-29-51.360W;21.94
1799;47-59-26.520N;069-29-51.000W;21.68
1800;47-59-26.520N;069-29-50.640W;21.43
1801;47-59-26.520N;069-29-50.280W;21.31
1802;47-59-26.520N;069-29-49.920W;20.74
1803;47-59-26.520N;069-29-49.560W;20.66
1804;47-59-26.520N;069-29-49.200W;20.53
1805;47-59-26.520N;069-29-48.840W;20.42
1806;47-59-26.520N;069-29-48.480W;20.24
1807;47-59-26.520N;069-29-48.120W;20.11
1808;47-59-26.520N;069-29-47.760W;19.95
1809;47-59-26.520N;069-29-47.400W;19.75
1810;47-59-26.520N;069-29-47.040W;19.49
1811;47-59-26.520N;069-29-46.680W;19.3
1812;47-59-26.520N;069-29-46.320W;18.9
1813;47-59-26.520N;069-29-45.960W;18.53
1814;47-59-26.520N;069-29-45.600W;18.19
1815;47-59-26.520N;069-29-45.240W;17.82
1816;47-59-26.520N;069-29-44.880W;17.35
1817;47-59-26.520N;069-29-44.520W;16.8
1818;47-59-26.520N;069-29-44.160W;16.47
1819;47-59-26.520N;069-29-43.800W;16.19
1820;47-59-26.520N;069-29-43.440W;15.74
1821;47-59-26.520N;069-29-43.080W;15.43
1822;47-59-26.520N;069-29-42.720W;15.15
1823;47-59-26.520N;069-29-42.360W;14.79
1824;47-59-26.520N;069-29-42.000W;14.46
1825;47-59-26.520N;069-29-41.640W;14.25
1826;47-59-26.520N;069-29-41.280W;14.06
1827;47-59-26.520N;069-29-40.920W;13.8
1828;47-59-26.520N;069-29-40.560W;13.53
1829;47-59-26.520N;069-29-40.200W;13.16
1830;47-59-26.520N;069-29-39.840W;12.84
1831;47-59-26.520N;069-29-39.480W;12.29
1832;47-59-26.520N;069-29-39.120W;11.49
1833;47-59-26.520N;069-29-38.760W;11.43
1834;47-59-26.520N;069-29-38.400W;11.34
1835;47-59-26.594N;069-28-37.742W;-1.22
1836;47-59-26.613N;069-27-58.358W;-1.52
1837;47-59-26.433N;069-27-40.788W;-1.22
1838;47-59-26.630N;069-27-25.932W;3.35
1839;47-59-26.617N;069-27-09.601W;-1.83
1840;47-59-26.880N;069-29-59.640W;25.82
1841;47-59-26.880N;069-29-59.280W;25.75
1842;47-59-26.880N;069-29-58.920W;25.57
1843;47-59-26.880N;069-29-58.560W;25.54
1844;47-59-26.880N;069-29-58.200W;25.35
1845;47-59-26.880N;069-29-57.840W;25.32
1846;47-59-26.880N;069-29-57.480W;25.25
1847;47-59-26.880N;069-29-57.120W;25.11
1848;47-59-26.880N;069-29-56.760W;24.85
1849;47-59-26.880N;069-29-56.400W;24.71
1850;47-59-26.880N;069-29-56.040W;24.58
1851;47-59-26.880N;069-29-55.680W;24.49
1852;47-59-26.880N;069-29-55.320W;24.34
1853;47-59-26.880N;069-29-54.960W;24.13
1854;47-59-26.880N;069-29-54.600W;23.95
1855;47-59-26.880N;069-29-54.240W;23.82
1856;47-59-26.880N;069-29-53.880W;23.63
1857;47-59-26.880N;069-29-53.520W;23.41
1858;47-59-26.880N;069-29-53.160W;23.2
1859;47-59-26.880N;069-29-52.800W;23.0
1860;47-59-26.880N;069-29-52.440W;22.78
1861;47-59-26.880N;069-29-52.080W;22.39
1862;47-59-26.880N;069-29-51.720W;22.32
1863;47-59-26.880N;069-29-51.360W;21.94
1864;47-59-26.880N;069-29-51.000W;21.85
1865;47-59-26.880N;069-29-50.640W;21.57
1866;47-59-26.880N;069-29-50.280W;21.3
1867;47-59-26.880N;069-29-49.920W;21.04
1868;47-59-26.880N;069-29-49.560W;20.86
1869;47-59-26.880N;069-29-49.200W;20.55
1870;47-59-26.880N;069-29-48.840W;20.45
1871;47-59-26.880N;069-29-48.480W;20.3
1872;47-59-26.880N;069-29-48.120W;20.23
1873;47-59-26.880N;069-29-47.760W;20.03
1874;47-59-26.880N;069-29-47.400W;19.85
1875;47-59-26.880N;069-29-47.040W;19.66
1876;47-59-26.880N;069-29-46.680W;19.47
1877;47-59-26.880N;069-29-46.320W;19.21
1878;47-59-26.880N;069-29-45.960W;18.81
1879;47-59-26.880N;069-29-45.600W;18.57
1880;47-59-26.880N;069-29-45.240W;18.18
1881;47-59-26.880N;069-29-44.880W;17.75
1882;47-59-26.880N;069-29-44.520W;17.41
1883;47-59-26.880N;069-29-44.160W;16.88
1884;47-59-26.880N;069-29-43.800W;16.46
1885;47-59-26.880N;069-29-43.440W;16.32
1886;47-59-26.880N;069-29-43.080W;15.92
1887;47-59-26.880N;069-29-42.720W;15.62
1888;47-59-26.880N;069-29-42.360W;15.34
1889;47-59-26.880N;069-29-42.000W;15.09
1890;47-59-26.880N;069-29-41.640W;14.82
1891;47-59-26.880N;069-29-41.280W;14.57
1892;47-59-26.880N;069-29-40.920W;14.34
1893;47-59-26.880N;069-29-40.560W;14.04
1894;47-59-26.880N;069-29-40.200W;13.74
1895;47-59-26.880N;069-29-39.840W;13.42
1896;47-59-26.880N;069-29-39.480W;13.01
1897;47-59-26.880N;069-29-39.120W;12.44
1898;47-59-26.880N;069-29-38.760W;11.9
1899;47-59-26.880N;069-29-38.400W;11.39
1900;47-59-26.880N;069-29-38.040W;11.39
1901;47-59-26.880N;069-29-37.680W;11.48
1902;47-59-26.887N;069-29-31.420W;-1.83
1903;47-59-26.944N;069-28-51.326W;-0.91
1904;47-59-27.038N;069-28-06.720W;-1.22
1905;47-59-26.858N;069-27-33.181W;3.66
1906;47-59-27.240N;069-29-59.640W;25.97
1907;47-59-27.240N;069-29-59.280W;26.0
1908;47-59-27.240N;069-29-58.920W;25.73
1909;47-59-27.240N;069-29-58.560W;25.57
1910;47-59-27.240N;069-29-58.200W;25.38
1911;47-59-27.240N;069-29-57.840W;25.41
1912;47-59-27.240N;069-29-57.480W;25.34
1913;47-59-27.240N;069-29-57.120W;25.18
1914;47-59-27.240N;069-29-56.760W;24.99
1915;47-59-27.240N;069-29-56.400W;24.74
1916;47-59-27.240N;069-29-56.040W;24.6
1917;47-59-27.240N;069-29-55.680W;24.53
1918;47-59-27.240N;069-29-55.320W;24.5
1919;47-59-27.240N;069-29-54.960W;24.18
1920;47-59-27.240N;069-29-54.600W;24.1
1921;47-59-27.240N;069-29-54.240W;23.91
1922;47-59-27.240N;069-29-53.880W;23.73
1923;47-59-27.240N;069-29-53.520W;23.39
1924;47-59-27.240N;069-29-53.160W;23.32
1925;47-59-27.240N;069-29-52.800W;23.11
1926;47-59-27.240N;069-29-52.440W;22.88
1927;47-59-27.240N;069-29-52.080W;22.61
1928;47-59-27.240N;069-29-51.720W;22.36
1929;47-59-27.240N;069-29-51.360W;22.18
1930;47-59-27.240N;069-29-51.000W;22.04
1931;47-59-27.240N;069-29-50.640W;21.7
1932;47-59-27.240N;069-29-50.280W;21.46
1933;47-59-27.240N;069-29-49.920W;21.19
1934;47-59-27.240N;069-29-49.560W;20.98
1935;47-59-27.240N;069-29-49.200W;20.85
1936;47-59-27.240N;069-29-48.840W;20.44
1937;47-59-27.240N;069-29-48.480W;20.32
1938;47-59-27.240N;069-29-48.120W;20.22
1939;47-59-27.240N;069-29-47.760W;20.09
1940;47-59-27.240N;069-29-47.400W;19.94
1941;47-59-27.240N;069-29-47.040W;19.75
1942;47-59-27.240N;069-29-46.680W;19.63
1943;47-59-27.240N;069-29-46.320W;19.35
1944;47-59-27.240N;069-29-45.960W;19.18
1945;47-59-27.240N;069-29-45.600W;18.91
1946;47-59-27.240N;069-29-45.240W;18.51
1947;47-59-27.240N;069-29-44.880W;18.2
1948;47-59-27.240N;069-29-44.520W;17.83
1949;47-59-27.240N;069-29-44.160W;17.49
1950;47-59-27.240N;069-29-43.800W;17.09
1951;47-59-27.240N;069-29-43.440W;16.63
1952;47-59-27.240N;069-29-43.080W;16.34
1953;47-59-27.240N;069-29-42.720W;16.17
1954;47-59-27.240N;069-29-42.360W;15.78
1955;47-59-27.240N;069-29-42.000W;15.53
1956;47-59-27.240N;069-29-41.640W;15.33
1957;47-59-27.240N;069-29-41.280W;15.06
1958;47-59-27.240N;069-29-40.920W;14.86
1959;47-59-27.240N;069-29-40.560W;14.58
1960;47-59-27.240N;069-29-40.200W;14.3
1961;47-59-27.240N;069-29-39.840W;14.01
1962;47-59-27.240N;069-29-39.480W;13.62
1963;47-59-27.240N;069-29-39.120W;13.18
1964;47-59-27.240N;069-29-38.760W;12.75
1965;47-59-27.240N;069-29-38.400W;12.08
1966;47-59-27.240N;069-29-38.040W;11.54
1967;47-59-27.240N;069-29-37.680W;11.39
1968;47-59-27.240N;069-29-37.320W;11.33
1969;47-59-27.293N;069-27-17.163W;-0.3
1970;47-59-27.600N;069-29-59.640W;26.06
1971;47-59-27.600N;069-29-59.280W;26.0
1972;47-59-27.600N;069-29-58.920W;25.8
1973;47-59-27.600N;069-29-58.560W;25.67
1974;47-59-27.600N;069-29-58.200W;25.42
1975;47-59-27.600N;069-29-57.840W;25.4
1976;47-59-27.600N;069-29-57.480W;25.35
1977;47-59-27.600N;069-29-57.120W;25.16
1978;47-59-27.600N;069-29-56.760W;24.96
1979;47-59-27.600N;069-29-56.400W;24.79
1980;47-59-27.600N;069-29-56.040W;24.71
1981;47-59-27.600N;069-29-55.680W;24.64
1982;47-59-27.600N;069-29-55.320W;24.54
1983;47-59-27.600N;069-29-54.960W;24.31
1984;47-59-27.600N;069-29-54.600W;24.02
1985;47-59-27.600N;069-29-54.240W;23.91
1986;47-59-27.600N;069-29-53.880W;23.82
1987;47-59-27.600N;069-29-53.520W;23.59
1988;47-59-27.600N;069-29-53.160W;23.48
1989;47-59-27.600N;069-29-52.800W;23.28
1990;47-59-27.600N;069-29-52.440W;23.04
1991;47-59-27.600N;069-29-52.080W;22.83
1992;47-59-27.600N;069-29-51.720W;22.65
1993;47-59-27.600N;069-29-51.360W;22.36
1994;47-59-27.600N;069-29-51.000W;22.12
1995;47-59-27.600N;069-29-50.640W;21.87
1996;47-59-27.600N;069-29-50.280W;21.59
1997;47-59-27.600N;069-29-49.920W;21.33
1998;47-59-27.600N;069-29-49.560W;21.15
1999;47-59-27.600N;069-29-49.200W;20.99
2000;47-59-27.600N;069-29-48.840W;20.76
2001;47-59-27.600N;069-29-48.480W;20.28
2002;47-59-27.600N;069-29-48.120W;20.21
2003;47-59-27.600N;069-29-47.760W;20.13
2004;47-59-27.600N;069-29-47.400W;20.05
2005;47-59-27.600N;069-29-47.040W;19.91
2006;47-59-27.600N;069-29-46.680W;19.71
2007;47-59-27.600N;069-29-46.320W;19.56
2008;47-59-27.600N;069-29-45.960W;19.32
2009;47-59-27.600N;069-29-45.600W;19.08
2010;47-59-27.600N;069-29-45.240W;18.82
2011;47-59-27.600N;069-29-44.880W;18.54
2012;47-59-27.600N;069-29-44.520W;18.2
2013;47-59-27.600N;069-29-44.160W;17.95
2014;47-59-27.600N;069-29-43.800W;17.52
2015;47-59-27.600N;069-29-43.440W;17.28
2016;47-59-27.600N;069-29-43.080W;16.87
2017;47-59-27.600N;069-29-42.720W;16.32
2018;47-59-27.600N;069-29-42.360W;16.22
2019;47-59-27.600N;069-29-42.000W;15.96
2020;47-59-27.600N;069-29-41.640W;15.74
2021;47-59-27.600N;069-29-41.280W;15.51
2022;47-59-27.600N;069-29-40.920W;15.3
2023;47-59-27.600N;069-29-40.560W;15.04
2024;47-59-27.600N;069-29-40.200W;14.82
2025;47-59-27.600N;069-29-39.840W;14.55
2026;47-59-27.600N;069-29-39.480W;14.28
2027;47-59-27.600N;069-29-39.120W;13.84
2028;47-59-27.600N;069-29-38.760W;13.44
2029;47-59-27.600N;069-29-38.400W;12.91
2030;47-59-27.600N;069-29-38.040W;12.42
2031;47-59-27.600N;069-29-37.680W;11.87
2032;47-59-27.600N;069-29-37.320W;11.27
2033;47-59-27.600N;069-29-36.960W;11.07
2034;47-59-27.478N;069-28-29.463W;-1.22
2035;47-59-27.714N;069-27-49.715W;-1.52
2036;47-59-27.960N;069-29-59.640W;26.2
2037;47-59-27.960N;069-29-59.280W;26.06
2038;47-59-27.960N;069-29-58.920W;25.94
2039;47-59-27.960N;069-29-58.560W;25.85
2040;47-59-27.960N;069-29-58.200W;25.59
2041;47-59-27.960N;069-29-57.840W;25.52
2042;47-59-27.960N;069-29-57.480W;25.41
2043;47-59-27.960N;069-29-57.120W;25.23
2044;47-59-27.960N;069-29-56.760W;25.14
2045;47-59-27.960N;069-29-56.400W;25.01
2046;47-59-27.960N;069-29-56.040W;24.73
2047;47-59-27.960N;069-29-55.680W;24.69
2048;47-59-27.960N;069-29-55.320W;24.6
2049;47-59-27.960N;069-29-54.960W;24.46
2050;47-59-27.960N;069-29-54.600W;24.22
2051;47-59-27.960N;069-29-54.240W;24.01
2052;47-59-27.960N;069-29-53.880W;23.9
2053;47-59-27.960N;069-29-53.520W;23.72
2054;47-59-27.960N;069-29-53.160W;23.51
2055;47-59-27.960N;069-29-52.800W;23.31
2056;47-59-27.960N;069-29-52.440W;23.23
2057;47-59-27.960N;069-29-52.080W;22.97
2058;47-59-27.960N;069-29-51.720W;22.62
2059;47-59-27.960N;069-29-51.360W;22.36
2060;47-59-27.960N;069-29-51.000W;22.26
2061;47-59-27.960N;069-29-50.640W;22.03
2062;47-59-27.960N;069-29-50.280W;21.9
2063;47-59-27.960N;069-29-49.920W;21.66
2064;47-59-27.960N;069-29-49.560W;21.55
2065;47-59-27.960N;069-29-49.200W;21.13
2066;47-59-27.960N;069-29-48.840W;20.97
2067;47-59-27.960N;069-29-48.480W;20.8
2068;47-59-27.960N;069-29-48.120W;20.65
2069;47-59-27.960N;069-29-47.760W;20.25
2070;47-59-27.960N;069-29-47.400W;20.13
2071;47-59-27.960N;069-29-47.040W;19.98
2072;47-59-27.960N;069-29-46.680W;19.82
2073;47-59-27.960N;069-29-46.320W;19.66
2074;47-59-27.960N;069-29-45.960W;19.43
2075;47-59-27.960N;069-29-45.600W;19.23
2076;47-59-27.960N;069-29-45.240W;19.0
2077;47-59-27.960N;069-29-44.880W;18.81
2078;47-59-27.960N;069-29-44.520W;18.53
2079;47-59-27.960N;069-29-44.160W;18.29
2080;47-59-27.960N;069-29-43.800W;18.02
2081;47-59-27.960N;069-29-43.440W;17.66
2082;47-59-27.960N;069-29-43.080W;17.32
2083;47-59-27.960N;069-29-42.720W;16.9
2084;47-59-27.960N;069-29-42.360W;16.38
2085;47-59-27.960N;069-29-42.000W;16.27
2086;47-59-27.960N;069-29-41.640W;16.1
2087;47-59-27.960N;069-29-41.280W;15.84
2088;47-59-27.960N;069-29-40.920W;15.63
2089;47-59-27.960N;069-29-40.560W;15.5
2090;47-59-27.960N;069-29-40.200W;15.29
2091;47-59-27.960N;069-29-39.840W;15.04
2092;47-59-27.960N;069-29-39.480W;14.78
2093;47-59-27.960N;069-29-39.120W;14.46
2094;47-59-27.960N;069-29-38.760W;14.09
2095;47-59-27.960N;069-29-38.400W;13.74
2096;47-59-27.960N;069-29-38.040W;13.14
2097;47-59-27.960N;069-29-37.680W;12.57
2098;47-59-27.960N;069-29-37.320W;11.88
2099;47-59-27.960N;069-29-36.960W;11.14
2100;47-59-27.960N;069-29-36.600W;10.9
2101;47-59-27.960N;069-29-36.240W;10.9
2102;47-59-28.107N;069-28-44.220W;-0.91
2103;47-59-28.320N;069-29-59.640W;26.4
2104;47-59-28.320N;069-29-59.280W;26.3
2105;47-59-28.320N;069-29-58.920W;26.15
2106;47-59-28.320N;069-29-58.560W;25.97
2107;47-59-28.320N;069-29-58.200W;25.76
2108;47-59-28.320N;069-29-57.840W;25.66
2109;47-59-28.320N;069-29-57.480W;25.44
2110;47-59-28.320N;069-29-57.120W;25.32
2111;47-59-28.320N;069-29-56.760W;25.09
2112;47-59-28.320N;069-29-56.400W;25.05
2113;47-59-28.320N;069-29-56.040W;24.85
2114;47-59-28.320N;069-29-55.680W;24.73
2115;47-59-28.320N;069-29-55.320W;24.52
2116;47-59-28.320N;069-29-54.960W;24.47
2117;47-59-28.320N;069-29-54.600W;24.26
2118;47-59-28.320N;069-29-54.240W;24.06
2119;47-59-28.320N;069-29-53.880W;23.97
2120;47-59-28.320N;069-29-53.520W;23.75
2121;47-59-28.320N;069-29-53.160W;23.58
2122;47-59-28.320N;069-29-52.800W;23.34
2123;47-59-28.320N;069-29-52.440W;23.29
2124;47-59-28.320N;069-29-52.080W;23.05
2125;47-59-28.320N;069-29-51.720W;22.84
2126;47-59-28.320N;069-29-51.360W;22.65
2127;47-59-28.320N;069-29-51.000W;22.4
2128;47-59-28.320N;069-29-50.640W;22.2
2129;47-59-28.320N;069-29-50.280W;22.04
2130;47-59-28.320N;069-29-49.920W;21.83
2131;47-59-28.320N;069-29-49.560W;21.64
2132;47-59-28.320N;069-29-49.200W;21.34
2133;47-59-28.320N;069-29-48.840W;21.16
2134;47-59-28.320N;069-29-48.480W;20.92
2135;47-59-28.320N;069-29-48.120W;20.76
2136;47-59-28.320N;069-29-47.760W;20.59
2137;47-59-28.320N;069-29-47.400W;20.49
2138;47-59-28.320N;069-29-47.040W;20.12
2139;47-59-28.320N;069-29-46.680W;19.94
2140;47-59-28.320N;069-29-46.320W;19.75
2141;47-59-28.320N;069-29-45.960W;19.55
2142;47-59-28.320N;069-29-45.600W;19.44
2143;47-59-28.320N;069-29-45.240W;19.21
2144;47-59-28.320N;069-29-44.880W;18.97
2145;47-59-28.320N;069-29-44.520W;18.75
2146;47-59-28.320N;069-29-44.160W;18.55
2147;47-59-28.320N;069-29-43.800W;18.34
2148;47-59-28.320N;069-29-43.440W;18.0
2149;47-59-28.320N;069-29-43.080W;17.72
2150;47-59-28.320N;069-29-42.720W;17.27
2151;47-59-28.320N;069-29-42.360W;17.08
2152;47-59-28.320N;069-29-42.000W;16.71
2153;47-59-28.320N;069-29-41.640W;16.34
2154;47-59-28.320N;069-29-41.280W;16.21
2155;47-59-28.320N;069-29-40.920W;15.98
2156;47-59-28.320N;069-29-40.560W;15.86
2157;47-59-28.320N;069-29-40.200W;15.66
2158;47-59-28.320N;069-29-39.840W;15.48
2159;47-59-28.320N;069-29-39.480W;15.25
2160;47-59-28.320N;069-29-39.120W;15.04
2161;47-59-28.320N;069-29-38.760W;14.66
2162;47-59-28.320N;069-29-38.400W;14.25
2163;47-59-28.320N;069-29-38.040W;13.85
2164;47-59-28.320N;069-29-37.680W;13.36
2165;47-59-28.320N;069-29-37.320W;12.63
2166;47-59-28.320N;069-29-36.960W;12.11
2167;47-59-28.320N;069-29-36.600W;11.35
2168;47-59-28.320N;069-29-36.240W;10.84
2169;47-59-28.320N;069-29-35.880W;10.75
2170;47-59-28.320N;069-29-35.520W;10.8
2171;47-59-28.351N;069-28-55.528W;-1.52
2172;47-59-28.680N;069-29-59.640W;26.52
2173;47-59-28.680N;069-29-59.280W;26.39
2174;47-59-28.680N;069-29-58.920W;26.21
2175;47-59-28.680N;069-29-58.560W;26.11
2176;47-59-28.680N;069-29-58.200W;25.87
2177;47-59-28.680N;069-29-57.840W;25.78
2178;47-59-28.680N;069-29-57.480W;25.58
2179;47-59-28.680N;069-29-57.120W;25.4
2180;47-59-28.680N;069-29-56.760W;25.12
2181;47-59-28.680N;069-29-56.400W;25.04
2182;47-59-28.680N;069-29-56.040W;24.93
2183;47-59-28.680N;069-29-55.680W;24.81
2184;47-59-28.680N;069-29-55.320W;24.61
2185;47-59-28.680N;069-29-54.960W;24.48
2186;47-59-28.680N;069-29-54.600W;24.35
2187;47-59-28.680N;069-29-54.240W;24.14
2188;47-59-28.680N;069-29-53.880W;24.1
2189;47-59-28.680N;069-29-53.520W;23.85
2190;47-59-28.680N;069-29-53.160W;23.63
2191;47-59-28.680N;069-29-52.800W;23.49
2192;47-59-28.680N;069-29-52.440W;23.35
2193;47-59-28.680N;069-29-52.080W;23.16
2194;47-59-28.680N;069-29-51.720W;23.01
2195;47-59-28.680N;069-29-51.360W;22.78
2196;47-59-28.680N;069-29-51.000W;22.68
2197;47-59-28.680N;069-29-50.640W;22.49
2198;47-59-28.680N;069-29-50.280W;22.24
2199;47-59-28.680N;069-29-49.920W;21.96
2200;47-59-28.680N;069-29-49.560W;21.82
2201;47-59-28.680N;069-29-49.200W;21.56
2202;47-59-28.680N;069-29-48.840W;21.36
2203;47-59-28.680N;069-29-48.480W;21.15
2204;47-59-28.680N;069-29-48.120W;20.99
2205;47-59-28.680N;069-29-47.760W;20.74
2206;47-59-28.680N;069-29-47.400W;20.63
2207;47-59-28.680N;069-29-47.040W;20.52
2208;47-59-28.680N;069-29-46.680W;20.01
2209;47-59-28.680N;069-29-46.320W;19.82
2210;47-59-28.680N;069-29-45.960W;19.75
2211;47-59-28.680N;069-29-45.600W;19.51
2212;47-59-28.680N;069-29-45.240W;19.38
2213;47-59-28.680N;069-29-44.880W;19.13
2214;47-59-28.680N;069-29-44.520W;18.91
2215;47-59-28.680N;069-29-44.160W;18.76
2216;47-59-28.680N;069-29-43.800W;18.64
2217;47-59-28.680N;069-29-43.440W;18.38
2218;47-59-28.680N;069-29-43.080W;18.06
2219;47-59-28.680N;069-29-42.720W;17.72
2220;47-59-28.680N;069-29-42.360W;17.43
2221;47-59-28.680N;069-29-42.000W;17.17
2222;47-59-28.680N;069-29-41.640W;16.87
2223;47-59-28.680N;069-29-41.280W;16.46
2224;47-59-28.680N;069-29-40.920W;16.17
2225;47-59-28.680N;069-29-40.560W;16.24
2226;47-59-28.680N;069-29-40.200W;15.95
2227;47-59-28.680N;069-29-39.840W;15.74
2228;47-59-28.680N;069-29-39.480W;15.59
2229;47-59-28.680N;069-29-39.120W;15.39
2230;47-59-28.680N;069-29-38.760W;15.19
2231;47-59-28.680N;069-29-38.400W;14.85
2232;47-59-28.680N;069-29-38.040W;14.44
2233;47-59-28.680N;069-29-37.680W;14.02
2234;47-59-28.680N;069-29-37.320W;13.59
2235;47-59-28.680N;069-29-36.960W;13.01
2236;47-59-28.680N;069-29-36.600W;12.46
2237;47-59-28.680N;069-29-36.240W;11.63
2238;47-59-28.680N;069-29-35.880W;10.89
2239;47-59-28.680N;069-29-35.520W;10.68
2240;47-59-28.680N;069-29-35.160W;10.57
2241;47-59-28.763N;069-29-27.895W;-0.91
2242;47-59-28.616N;069-28-20.512W;-1.52
2243;47-59-29.040N;069-29-59.640W;26.64
2244;47-59-29.040N;069-29-59.280W;26.44
2245;47-59-29.040N;069-29-58.920W;26.33
2246;47-59-29.040N;069-29-58.560W;26.15
2247;47-59-29.040N;069-29-58.200W;26.02
2248;47-59-29.040N;069-29-57.840W;25.86
2249;47-59-29.040N;069-29-57.480W;25.76
2250;47-59-29.040N;069-29-57.120W;25.67
2251;47-59-29.040N;069-29-56.760W;25.33
2252;47-59-29.040N;069-29-56.400W;25.25
2253;47-59-29.040N;069-29-56.040W;25.15
2254;47-59-29.040N;069-29-55.680W;25.0
2255;47-59-29.040N;069-29-55.320W;24.75
2256;47-59-29.040N;069-29-54.960W;24.64
2257;47-59-29.040N;069-29-54.600W;24.39
2258;47-59-29.040N;069-29-54.240W;24.22
2259;47-59-29.040N;069-29-53.880W;24.13
2260;47-59-29.040N;069-29-53.520W;23.97
2261;47-59-29.040N;069-29-53.160W;23.88
2262;47-59-29.040N;069-29-52.800W;23.6
2263;47-59-29.040N;069-29-52.440W;23.51
2264;47-59-29.040N;069-29-52.080W;23.27
2265;47-59-29.040N;069-29-51.720W;23.15
2266;47-59-29.040N;069-29-51.360W;22.94
2267;47-59-29.040N;069-29-51.000W;22.83
2268;47-59-29.040N;069-29-50.640W;22.66
2269;47-59-29.040N;069-29-50.280W;22.47
2270;47-59-29.040N;069-29-49.920W;22.06
2271;47-59-29.040N;069-29-49.560W;22.02
2272;47-59-29.040N;069-29-49.200W;21.71
2273;47-59-29.040N;069-29-48.840W;21.59
2274;47-59-29.040N;069-29-48.480W;21.31
2275;47-59-29.040N;069-29-48.120W;21.11
2276;47-59-29.040N;069-29-47.760W;20.9
2277;47-59-29.040N;069-29-47.400W;20.77
2278;47-59-29.040N;069-29-47.040W;20.52
2279;47-59-29.040N;069-29-46.680W;20.36
2280;47-59-29.040N;069-29-46.320W;20.18
2281;47-59-29.040N;069-29-45.960W;19.85
2282;47-59-29.040N;069-29-45.600W;19.62
2283;47-59-29.040N;069-29-45.240W;19.5
2284;47-59-29.040N;069-29-44.880W;19.37
2285;47-59-29.040N;069-29-44.520W;19.15
2286;47-59-29.040N;069-29-44.160W;18.92
2287;47-59-29.040N;069-29-43.800W;18.87
2288;47-59-29.040N;069-29-43.440W;18.78
2289;47-59-29.040N;069-29-43.080W;18.38
2290;47-59-29.040N;069-29-42.720W;18.18
2291;47-59-29.040N;069-29-42.360W;17.81
2292;47-59-29.040N;069-29-42.000W;17.53
2293;47-59-29.040N;069-29-41.640W;17.13
2294;47-59-29.040N;069-29-41.280W;17.02
2295;47-59-29.040N;069-29-40.920W;16.76
2296;47-59-29.040N;069-29-40.560W;16.21
2297;47-59-29.040N;069-29-40.200W;16.14
2298;47-59-29.040N;069-29-39.840W;16.08
2299;47-59-29.040N;069-29-39.480W;15.89
2300;47-59-29.040N;069-29-39.120W;15.78
2301;47-59-29.040N;069-29-38.760W;15.54
2302;47-59-29.040N;069-29-38.400W;15.28
2303;47-59-29.040N;069-29-38.040W;15.01
2304;47-59-29.040N;069-29-37.680W;14.65
2305;47-59-29.040N;069-29-37.320W;14.32
2306;47-59-29.040N;069-29-36.960W;13.87
2307;47-59-29.040N;069-29-36.600W;13.43
2308;47-59-29.040N;069-29-36.240W;12.77
2309;47-59-29.040N;069-29-35.880W;12.03
2310;47-59-29.040N;069-29-35.520W;10.89
2311;47-59-29.040N;069-29-35.160W;10.41
2312;47-59-29.040N;069-29-34.800W;10.24
2313;47-59-29.201N;069-28-03.748W;-1.22
2314;47-59-29.043N;069-27-38.376W;-1.22
2315;47-59-29.187N;069-27-29.782W;3.05
2316;47-59-29.166N;069-27-14.431W;-0.91
2317;47-59-28.894N;069-26-58.224W;-2.44
2318;47-59-29.400N;069-29-59.640W;26.76
2319;47-59-29.400N;069-29-59.280W;26.62
2320;47-59-29.400N;069-29-58.920W;26.35
2321;47-59-29.400N;069-29-58.560W;26.29
2322;47-59-29.400N;069-29-58.200W;26.16
2323;47-59-29.400N;069-29-57.840W;26.02
2324;47-59-29.400N;069-29-57.480W;25.91
2325;47-59-29.400N;069-29-57.120W;25.83
2326;47-59-29.400N;069-29-56.760W;25.66
2327;47-59-29.400N;069-29-56.400W;25.54
2328;47-59-29.400N;069-29-56.040W;25.33
2329;47-59-29.400N;069-29-55.680W;25.14
2330;47-59-29.400N;069-29-55.320W;25.01
2331;47-59-29.400N;069-29-54.960W;24.78
2332;47-59-29.400N;069-29-54.600W;24.58
2333;47-59-29.400N;069-29-54.240W;24.57
2334;47-59-29.400N;069-29-53.880W;24.19
2335;47-59-29.400N;069-29-53.520W;24.15
2336;47-59-29.400N;069-29-53.160W;23.89
2337;47-59-29.400N;069-29-52.800W;23.75
2338;47-59-29.400N;069-29-52.440W;23.64
2339;47-59-29.400N;069-29-52.080W;23.39
2340;47-59-29.400N;069-29-51.720W;23.25
2341;47-59-29.400N;069-29-51.360W;23.04
2342;47-59-29.400N;069-29-51.000W;22.95
2343;47-59-29.400N;069-29-50.640W;22.75
2344;47-59-29.400N;069-29-50.280W;22.6
2345;47-59-29.400N;069-29-49.920W;22.34
2346;47-59-29.400N;069-29-49.560W;22.08
2347;47-59-29.400N;069-29-49.200W;21.87
2348;47-59-29.400N;069-29-48.840W;21.63
2349;47-59-29.400N;069-29-48.480W;21.47
2350;47-59-29.400N;069-29-48.120W;21.27
2351;47-59-29.400N;069-29-47.760W;21.0
2352;47-59-29.400N;069-29-47.400W;20.89
2353;47-59-29.400N;069-29-47.040W;20.69
2354;47-59-29.400N;069-29-46.680W;20.48
2355;47-59-29.400N;069-29-46.320W;20.31
2356;47-59-29.400N;069-29-45.960W;20.2
2357;47-59-29.400N;069-29-45.600W;19.75
2358;47-59-29.400N;069-29-45.240W;19.57
2359;47-59-29.400N;069-29-44.880W;19.53
2360;47-59-29.400N;069-29-44.520W;19.4
2361;47-59-29.400N;069-29-44.160W;19.27
2362;47-59-29.400N;069-29-43.800W;19.12
2363;47-59-29.400N;069-29-43.440W;18.88
2364;47-59-29.400N;069-29-43.080W;18.61
2365;47-59-29.400N;069-29-42.720W;18.44
2366;47-59-29.400N;069-29-42.360W;18.16
2367;47-59-29.400N;069-29-42.000W;17.93
2368;47-59-29.400N;069-29-41.640W;17.6
2369;47-59-29.400N;069-29-41.280W;17.31
2370;47-59-29.400N;069-29-40.920W;17.02
2371;47-59-29.400N;069-29-40.560W;16.46
2372;47-59-29.400N;069-29-40.200W;16.21
2373;47-59-29.400N;069-29-39.840W;16.1
2374;47-59-29.400N;069-29-39.480W;16.14
2375;47-59-29.400N;069-29-39.120W;15.96
2376;47-59-29.400N;069-29-38.760W;15.83
2377;47-59-29.400N;069-29-38.400W;15.66
2378;47-59-29.400N;069-29-38.040W;15.41
2379;47-59-29.400N;069-29-37.680W;15.17
2380;47-59-29.400N;069-29-37.320W;14.85
2381;47-59-29.400N;069-29-36.960W;14.48
2382;47-59-29.400N;069-29-36.600W;14.09
2383;47-59-29.400N;069-29-36.240W;13.6
2384;47-59-29.400N;069-29-35.880W;13.06
2385;47-59-29.400N;069-29-35.520W;12.01
2386;47-59-29.400N;069-29-35.160W;10.87
2387;47-59-29.400N;069-29-34.800W;10.25
2388;47-59-29.400N;069-29-34.440W;10.12
2389;47-59-29.415N;069-28-12.968W;-1.52
2390;47-59-29.430N;069-27-46.122W;-1.52
2391;47-59-29.462N;069-27-21.252W;2.74
2392;47-59-29.564N;069-27-06.397W;-2.13
2393;47-59-29.760N;069-29-59.640W;27.03
2394;47-59-29.760N;069-29-59.280W;26.92
2395;47-59-29.760N;069-29-58.920W;26.66
2396;47-59-29.760N;069-29-58.560W;26.43
2397;47-59-29.760N;069-29-58.200W;26.23
2398;47-59-29.760N;069-29-57.840W;26.17
2399;47-59-29.760N;069-29-57.480W;26.09
2400;47-59-29.760N;069-29-57.120W;25.99
2401;47-59-29.760N;069-29-56.760W;25.87
2402;47-59-29.760N;069-29-56.400W;25.69
2403;47-59-29.760N;069-29-56.040W;25.53
2404;47-59-29.760N;069-29-55.680W;25.4
2405;47-59-29.760N;069-29-55.320W;25.05
2406;47-59-29.760N;069-29-54.960W;24.97
2407;47-59-29.760N;069-29-54.600W;24.87
2408;47-59-29.760N;069-29-54.240W;24.75
2409;47-59-29.760N;069-29-53.880W;24.22
2410;47-59-29.760N;069-29-53.520W;24.22
2411;47-59-29.760N;069-29-53.160W;23.97
2412;47-59-29.760N;069-29-52.800W;23.88
2413;47-59-29.760N;069-29-52.440W;23.77
2414;47-59-29.760N;069-29-52.080W;23.57
2415;47-59-29.760N;069-29-51.720W;23.4
2416;47-59-29.760N;069-29-51.360W;23.19
2417;47-59-29.760N;069-29-51.000W;23.03
2418;47-59-29.760N;069-29-50.640W;22.91
2419;47-59-29.760N;069-29-50.280W;22.76
2420;47-59-29.760N;069-29-49.920W;22.51
2421;47-59-29.760N;069-29-49.560W;22.33
2422;47-59-29.760N;069-29-49.200W;22.13
2423;47-59-29.760N;069-29-48.840W;21.96
2424;47-59-29.760N;069-29-48.480W;21.67
2425;47-59-29.760N;069-29-48.120W;21.46
2426;47-59-29.760N;069-29-47.760W;21.2
2427;47-59-29.760N;069-29-47.400W;21.06
2428;47-59-29.760N;069-29-47.040W;20.85
2429;47-59-29.760N;069-29-46.680W;20.7
2430;47-59-29.760N;069-29-46.320W;20.5
2431;47-59-29.760N;069-29-45.960W;20.28
2432;47-59-29.760N;069-29-45.600W;20.17
2433;47-59-29.760N;069-29-45.240W;20.02
2434;47-59-29.760N;069-29-44.880W;19.6
2435;47-59-29.760N;069-29-44.520W;19.5
2436;47-59-29.760N;069-29-44.160W;19.3
2437;47-59-29.760N;069-29-43.800W;19.13
2438;47-59-29.760N;069-29-43.440W;19.02
2439;47-59-29.760N;069-29-43.080W;18.87
2440;47-59-29.760N;069-29-42.720W;18.66
2441;47-59-29.760N;069-29-42.360W;18.45
2442;47-59-29.760N;069-29-42.000W;18.25
2443;47-59-29.760N;069-29-41.640W;17.94
2444;47-59-29.760N;069-29-41.280W;17.69
2445;47-59-29.760N;069-29-40.920W;17.39
2446;47-59-29.760N;069-29-40.560W;17.05
2447;47-59-29.760N;069-29-40.200W;16.76
2448;47-59-29.760N;069-29-39.840W;16.45
2449;47-59-29.760N;069-29-39.480W;16.21
2450;47-59-29.760N;069-29-39.120W;16.25
2451;47-59-29.760N;069-29-38.760W;16.04
2452;47-59-29.760N;069-29-38.400W;15.95
2453;47-59-29.760N;069-29-38.040W;15.7
2454;47-59-29.760N;069-29-37.680W;15.54
2455;47-59-29.760N;069-29-37.320W;15.27
2456;47-59-29.760N;069-29-36.960W;14.93
2457;47-59-29.760N;069-29-36.600W;14.57
2458;47-59-29.760N;069-29-36.240W;14.19
2459;47-59-29.760N;069-29-35.880W;13.68
2460;47-59-29.760N;069-29-35.520W;13.14
2461;47-59-29.760N;069-29-35.160W;12.16
2462;47-59-29.760N;069-29-34.800W;11.32
2463;47-59-29.760N;069-29-34.440W;10.29
2464;47-59-29.760N;069-29-34.080W;10.02
2465;47-59-29.760N;069-29-33.720W;10.04
2466;47-59-29.671N;069-28-49.471W;-1.52
2467;47-59-29.771N;069-28-36.140W;-1.22
2468;47-59-30.120N;069-29-59.640W;27.24
2469;47-59-30.120N;069-29-59.280W;27.0
2470;47-59-30.120N;069-29-58.920W;26.93
2471;47-59-30.120N;069-29-58.560W;26.67
2472;47-59-30.120N;069-29-58.200W;26.53
2473;47-59-30.120N;069-29-57.840W;26.38
2474;47-59-30.120N;069-29-57.480W;26.22
2475;47-59-30.120N;069-29-57.120W;26.05
2476;47-59-30.120N;069-29-56.760W;26.0
2477;47-59-30.120N;069-29-56.400W;25.94
2478;47-59-30.120N;069-29-56.040W;25.69
2479;47-59-30.120N;069-29-55.680W;25.59
2480;47-59-30.120N;069-29-55.320W;25.27
2481;47-59-30.120N;069-29-54.960W;25.15
2482;47-59-30.120N;069-29-54.600W;25.08
2483;47-59-30.120N;069-29-54.240W;24.9
2484;47-59-30.120N;069-29-53.880W;24.67
2485;47-59-30.120N;069-29-53.520W;24.44
2486;47-59-30.120N;069-29-53.160W;24.21
2487;47-59-30.120N;069-29-52.800W;24.07
2488;47-59-30.120N;069-29-52.440W;23.88
2489;47-59-30.120N;069-29-52.080W;23.67
2490;47-59-30.120N;069-29-51.720W;23.6
2491;47-59-30.120N;069-29-51.360W;23.42
2492;47-59-30.120N;069-29-51.000W;23.24
2493;47-59-30.120N;069-29-50.640W;23.02
2494;47-59-30.120N;069-29-50.280W;22.9
2495;47-59-30.120N;069-29-49.920W;22.64
2496;47-59-30.120N;069-29-49.560W;22.55
2497;47-59-30.120N;069-29-49.200W;22.26
2498;47-59-30.120N;069-29-48.840W;22.1
2499;47-59-30.120N;069-29-48.480W;21.94
2500;47-59-30.120N;069-29-48.120W;21.53
2501;47-59-30.120N;069-29-47.760W;21.4
2502;47-59-30.120N;069-29-47.400W;21.25
2503;47-59-30.120N;069-29-47.040W;20.98
2504;47-59-30.120N;069-29-46.680W;20.85
2505;47-59-30.120N;069-29-46.320W;20.67
2506;47-59-30.120N;069-29-45.960W;20.52
2507;47-59-30.120N;069-29-45.600W;20.27
2508;47-59-30.120N;069-29-45.240W;20.23
2509;47-59-30.120N;069-29-44.880W;20.0
2510;47-59-30.120N;069-29-44.520W;19.55
2511;47-59-30.120N;069-29-44.160W;19.47
2512;47-59-30.120N;069-29-43.800W;19.24
2513;47-59-30.120N;069-29-43.440W;19.13
2514;47-59-30.120N;069-29-43.080W;18.98
2515;47-59-30.120N;069-29-42.720W;18.88
2516;47-59-30.120N;069-29-42.360W;18.69
2517;47-59-30.120N;069-29-42.000W;18.52
2518;47-59-30.120N;069-29-41.640W;18.32
2519;47-59-30.120N;069-29-41.280W;18.0
2520;47-59-30.120N;069-29-40.920W;17.8
2521;47-59-30.120N;069-29-40.560W;17.42
2522;47-59-30.120N;069-29-40.200W;17.26
2523;47-59-30.120N;069-29-39.840W;16.96
2524;47-59-30.120N;069-29-39.480W;16.74
2525;47-59-30.120N;069-29-39.120W;16.28
2526;47-59-30.120N;069-29-38.760W;16.23
2527;47-59-30.120N;069-29-38.400W;16.07
2528;47-59-30.120N;069-29-38.040W;15.91
2529;47-59-30.120N;069-29-37.680W;15.82
2530;47-59-30.120N;069-29-37.320W;15.6
2531;47-59-30.120N;069-29-36.960W;15.34
2532;47-59-30.120N;069-29-36.600W;14.98
2533;47-59-30.120N;069-29-36.240W;14.64
2534;47-59-30.120N;069-29-35.880W;14.2
2535;47-59-30.120N;069-29-35.520W;13.71
2536;47-59-30.120N;069-29-35.160W;13.14
2537;47-59-30.120N;069-29-34.800W;12.47
2538;47-59-30.120N;069-29-34.440W;11.39
2539;47-59-30.120N;069-29-34.080W;10.48
2540;47-59-30.120N;069-29-33.720W;10.0
2541;47-59-30.120N;069-29-33.360W;10.03
2542;47-59-30.480N;069-29-59.640W;27.39
2543;47-59-30.480N;069-29-59.280W;27.2
2544;47-59-30.480N;069-29-58.920W;26.95
2545;47-59-30.480N;069-29-58.560W;26.88
2546;47-59-30.480N;069-29-58.200W;26.61
2547;47-59-30.480N;069-29-57.840W;26.59
2548;47-59-30.480N;069-29-57.480W;26.4
2549;47-59-30.480N;069-29-57.120W;26.21
2550;47-59-30.480N;069-29-56.760W;26.12
2551;47-59-30.480N;069-29-56.400W;26.0
2552;47-59-30.480N;069-29-56.040W;25.99
2553;47-59-30.480N;069-29-55.680W;25.69
2554;47-59-30.480N;069-29-55.320W;25.59
2555;47-59-30.480N;069-29-54.960W;25.55
2556;47-59-30.480N;069-29-54.600W;25.18
2557;47-59-30.480N;069-29-54.240W;25.07
2558;47-59-30.480N;069-29-53.880W;24.78
2559;47-59-30.480N;069-29-53.520W;24.75
2560;47-59-30.480N;069-29-53.160W;24.39
2561;47-59-30.480N;069-29-52.800W;24.26
2562;47-59-30.480N;069-29-52.440W;24.06
2563;47-59-30.480N;069-29-52.080W;24.0
2564;47-59-30.480N;069-29-51.720W;23.66
2565;47-59-30.480N;069-29-51.360W;23.6
2566;47-59-30.480N;069-29-51.000W;23.46
2567;47-59-30.480N;069-29-50.640W;23.15
2568;47-59-30.480N;069-29-50.280W;23.01
2569;47-59-30.480N;069-29-49.920W;22.78
2570;47-59-30.480N;069-29-49.560W;22.61
2571;47-59-30.480N;069-29-49.200W;22.48
2572;47-59-30.480N;069-29-48.840W;22.36
2573;47-59-30.480N;069-29-48.480W;22.05
2574;47-59-30.480N;069-29-48.120W;21.89
2575;47-59-30.480N;069-29-47.760W;21.63
2576;47-59-30.480N;069-29-47.400W;21.43
2577;47-59-30.480N;069-29-47.040W;21.09
2578;47-59-30.480N;069-29-46.680W;21.0
2579;47-59-30.480N;069-29-46.320W;20.87
2580;47-59-30.480N;069-29-45.960W;20.68
2581;47-59-30.480N;069-29-45.600W;20.42
2582;47-59-30.480N;069-29-45.240W;20.29
2583;47-59-30.480N;069-29-44.880W;20.17
2584;47-59-30.480N;069-29-44.520W;20.05
2585;47-59-30.480N;069-29-44.160W;19.89
2586;47-59-30.480N;069-29-43.800W;19.36
2587;47-59-30.480N;069-29-43.440W;19.26
2588;47-59-30.480N;069-29-43.080W;19.18
2589;47-59-30.480N;069-29-42.720W;19.0
2590;47-59-30.480N;069-29-42.360W;18.86
2591;47-59-30.480N;069-29-42.000W;18.75
2592;47-59-30.480N;069-29-41.640W;18.51
2593;47-59-30.480N;069-29-41.280W;18.2
2594;47-59-30.480N;069-29-40.920W;18.05
2595;47-59-30.480N;069-29-40.560W;17.78
2596;47-59-30.480N;069-29-40.200W;17.52
2597;47-59-30.480N;069-29-39.840W;17.2
2598;47-59-30.480N;069-29-39.480W;16.96
2599;47-59-30.480N;069-29-39.120W;16.85
2600;47-59-30.480N;069-29-38.760W;16.6
2601;47-59-30.480N;069-29-38.400W;16.39
2602;47-59-30.480N;069-29-38.040W;16.12
2603;47-59-30.480N;069-29-37.680W;15.95
2604;47-59-30.480N;069-29-37.320W;15.76
2605;47-59-30.480N;069-29-36.960W;15.61
2606;47-59-30.480N;069-29-36.600W;15.38
2607;47-59-30.480N;069-29-36.240W;15.04
2608;47-59-30.480N;069-29-35.880W;14.71
2609;47-59-30.480N;069-29-35.520W;14.27
2610;47-59-30.480N;069-29-35.160W;13.75
2611;47-59-30.480N;069-29-34.800W;13.18
2612;47-59-30.480N;069-29-34.440W;12.51
2613;47-59-30.480N;069-29-34.080W;11.46
2614;47-59-30.480N;069-29-33.720W;10.64
2615;47-59-30.480N;069-29-33.360W;10.07
2616;47-59-30.480N;069-29-33.000W;10.16
2617;47-59-30.480N;069-29-32.640W;10.18
2618;47-59-30.501N;069-28-26.690W;-1.52
2619;47-59-30.840N;069-29-59.640W;27.48
2620;47-59-30.840N;069-29-59.280W;27.44
2621;47-59-30.840N;069-29-58.920W;27.17
2622;47-59-30.840N;069-29-58.560W;27.09
2623;47-59-30.840N;069-29-58.200W;26.83
2624;47-59-30.840N;069-29-57.840W;26.74
2625;47-59-30.840N;069-29-57.480W;26.57
2626;47-59-30.840N;069-29-57.120W;26.42
2627;47-59-30.840N;069-29-56.760W;26.26
2628;47-59-30.840N;069-29-56.400W;26.18
2629;47-59-30.840N;069-29-56.040W;26.05
2630;47-59-30.840N;069-29-55.680W;25.88
2631;47-59-30.840N;069-29-55.320W;25.73
2632;47-59-30.840N;069-29-54.960W;25.69
2633;47-59-30.840N;069-29-54.600W;25.44
2634;47-59-30.840N;069-29-54.240W;25.28
2635;47-59-30.840N;069-29-53.880W;24.99
2636;47-59-30.840N;069-29-53.520W;24.87
2637;47-59-30.840N;069-29-53.160W;24.6
2638;47-59-30.840N;069-29-52.800W;24.49
2639;47-59-30.840N;069-29-52.440W;24.21
2640;47-59-30.840N;069-29-52.080W;24.12
2641;47-59-30.840N;069-29-51.720W;23.8
2642;47-59-30.840N;069-29-51.360W;23.66
2643;47-59-30.840N;069-29-51.000W;23.57
2644;47-59-30.840N;069-29-50.640W;23.37
2645;47-59-30.840N;069-29-50.280W;23.15
2646;47-59-30.840N;069-29-49.920W;22.9
2647;47-59-30.840N;069-29-49.560W;22.82
2648;47-59-30.840N;069-29-49.200W;22.57
2649;47-59-30.840N;069-29-48.840W;22.41
2650;47-59-30.840N;069-29-48.480W;22.24
2651;47-59-30.840N;069-29-48.120W;22.12
2652;47-59-30.840N;069-29-47.760W;21.73
2653;47-59-30.840N;069-29-47.400W;21.54
2654;47-59-30.840N;069-29-47.040W;21.34
2655;47-59-30.840N;069-29-46.680W;21.27
2656;47-59-30.840N;069-29-46.320W;21.07
2657;47-59-30.840N;069-29-45.960W;20.86
2658;47-59-30.840N;069-29-45.600W;20.69
2659;47-59-30.840N;069-29-45.240W;20.53
2660;47-59-30.840N;069-29-44.880W;20.33
2661;47-59-30.840N;069-29-44.520W;20.24
2662;47-59-30.840N;069-29-44.160W;20.07
2663;47-59-30.840N;069-29-43.800W;19.95
2664;47-59-30.840N;069-29-43.440W;19.51
2665;47-59-30.840N;069-29-43.080W;19.32
2666;47-59-30.840N;069-29-42.720W;19.23
2667;47-59-30.840N;069-29-42.360W;19.07
2668;47-59-30.840N;069-29-42.000W;18.9
2669;47-59-30.840N;069-29-41.640W;18.77
2670;47-59-30.840N;069-29-41.280W;18.49
2671;47-59-30.840N;069-29-40.920W;18.3
2672;47-59-30.840N;069-29-40.560W;18.12
2673;47-59-30.840N;069-29-40.200W;17.81
2674;47-59-30.840N;069-29-39.840W;17.6
2675;47-59-30.840N;069-29-39.480W;17.31
2676;47-59-30.840N;069-29-39.120W;17.09
2677;47-59-30.840N;069-29-38.760W;16.79
2678;47-59-30.840N;069-29-38.400W;16.63
2679;47-59-30.840N;069-29-38.040W;16.24
2680;47-59-30.840N;069-29-37.680W;16.17
2681;47-59-30.840N;069-29-37.320W;15.92
2682;47-59-30.840N;069-29-36.960W;15.73
2683;47-59-30.840N;069-29-36.600W;15.58
2684;47-59-30.840N;069-29-36.240W;15.39
2685;47-59-30.840N;069-29-35.880W;15.09
2686;47-59-30.840N;069-29-35.520W;14.73
2687;47-59-30.840N;069-29-35.160W;14.31
2688;47-59-30.840N;069-29-34.800W;13.79
2689;47-59-30.840N;069-29-34.440W;13.31
2690;47-59-30.840N;069-29-34.080W;12.41
2691;47-59-30.840N;069-29-33.720W;11.58
2692;47-59-30.840N;069-29-33.360W;10.87
2693;47-59-30.840N;069-29-33.000W;10.26
2694;47-59-30.840N;069-29-32.640W;10.15
2695;47-59-30.840N;069-29-32.280W;10.15
2696;47-59-30.836N;069-27-54.930W;-1.52
2697;47-59-31.200N;069-29-59.640W;27.62
2698;47-59-31.200N;069-29-59.280W;27.49
2699;47-59-31.200N;069-29-58.920W;27.23
2700;47-59-31.200N;069-29-58.560W;27.17
2701;47-59-31.200N;069-29-58.200W;26.92
2702;47-59-31.200N;069-29-57.840W;26.84
2703;47-59-31.200N;069-29-57.480W;26.69
2704;47-59-31.200N;069-29-57.120W;26.53
2705;47-59-31.200N;069-29-56.760W;26.3
2706;47-59-31.200N;069-29-56.400W;26.26
2707;47-59-31.200N;069-29-56.040W;26.03
2708;47-59-31.200N;069-29-55.680W;25.96
2709;47-59-31.200N;069-29-55.320W;25.83
2710;47-59-31.200N;069-29-54.960W;25.81
2711;47-59-31.200N;069-29-54.600W;25.59
2712;47-59-31.200N;069-29-54.240W;25.43
2713;47-59-31.200N;069-29-53.880W;25.29
2714;47-59-31.200N;069-29-53.520W;25.14
2715;47-59-31.200N;069-29-53.160W;24.86
2716;47-59-31.200N;069-29-52.800W;24.72
2717;47-59-31.200N;069-29-52.440W;24.4
2718;47-59-31.200N;069-29-52.080W;24.23
2719;47-59-31.200N;069-29-51.720W;24.06
2720;47-59-31.200N;069-29-51.360W;23.92
2721;47-59-31.200N;069-29-51.000W;23.69
2722;47-59-31.200N;069-29-50.640W;23.61
2723;47-59-31.200N;069-29-50.280W;23.28
2724;47-59-31.200N;069-29-49.920W;23.1
2725;47-59-31.200N;069-29-49.560W;22.94
2726;47-59-31.200N;069-29-49.200W;22.71
2727;47-59-31.200N;069-29-48.840W;22.57
2728;47-59-31.200N;069-29-48.480W;22.49
2729;47-59-31.200N;069-29-48.120W;22.33
2730;47-59-31.200N;069-29-47.760W;22.14
2731;47-59-31.200N;069-29-47.400W;21.86
2732;47-59-31.200N;069-29-47.040W;21.57
2733;47-59-31.200N;069-29-46.680W;21.47
2734;47-59-31.200N;069-29-46.320W;21.3
2735;47-59-31.200N;069-29-45.960W;21.11
2736;47-59-31.200N;069-29-45.600W;20.83
2737;47-59-31.200N;069-29-45.240W;20.75
2738;47-59-31.200N;069-29-44.880W;20.58
2739;47-59-31.200N;069-29-44.520W;20.48
2740;47-59-31.200N;069-29-44.160W;20.35
2741;47-59-31.200N;069-29-43.800W;20.16
2742;47-59-31.200N;069-29-43.440W;19.99
2743;47-59-31.200N;069-29-43.080W;19.74
2744;47-59-31.200N;069-29-42.720W;19.33
2745;47-59-31.200N;069-29-42.360W;19.23
2746;47-59-31.200N;069-29-42.000W;19.1
2747;47-59-31.200N;069-29-41.640W;18.95
2748;47-59-31.200N;069-29-41.280W;18.79
2749;47-59-31.200N;069-29-40.920W;18.57
2750;47-59-31.200N;069-29-40.560W;18.37
2751;47-59-31.200N;069-29-40.200W;18.12
2752;47-59-31.200N;069-29-39.840W;17.91
2753;47-59-31.200N;069-29-39.480W;17.63
2754;47-59-31.200N;069-29-39.120W;17.41
2755;47-59-31.200N;069-29-38.760W;17.11
2756;47-59-31.200N;069-29-38.400W;16.82
2757;47-59-31.200N;069-29-38.040W;16.63
2758;47-59-31.200N;069-29-37.680W;16.41
2759;47-59-31.200N;069-29-37.320W;16.26
2760;47-59-31.200N;069-29-36.960W;15.98
2761;47-59-31.200N;069-29-36.600W;15.75
2762;47-59-31.200N;069-29-36.240W;15.62
2763;47-59-31.200N;069-29-35.880W;15.43
2764;47-59-31.200N;069-29-35.520W;15.06
2765;47-59-31.200N;069-29-35.160W;14.74
2766;47-59-31.200N;069-29-34.800W;14.31
2767;47-59-31.200N;069-29-34.440W;13.84
2768;47-59-31.200N;069-29-34.080W;13.26
2769;47-59-31.200N;069-29-33.720W;12.51
2770;47-59-31.200N;069-29-33.360W;11.72
2771;47-59-31.200N;069-29-33.000W;11.15
2772;47-59-31.200N;069-29-32.640W;10.5
2773;47-59-31.200N;069-29-32.280W;10.15
2774;47-59-31.200N;069-29-31.920W;10.17
2775;47-59-31.200N;069-29-31.560W;10.23
2776;47-59-31.560N;069-29-59.640W;27.91
2777;47-59-31.560N;069-29-59.280W;27.64
2778;47-59-31.560N;069-29-58.920W;27.29
2779;47-59-31.560N;069-29-58.560W;27.16
2780;47-59-31.560N;069-29-58.200W;27.08
2781;47-59-31.560N;069-29-57.840W;26.97
2782;47-59-31.560N;069-29-57.480W;26.78
2783;47-59-31.560N;069-29-57.120W;26.68
2784;47-59-31.560N;069-29-56.760W;26.5
2785;47-59-31.560N;069-29-56.400W;26.37
2786;47-59-31.560N;069-29-56.040W;26.19
2787;47-59-31.560N;069-29-55.680W;25.95
2788;47-59-31.560N;069-29-55.320W;25.91
2789;47-59-31.560N;069-29-54.960W;25.85
2790;47-59-31.560N;069-29-54.600W;25.75
2791;47-59-31.560N;069-29-54.240W;25.62
2792;47-59-31.560N;069-29-53.880W;25.35
2793;47-59-31.560N;069-29-53.520W;25.34
2794;47-59-31.560N;069-29-53.160W;25.09
2795;47-59-31.560N;069-29-52.800W;24.88
2796;47-59-31.560N;069-29-52.440W;24.69
2797;47-59-31.560N;069-29-52.080W;24.54
2798;47-59-31.560N;069-29-51.720W;24.24
2799;47-59-31.560N;069-29-51.360W;24.04
2800;47-59-31.560N;069-29-51.000W;23.89
2801;47-59-31.560N;069-29-50.640W;23.82
2802;47-59-31.560N;069-29-50.280W;23.6
2803;47-59-31.560N;069-29-49.920W;23.3
2804;47-59-31.560N;069-29-49.560W;23.15
2805;47-59-31.560N;069-29-49.200W;23.06
2806;47-59-31.560N;069-29-48.840W;22.82
2807;47-59-31.560N;069-29-48.480W;22.66
2808;47-59-31.560N;069-29-48.120W;22.55
2809;47-59-31.560N;069-29-47.760W;22.33
2810;47-59-31.560N;069-29-47.400W;22.22
2811;47-59-31.560N;069-29-47.040W;21.9
2812;47-59-31.560N;069-29-46.680W;21.76
2813;47-59-31.560N;069-29-46.320W;21.56
2814;47-59-31.560N;069-29-45.960W;21.35
2815;47-59-31.560N;069-29-45.600W;21.13
2816;47-59-31.560N;069-29-45.240W;20.99
2817;47-59-31.560N;069-29-44.880W;20.77
2818;47-59-31.560N;069-29-44.520W;20.63
2819;47-59-31.560N;069-29-44.160W;20.44
2820;47-59-31.560N;069-29-43.800W;20.21
2821;47-59-31.560N;069-29-43.440W;20.17
2822;47-59-31.560N;069-29-43.080W;20.01
2823;47-59-31.560N;069-29-42.720W;19.8
2824;47-59-31.560N;069-29-42.360W;19.45
2825;47-59-31.560N;069-29-42.000W;19.3
2826;47-59-31.560N;069-29-41.640W;19.11
2827;47-59-31.560N;069-29-41.280W;18.95
2828;47-59-31.560N;069-29-40.920W;18.81
2829;47-59-31.560N;069-29-40.560W;18.48
2830;47-59-31.560N;069-29-40.200W;18.4
2831;47-59-31.560N;069-29-39.840W;18.19
2832;47-59-31.560N;069-29-39.480W;17.91
2833;47-59-31.560N;069-29-39.120W;17.71
2834;47-59-31.560N;069-29-38.760W;17.47
2835;47-59-31.560N;069-29-38.400W;17.15
2836;47-59-31.560N;069-29-38.040W;16.94
2837;47-59-31.560N;069-29-37.680W;16.65
2838;47-59-31.560N;069-29-37.320W;16.47
2839;47-59-31.560N;069-29-36.960W;16.25
2840;47-59-31.560N;069-29-36.600W;15.94
2841;47-59-31.560N;069-29-36.240W;15.79
2842;47-59-31.560N;069-29-35.880W;15.61
2843;47-59-31.560N;069-29-35.520W;15.39
2844;47-59-31.560N;069-29-35.160W;15.12
2845;47-59-31.560N;069-29-34.800W;14.72
2846;47-59-31.560N;069-29-34.440W;14.32
2847;47-59-31.560N;069-29-34.080W;13.76
2848;47-59-31.560N;069-29-33.720W;13.25
2849;47-59-31.560N;069-29-33.360W;12.75
2850;47-59-31.560N;069-29-33.000W;12.06
2851;47-59-31.560N;069-29-32.640W;11.47
2852;47-59-31.560N;069-29-32.280W;10.85
2853;47-59-31.560N;069-29-31.920W;10.26
2854;47-59-31.560N;069-29-31.560W;10.13
2855;47-59-31.560N;069-29-31.200W;10.12
2856;47-59-31.542N;069-29-24.693W;-0.3
2857;47-59-31.732N;069-28-43.303W;-1.52
2858;47-59-31.668N;069-28-19.399W;-1.2
2859;47-59-31.564N;069-27-03.238W;-2.44
2860;47-59-31.920N;069-29-59.640W;28.15
2861;47-59-31.920N;069-29-59.280W;27.83
2862;47-59-31.920N;069-29-58.920W;27.55
2863;47-59-31.920N;069-29-58.560W;27.32
2864;47-59-31.920N;069-29-58.200W;27.07
2865;47-59-31.920N;069-29-57.840W;27.06
2866;47-59-31.920N;069-29-57.480W;26.89
2867;47-59-31.920N;069-29-57.120W;26.76
2868;47-59-31.920N;069-29-56.760W;26.65
2869;47-59-31.920N;069-29-56.400W;26.41
2870;47-59-31.920N;069-29-56.040W;26.21
2871;47-59-31.920N;069-29-55.680W;26.17
2872;47-59-31.920N;069-29-55.320W;26.06
2873;47-59-31.920N;069-29-54.960W;25.92
2874;47-59-31.920N;069-29-54.600W;25.83
2875;47-59-31.920N;069-29-54.240W;25.8
2876;47-59-31.920N;069-29-53.880W;25.71
2877;47-59-31.920N;069-29-53.520W;25.48
2878;47-59-31.920N;069-29-53.160W;25.32
2879;47-59-31.920N;069-29-52.800W;25.07
2880;47-59-31.920N;069-29-52.440W;24.79
2881;47-59-31.920N;069-29-52.080W;24.62
2882;47-59-31.920N;069-29-51.720W;24.52
2883;47-59-31.920N;069-29-51.360W;24.28
2884;47-59-31.920N;069-29-51.000W;24.09
2885;47-59-31.920N;069-29-50.640W;23.91
2886;47-59-31.920N;069-29-50.280W;23.68
2887;47-59-31.920N;069-29-49.920W;23.45
2888;47-59-31.920N;069-29-49.560W;23.21
2889;47-59-31.920N;069-29-49.200W;23.09
2890;47-59-31.920N;069-29-48.840W;23.02
2891;47-59-31.920N;069-29-48.480W;22.81
2892;47-59-31.920N;069-29-48.120W;22.66
2893;47-59-31.920N;069-29-47.760W;22.55
2894;47-59-31.920N;069-29-47.400W;22.37
2895;47-59-31.920N;069-29-47.040W;22.12
2896;47-59-31.920N;069-29-46.680W;21.93
2897;47-59-31.920N;069-29-46.320W;21.83
2898;47-59-31.920N;069-29-45.960W;21.64
2899;47-59-31.920N;069-29-45.600W;21.28
2900;47-59-31.920N;069-29-45.240W;21.18
2901;47-59-31.920N;069-29-44.880W;20.99
2902;47-59-31.920N;069-29-44.520W;20.93
2903;47-59-31.920N;069-29-44.160W;20.68
2904;47-59-31.920N;069-29-43.800W;20.53
2905;47-59-31.920N;069-29-43.440W;20.36
2906;47-59-31.920N;069-29-43.080W;20.18
2907;47-59-31.920N;069-29-42.720W;20.09
2908;47-59-31.920N;069-29-42.360W;19.98
2909;47-59-31.920N;069-29-42.000W;19.73
2910;47-59-31.920N;069-29-41.640W;19.2
2911;47-59-31.920N;069-29-41.280W;19.12
2912;47-59-31.920N;069-29-40.920W;18.97
2913;47-59-31.920N;069-29-40.560W;18.81
2914;47-59-31.920N;069-29-40.200W;18.7
2915;47-59-31.920N;069-29-39.840W;18.46
2916;47-59-31.920N;069-29-39.480W;18.27
2917;47-59-31.920N;069-29-39.120W;17.99
2918;47-59-31.920N;069-29-38.760W;17.76
2919;47-59-31.920N;069-29-38.400W;17.46
2920;47-59-31.920N;069-29-38.040W;17.23
2921;47-59-31.920N;069-29-37.680W;16.98
2922;47-59-31.920N;069-29-37.320W;16.69
2923;47-59-31.920N;069-29-36.960W;16.55
2924;47-59-31.920N;069-29-36.600W;16.07
2925;47-59-31.920N;069-29-36.240W;15.92
2926;47-59-31.920N;069-29-35.880W;15.82
2927;47-59-31.920N;069-29-35.520W;15.58
2928;47-59-31.920N;069-29-35.160W;15.43
2929;47-59-31.920N;069-29-34.800W;15.15
2930;47-59-31.920N;069-29-34.440W;14.84
2931;47-59-31.920N;069-29-34.080W;14.38
2932;47-59-31.920N;069-29-33.720W;13.96
2933;47-59-31.920N;069-29-33.360W;13.47
2934;47-59-31.920N;069-29-33.000W;12.91
2935;47-59-31.920N;069-29-32.640W;12.35
2936;47-59-31.920N;069-29-32.280W;11.69
2937;47-59-31.920N;069-29-31.920W;11.06
2938;47-59-31.920N;069-29-31.560W;10.34
2939;47-59-31.920N;069-29-31.200W;10.05
2940;47-59-31.920N;069-29-30.840W;10.01
2941;47-59-32.036N;069-27-34.681W;-0.9
2942;47-59-31.884N;069-27-26.573W;2.13
2943;47-59-31.856N;069-27-19.942W;1.83
2944;47-59-32.280N;069-29-59.640W;28.29
2945;47-59-32.280N;069-29-59.280W;28.12
2946;47-59-32.280N;069-29-58.920W;27.78
2947;47-59-32.280N;069-29-58.560W;27.72
2948;47-59-32.280N;069-29-58.200W;27.36
2949;47-59-32.280N;069-29-57.840W;27.14
2950;47-59-32.280N;069-29-57.480W;27.04
2951;47-59-32.280N;069-29-57.120W;26.91
2952;47-59-32.280N;069-29-56.760W;26.8
2953;47-59-32.280N;069-29-56.400W;26.62
2954;47-59-32.280N;069-29-56.040W;26.43
2955;47-59-32.280N;069-29-55.680W;26.29
2956;47-59-32.280N;069-29-55.320W;26.16
2957;47-59-32.280N;069-29-54.960W;26.1
2958;47-59-32.280N;069-29-54.600W;25.87
2959;47-59-32.280N;069-29-54.240W;25.89
2960;47-59-32.280N;069-29-53.880W;25.72
2961;47-59-32.280N;069-29-53.520W;25.56
2962;47-59-32.280N;069-29-53.160W;25.44
2963;47-59-32.280N;069-29-52.800W;25.24
2964;47-59-32.280N;069-29-52.440W;25.03
2965;47-59-32.280N;069-29-52.080W;24.85
2966;47-59-32.280N;069-29-51.720W;24.56
2967;47-59-32.280N;069-29-51.360W;24.41
2968;47-59-32.280N;069-29-51.000W;24.31
2969;47-59-32.280N;069-29-50.640W;24.12
2970;47-59-32.280N;069-29-50.280W;23.9
2971;47-59-32.280N;069-29-49.920W;23.71
2972;47-59-32.280N;069-29-49.560W;23.48
2973;47-59-32.280N;069-29-49.200W;23.34
2974;47-59-32.280N;069-29-48.840W;23.2
2975;47-59-32.280N;069-29-48.480W;22.99
2976;47-59-32.280N;069-29-48.120W;22.85
2977;47-59-32.280N;069-29-47.760W;22.71
2978;47-59-32.280N;069-29-47.400W;22.58
2979;47-59-32.280N;069-29-47.040W;22.4
2980;47-59-32.280N;069-29-46.680W;22.26
2981;47-59-32.280N;069-29-46.320W;22.06
2982;47-59-32.280N;069-29-45.960W;21.81
2983;47-59-32.280N;069-29-45.600W;21.65
2984;47-59-32.280N;069-29-45.240W;21.56
2985;47-59-32.280N;069-29-44.880W;21.24
2986;47-59-32.280N;069-29-44.520W;21.14
2987;47-59-32.280N;069-29-44.160W;20.91
2988;47-59-32.280N;069-29-43.800W;20.81
2989;47-59-32.280N;069-29-43.440W;20.63
2990;47-59-32.280N;069-29-43.080W;20.48
2991;47-59-32.280N;069-29-42.720W;20.33
2992;47-59-32.280N;069-29-42.360W;20.19
2993;47-59-32.280N;069-29-42.000W;19.98
2994;47-59-32.280N;069-29-41.640W;19.85
2995;47-59-32.280N;069-29-41.280W;19.29
2996;47-59-32.280N;069-29-40.920W;19.12
2997;47-59-32.280N;069-29-40.560W;19.01
2998;47-59-32.280N;069-29-40.200W;18.9
2999;47-59-32.280N;069-29-39.840W;18.67
3000;47-59-32.280N;069-29-39.480W;18.45
3001;47-59-32.280N;069-29-39.120W;18.28
3002;47-59-32.280N;069-29-38.760W;18.07
3003;47-59-32.280N;069-29-38.400W;17.8
3004;47-59-32.280N;069-29-38.040W;17.57
3005;47-59-32.280N;069-29-37.680W;17.36
3006;47-59-32.280N;069-29-37.320W;17.08
3007;47-59-32.280N;069-29-36.960W;16.83
3008;47-59-32.280N;069-29-36.600W;16.57
3009;47-59-32.280N;069-29-36.240W;16.39
3010;47-59-32.280N;069-29-35.880W;16.1
3011;47-59-32.280N;069-29-35.520W;15.88
3012;47-59-32.280N;069-29-35.160W;15.61
3013;47-59-32.280N;069-29-34.800W;15.46
3014;47-59-32.280N;069-29-34.440W;15.24
3015;47-59-32.280N;069-29-34.080W;14.92
3016;47-59-32.280N;069-29-33.720W;14.52
3017;47-59-32.280N;069-29-33.360W;14.11
3018;47-59-32.280N;069-29-33.000W;13.63
3019;47-59-32.280N;069-29-32.640W;13.16
3020;47-59-32.280N;069-29-32.280W;12.53
3021;47-59-32.280N;069-29-31.920W;11.98
3022;47-59-32.280N;069-29-31.560W;11.37
3023;47-59-32.280N;069-29-31.200W;10.68
3024;47-59-32.280N;069-29-30.840W;10.06
3025;47-59-32.280N;069-29-30.480W;10.0
3026;47-59-32.280N;069-29-30.120W;10.03
3027;47-59-32.149N;069-28-10.497W;-1.2
3028;47-59-32.140N;069-28-01.465W;-1.5
3029;47-59-32.338N;069-27-52.438W;-1.2
3030;47-59-32.288N;069-27-43.714W;-1.5
3031;47-59-32.152N;069-27-11.412W;-0.61
3032;47-59-32.640N;069-29-59.640W;28.44
3033;47-59-32.640N;069-29-59.280W;28.26
3034;47-59-32.640N;069-29-58.920W;28.17
3035;47-59-32.640N;069-29-58.560W;27.93
3036;47-59-32.640N;069-29-58.200W;27.56
3037;47-59-32.640N;069-29-57.840W;27.37
3038;47-59-32.640N;069-29-57.480W;27.09
3039;47-59-32.640N;069-29-57.120W;26.99
3040;47-59-32.640N;069-29-56.760W;26.93
3041;47-59-32.640N;069-29-56.400W;26.85
3042;47-59-32.640N;069-29-56.040W;26.71
3043;47-59-32.640N;069-29-55.680W;26.52
3044;47-59-32.640N;069-29-55.320W;26.34
3045;47-59-32.640N;069-29-54.960W;26.26
3046;47-59-32.640N;069-29-54.600W;26.12
3047;47-59-32.640N;069-29-54.240W;25.99
3048;47-59-32.640N;069-29-53.880W;25.82
3049;47-59-32.640N;069-29-53.520W;25.72
3050;47-59-32.640N;069-29-53.160W;25.63
3051;47-59-32.640N;069-29-52.800W;25.42
3052;47-59-32.640N;069-29-52.440W;25.23
3053;47-59-32.640N;069-29-52.080W;25.14
3054;47-59-32.640N;069-29-51.720W;24.86
3055;47-59-32.640N;069-29-51.360W;24.74
3056;47-59-32.640N;069-29-51.000W;24.51
3057;47-59-32.640N;069-29-50.640W;24.32
3058;47-59-32.640N;069-29-50.280W;24.1
3059;47-59-32.640N;069-29-49.920W;23.86
3060;47-59-32.640N;069-29-49.560W;23.68
3061;47-59-32.640N;069-29-49.200W;23.45
3062;47-59-32.640N;069-29-48.840W;23.36
3063;47-59-32.640N;069-29-48.480W;23.19
3064;47-59-32.640N;069-29-48.120W;23.04
3065;47-59-32.640N;069-29-47.760W;22.86
3066;47-59-32.640N;069-29-47.400W;22.79
3067;47-59-32.640N;069-29-47.040W;22.59
3068;47-59-32.640N;069-29-46.680W;22.53
3069;47-59-32.640N;069-29-46.320W;22.28
3070;47-59-32.640N;069-29-45.960W;22.19
3071;47-59-32.640N;069-29-45.600W;21.88
3072;47-59-32.640N;069-29-45.240W;21.72
3073;47-59-32.640N;069-29-44.880W;21.55
3074;47-59-32.640N;069-29-44.520W;21.42
3075;47-59-32.640N;069-29-44.160W;21.17
3076;47-59-32.640N;069-29-43.800W;21.03
3077;47-59-32.640N;069-29-43.440W;20.86
3078;47-59-32.640N;069-29-43.080W;20.7
3079;47-59-32.640N;069-29-42.720W;20.55
3080;47-59-32.640N;069-29-42.360W;20.32
3081;47-59-32.640N;069-29-42.000W;20.16
3082;47-59-32.640N;069-29-41.640W;20.02
3083;47-59-32.640N;069-29-41.280W;19.76
3084;47-59-32.640N;069-29-40.920W;19.54
3085;47-59-32.640N;069-29-40.560W;19.16
3086;47-59-32.640N;069-29-40.200W;19.02
3087;47-59-32.640N;069-29-39.840W;18.85
3088;47-59-32.640N;069-29-39.480W;18.78
3089;47-59-32.640N;069-29-39.120W;18.51
3090;47-59-32.640N;069-29-38.760W;18.33
3091;47-59-32.640N;069-29-38.400W;18.09
3092;47-59-32.640N;069-29-38.040W;17.91
3093;47-59-32.640N;069-29-37.680W;17.63
3094;47-59-32.640N;069-29-37.320W;17.38
3095;47-59-32.640N;069-29-36.960W;17.13
3096;47-59-32.640N;069-29-36.600W;16.85
3097;47-59-32.640N;069-29-36.240W;16.64
3098;47-59-32.640N;069-29-35.880W;16.42
3099;47-59-32.640N;069-29-35.520W;16.18
3100;47-59-32.640N;069-29-35.160W;15.92
3101;47-59-32.640N;069-29-34.800W;15.74
3102;47-59-32.640N;069-29-34.440W;15.51
3103;47-59-32.640N;069-29-34.080W;15.38
3104;47-59-32.640N;069-29-33.720W;15.0
3105;47-59-32.640N;069-29-33.360W;14.66
3106;47-59-32.640N;069-29-33.000W;14.27
3107;47-59-32.640N;069-29-32.640W;13.82
3108;47-59-32.640N;069-29-32.280W;13.4
3109;47-59-32.640N;069-29-31.920W;12.8
3110;47-59-32.640N;069-29-31.560W;12.28
3111;47-59-32.640N;069-29-31.200W;11.61
3112;47-59-32.640N;069-29-30.840W;10.8
3113;47-59-32.640N;069-29-30.480W;10.28
3114;47-59-32.640N;069-29-30.120W;10.02
3115;47-59-32.640N;069-29-29.760W;9.98
3116;47-59-32.511N;069-28-32.687W;-1.52
3117;47-59-33.000N;069-29-59.640W;28.43
3118;47-59-33.000N;069-29-59.280W;28.32
3119;47-59-33.000N;069-29-58.920W;28.27
3120;47-59-33.000N;069-29-58.560W;28.18
3121;47-59-33.000N;069-29-58.200W;27.71
3122;47-59-33.000N;069-29-57.840W;27.68
3123;47-59-33.000N;069-29-57.480W;27.34
3124;47-59-33.000N;069-29-57.120W;27.26
3125;47-59-33.000N;069-29-56.760W;26.98
3126;47-59-33.000N;069-29-56.400W;26.88
3127;47-59-33.000N;069-29-56.040W;26.8
3128;47-59-33.000N;069-29-55.680W;26.61
3129;47-59-33.000N;069-29-55.320W;26.45
3130;47-59-33.000N;069-29-54.960W;26.48
3131;47-59-33.000N;069-29-54.600W;26.32
3132;47-59-33.000N;069-29-54.240W;26.18
3133;47-59-33.000N;069-29-53.880W;25.91
3134;47-59-33.000N;069-29-53.520W;25.8
3135;47-59-33.000N;069-29-53.160W;25.76
3136;47-59-33.000N;069-29-52.800W;25.64
3137;47-59-33.000N;069-29-52.440W;25.48
3138;47-59-33.000N;069-29-52.080W;25.27
3139;47-59-33.000N;069-29-51.720W;25.14
3140;47-59-33.000N;069-29-51.360W;24.91
3141;47-59-33.000N;069-29-51.000W;24.74
3142;47-59-33.000N;069-29-50.640W;24.53
3143;47-59-33.000N;069-29-50.280W;24.3
3144;47-59-33.000N;069-29-49.920W;24.19
3145;47-59-33.000N;069-29-49.560W;24.01
3146;47-59-33.000N;069-29-49.200W;23.79
3147;47-59-33.000N;069-29-48.840W;23.47
3148;47-59-33.000N;069-29-48.480W;23.39
3149;47-59-33.000N;069-29-48.120W;23.2
3150;47-59-33.000N;069-29-47.760W;23.05
3151;47-59-33.000N;069-29-47.400W;22.9
3152;47-59-33.000N;069-29-47.040W;22.81
3153;47-59-33.000N;069-29-46.680W;22.55
3154;47-59-33.000N;069-29-46.320W;22.47
3155;47-59-33.000N;069-29-45.960W;22.33
3156;47-59-33.000N;069-29-45.600W;22.09
3157;47-59-33.000N;069-29-45.240W;21.96
3158;47-59-33.000N;069-29-44.880W;21.72
3159;47-59-33.000N;069-29-44.520W;21.69
3160;47-59-33.000N;069-29-44.160W;21.41
3161;47-59-33.000N;069-29-43.800W;21.25
3162;47-59-33.000N;069-29-43.440W;21.03
3163;47-59-33.000N;069-29-43.080W;20.83
3164;47-59-33.000N;069-29-42.720W;20.58
3165;47-59-33.000N;069-29-42.360W;20.53
3166;47-59-33.000N;069-29-42.000W;20.3
3167;47-59-33.000N;069-29-41.640W;20.19
3168;47-59-33.000N;069-29-41.280W;20.01
3169;47-59-33.000N;069-29-40.920W;19.86
3170;47-59-33.000N;069-29-40.560W;19.66
3171;47-59-33.000N;069-29-40.200W;19.17
3172;47-59-33.000N;069-29-39.840W;19.08
3173;47-59-33.000N;069-29-39.480W;18.93
3174;47-59-33.000N;069-29-39.120W;18.82
3175;47-59-33.000N;069-29-38.760W;18.58
3176;47-59-33.000N;069-29-38.400W;18.36
3177;47-59-33.000N;069-29-38.040W;18.12
3178;47-59-33.000N;069-29-37.680W;17.94
3179;47-59-33.000N;069-29-37.320W;17.69
3180;47-59-33.000N;069-29-36.960W;17.44
3181;47-59-33.000N;069-29-36.600W;17.19
3182;47-59-33.000N;069-29-36.240W;16.95
3183;47-59-33.000N;069-29-35.880W;16.64
3184;47-59-33.000N;069-29-35.520W;16.39
3185;47-59-33.000N;069-29-35.160W;16.27
3186;47-59-33.000N;069-29-34.800W;16.03
3187;47-59-33.000N;069-29-34.440W;15.82
3188;47-59-33.000N;069-29-34.080W;15.54
3189;47-59-33.000N;069-29-33.720W;15.46
3190;47-59-33.000N;069-29-33.360W;15.17
3191;47-59-33.000N;069-29-33.000W;14.82
3192;47-59-33.000N;069-29-32.640W;14.44
3193;47-59-33.000N;069-29-32.280W;14.05
3194;47-59-33.000N;069-29-31.920W;13.52
3195;47-59-33.000N;069-29-31.560W;13.16
3196;47-59-33.000N;069-29-31.200W;12.53
3197;47-59-33.000N;069-29-30.840W;11.88
3198;47-59-33.000N;069-29-30.480W;11.18
3199;47-59-33.000N;069-29-30.120W;10.49
3200;47-59-33.000N;069-29-29.760W;9.98
3201;47-59-33.000N;069-29-29.400W;9.96
3202;47-59-33.000N;069-29-29.040W;10.03
3203;47-59-33.145N;069-28-25.140W;-1.2
3204;47-59-33.360N;069-29-59.640W;28.53
3205;47-59-33.360N;069-29-59.280W;28.38
3206;47-59-33.360N;069-29-58.920W;28.28
3207;47-59-33.360N;069-29-58.560W;28.18
3208;47-59-33.360N;069-29-58.200W;28.0
3209;47-59-33.360N;069-29-57.840W;27.86
3210;47-59-33.360N;069-29-57.480W;27.65
3211;47-59-33.360N;069-29-57.120W;27.41
3212;47-59-33.360N;069-29-56.760W;27.17
3213;47-59-33.360N;069-29-56.400W;27.0
3214;47-59-33.360N;069-29-56.040W;26.82
3215;47-59-33.360N;069-29-55.680W;26.75
3216;47-59-33.360N;069-29-55.320W;26.62
3217;47-59-33.360N;069-29-54.960W;26.6
3218;47-59-33.360N;069-29-54.600W;26.36
3219;47-59-33.360N;069-29-54.240W;26.26
3220;47-59-33.360N;069-29-53.880W;26.01
3221;47-59-33.360N;069-29-53.520W;25.97
3222;47-59-33.360N;069-29-53.160W;25.89
3223;47-59-33.360N;069-29-52.800W;25.82
3224;47-59-33.360N;069-29-52.440W;25.63
3225;47-59-33.360N;069-29-52.080W;25.46
3226;47-59-33.360N;069-29-51.720W;25.23
3227;47-59-33.360N;069-29-51.360W;25.06
3228;47-59-33.360N;069-29-51.000W;24.9
3229;47-59-33.360N;069-29-50.640W;24.72
3230;47-59-33.360N;069-29-50.280W;24.41
3231;47-59-33.360N;069-29-49.920W;24.28
3232;47-59-33.360N;069-29-49.560W;24.2
3233;47-59-33.360N;069-29-49.200W;24.13
3234;47-59-33.360N;069-29-48.840W;23.74
3235;47-59-33.360N;069-29-48.480W;23.6
3236;47-59-33.360N;069-29-48.120W;23.42
3237;47-59-33.360N;069-29-47.760W;23.21
3238;47-59-33.360N;069-29-47.400W;22.98
3239;47-59-33.360N;069-29-47.040W;22.95
3240;47-59-33.360N;069-29-46.680W;22.78
3241;47-59-33.360N;069-29-46.320W;22.64
3242;47-59-33.360N;069-29-45.960W;22.51
3243;47-59-33.360N;069-29-45.600W;22.35
3244;47-59-33.360N;069-29-45.240W;22.23
3245;47-59-33.360N;069-29-44.880W;21.94
3246;47-59-33.360N;069-29-44.520W;21.83
3247;47-59-33.360N;069-29-44.160W;21.67
3248;47-59-33.360N;069-29-43.800W;21.66
3249;47-59-33.360N;069-29-43.440W;21.27
3250;47-59-33.360N;069-29-43.080W;21.13
3251;47-59-33.360N;069-29-42.720W;20.89
3252;47-59-33.360N;069-29-42.360W;20.81
3253;47-59-33.360N;069-29-42.000W;20.57
3254;47-59-33.360N;069-29-41.640W;20.36
3255;47-59-33.360N;069-29-41.280W;20.13
3256;47-59-33.360N;069-29-40.920W;20.09
3257;47-59-33.360N;069-29-40.560W;19.93
3258;47-59-33.360N;069-29-40.200W;19.73
3259;47-59-33.360N;069-29-39.840W;19.43
3260;47-59-33.360N;069-29-39.480W;19.04
3261;47-59-33.360N;069-29-39.120W;18.92
3262;47-59-33.360N;069-29-38.760W;18.8
3263;47-59-33.360N;069-29-38.400W;18.59
3264;47-59-33.360N;069-29-38.040W;18.39
3265;47-59-33.360N;069-29-37.680W;18.15
3266;47-59-33.360N;069-29-37.320W;17.96
3267;47-59-33.360N;069-29-36.960W;17.76
3268;47-59-33.360N;069-29-36.600W;17.47
3269;47-59-33.360N;069-29-36.240W;17.3
3270;47-59-33.360N;069-29-35.880W;17.04
3271;47-59-33.360N;069-29-35.520W;16.8
3272;47-59-33.360N;069-29-35.160W;16.61
3273;47-59-33.360N;069-29-34.800W;16.37
3274;47-59-33.360N;069-29-34.440W;16.17
3275;47-59-33.360N;069-29-34.080W;15.87
3276;47-59-33.360N;069-29-33.720W;15.63
3277;47-59-33.360N;069-29-33.360W;15.46
3278;47-59-33.360N;069-29-33.000W;15.27
3279;47-59-33.360N;069-29-32.640W;14.96
3280;47-59-33.360N;069-29-32.280W;14.62
3281;47-59-33.360N;069-29-31.920W;14.24
3282;47-59-33.360N;069-29-31.560W;13.84
3283;47-59-33.360N;069-29-31.200W;13.35
3284;47-59-33.360N;069-29-30.840W;12.83
3285;47-59-33.360N;069-29-30.480W;12.21
3286;47-59-33.360N;069-29-30.120W;11.45
3287;47-59-33.360N;069-29-29.760W;10.72
3288;47-59-33.360N;069-29-29.400W;10.14
3289;47-59-33.360N;069-29-29.040W;9.99
3290;47-59-33.360N;069-29-28.680W;9.95
3291;47-59-33.720N;069-29-59.640W;28.69
3292;47-59-33.720N;069-29-59.280W;28.53
3293;47-59-33.720N;069-29-58.920W;28.34
3294;47-59-33.720N;069-29-58.560W;28.23
3295;47-59-33.720N;069-29-58.200W;28.21
3296;47-59-33.720N;069-29-57.840W;27.96
3297;47-59-33.720N;069-29-57.480W;27.8
3298;47-59-33.720N;069-29-57.120W;27.52
3299;47-59-33.720N;069-29-56.760W;27.29
3300;47-59-33.720N;069-29-56.400W;27.18
3301;47-59-33.720N;069-29-56.040W;26.95
3302;47-59-33.720N;069-29-55.680W;26.8
3303;47-59-33.720N;069-29-55.320W;26.7
3304;47-59-33.720N;069-29-54.960W;26.68
3305;47-59-33.720N;069-29-54.600W;26.59
3306;47-59-33.720N;069-29-54.240W;26.54
3307;47-59-33.720N;069-29-53.880W;26.22
3308;47-59-33.720N;069-29-53.520W;25.98
3309;47-59-33.720N;069-29-53.160W;25.93
3310;47-59-33.720N;069-29-52.800W;25.88
3311;47-59-33.720N;069-29-52.440W;25.69
3312;47-59-33.720N;069-29-52.080W;25.6
3313;47-59-33.720N;069-29-51.720W;25.48
3314;47-59-33.720N;069-29-51.360W;25.37
3315;47-59-33.720N;069-29-51.000W;25.12
3316;47-59-33.720N;069-29-50.640W;24.94
3317;47-59-33.720N;069-29-50.280W;24.7
3318;47-59-33.720N;069-29-49.920W;24.44
3319;47-59-33.720N;069-29-49.560W;24.33
3320;47-59-33.720N;069-29-49.200W;24.25
3321;47-59-33.720N;069-29-48.840W;23.97
3322;47-59-33.720N;069-29-48.480W;23.95
3323;47-59-33.720N;069-29-48.120W;23.66
3324;47-59-33.720N;069-29-47.760W;23.37
3325;47-59-33.720N;069-29-47.400W;23.32
3326;47-59-33.720N;069-29-47.040W;23.18
3327;47-59-33.720N;069-29-46.680W;22.98
3328;47-59-33.720N;069-29-46.320W;22.88
3329;47-59-33.720N;069-29-45.960W;22.69
3330;47-59-33.720N;069-29-45.600W;22.58
3331;47-59-33.720N;069-29-45.240W;22.44
3332;47-59-33.720N;069-29-44.880W;22.18
3333;47-59-33.720N;069-29-44.520W;22.07
3334;47-59-33.720N;069-29-44.160W;21.94
3335;47-59-33.720N;069-29-43.800W;21.85
3336;47-59-33.720N;069-29-43.440W;21.59
3337;47-59-33.720N;069-29-43.080W;21.43
3338;47-59-33.720N;069-29-42.720W;21.21
3339;47-59-33.720N;069-29-42.360W;21.07
3340;47-59-33.720N;069-29-42.000W;20.75
3341;47-59-33.720N;069-29-41.640W;20.59
3342;47-59-33.720N;069-29-41.280W;20.52
3343;47-59-33.720N;069-29-40.920W;20.5
3344;47-59-33.720N;069-29-40.560W;20.23
3345;47-59-33.720N;069-29-40.200W;20.06
3346;47-59-33.720N;069-29-39.840W;19.74
3347;47-59-33.720N;069-29-39.480W;19.63
3348;47-59-33.720N;069-29-39.120W;19.23
3349;47-59-33.720N;069-29-38.760W;18.9
3350;47-59-33.720N;069-29-38.400W;18.76
3351;47-59-33.720N;069-29-38.040W;18.58
3352;47-59-33.720N;069-29-37.680W;18.42
3353;47-59-33.720N;069-29-37.320W;18.22
3354;47-59-33.720N;069-29-36.960W;17.97
3355;47-59-33.720N;069-29-36.600W;17.87
3356;47-59-33.720N;069-29-36.240W;17.59
3357;47-59-33.720N;069-29-35.880W;17.43
3358;47-59-33.720N;069-29-35.520W;17.13
3359;47-59-33.720N;069-29-35.160W;16.92
3360;47-59-33.720N;069-29-34.800W;16.62
3361;47-59-33.720N;069-29-34.440W;16.4
3362;47-59-33.720N;069-29-34.080W;16.21
3363;47-59-33.720N;069-29-33.720W;15.97
3364;47-59-33.720N;069-29-33.360W;15.74
3365;47-59-33.720N;069-29-33.000W;15.56
3366;47-59-33.720N;069-29-32.640W;15.43
3367;47-59-33.720N;069-29-32.280W;15.15
3368;47-59-33.720N;069-29-31.920W;14.84
3369;47-59-33.720N;069-29-31.560W;14.45
3370;47-59-33.720N;069-29-31.200W;14.05
3371;47-59-33.720N;069-29-30.840W;13.56
3372;47-59-33.720N;069-29-30.480W;13.05
3373;47-59-33.720N;069-29-30.120W;12.39
3374;47-59-33.720N;069-29-29.760W;11.74
3375;47-59-33.720N;069-29-29.400W;10.98
3376;47-59-33.720N;069-29-29.040W;10.38
3377;47-59-33.720N;069-29-28.680W;9.88
3378;47-59-33.720N;069-29-28.320W;9.87
3379;47-59-33.720N;069-29-27.960W;9.93
3380;47-59-33.616N;069-29-22.117W;-0.0
3381;47-59-34.080N;069-29-59.640W;28.86
3382;47-59-34.080N;069-29-59.280W;28.53
3383;47-59-34.080N;069-29-58.920W;28.5
3384;47-59-34.080N;069-29-58.560W;28.36
3385;47-59-34.080N;069-29-58.200W;28.23
3386;47-59-34.080N;069-29-57.840W;28.09
3387;47-59-34.080N;069-29-57.480W;27.98
3388;47-59-34.080N;069-29-57.120W;27.88
3389;47-59-34.080N;069-29-56.760W;27.68
3390;47-59-34.080N;069-29-56.400W;27.41
3391;47-59-34.080N;069-29-56.040W;27.24
3392;47-59-34.080N;069-29-55.680W;27.14
3393;47-59-34.080N;069-29-55.320W;26.95
3394;47-59-34.080N;069-29-54.960W;26.85
3395;47-59-34.080N;069-29-54.600W;26.72
3396;47-59-34.080N;069-29-54.240W;26.63
3397;47-59-34.080N;069-29-53.880W;26.35
3398;47-59-34.080N;069-29-53.520W;26.16
3399;47-59-34.080N;069-29-53.160W;26.02
3400;47-59-34.080N;069-29-52.800W;25.95
3401;47-59-34.080N;069-29-52.440W;25.83
3402;47-59-34.080N;069-29-52.080W;25.78
3403;47-59-34.080N;069-29-51.720W;25.62
3404;47-59-34.080N;069-29-51.360W;25.47
3405;47-59-34.080N;069-29-51.000W;25.29
3406;47-59-34.080N;069-29-50.640W;25.08
3407;47-59-34.080N;069-29-50.280W;24.8
3408;47-59-34.080N;069-29-49.920W;24.75
3409;47-59-34.080N;069-29-49.560W;24.45
3410;47-59-34.080N;069-29-49.200W;24.35
3411;47-59-34.080N;069-29-48.840W;24.14
3412;47-59-34.080N;069-29-48.480W;24.08
3413;47-59-34.080N;069-29-48.120W;23.92
3414;47-59-34.080N;069-29-47.760W;23.75
3415;47-59-34.080N;069-29-47.400W;23.51
3416;47-59-34.080N;069-29-47.040W;23.34
3417;47-59-34.080N;069-29-46.680W;23.19
3418;47-59-34.080N;069-29-46.320W;23.01
3419;47-59-34.080N;069-29-45.960W;22.85
3420;47-59-34.080N;069-29-45.600W;22.73
3421;47-59-34.080N;069-29-45.240W;22.6
3422;47-59-34.080N;069-29-44.880W;22.36
3423;47-59-34.080N;069-29-44.520W;22.24
3424;47-59-34.080N;069-29-44.160W;22.12
3425;47-59-34.080N;069-29-43.800W;22.0
3426;47-59-34.080N;069-29-43.440W;21.75
3427;47-59-34.080N;069-29-43.080W;21.63
3428;47-59-34.080N;069-29-42.720W;21.44
3429;47-59-34.080N;069-29-42.360W;21.24
3430;47-59-34.080N;069-29-42.000W;20.81
3431;47-59-34.080N;069-29-41.640W;20.87
3432;47-59-34.080N;069-29-41.280W;20.67
3433;47-59-34.080N;069-29-40.920W;20.54
3434;47-59-34.080N;069-29-40.560W;20.34
3435;47-59-34.080N;069-29-40.200W;20.14
3436;47-59-34.080N;069-29-39.840W;19.92
3437;47-59-34.080N;069-29-39.480W;19.77
3438;47-59-34.080N;069-29-39.120W;19.51
3439;47-59-34.080N;069-29-38.760W;19.34
3440;47-59-34.080N;069-29-38.400W;18.97
3441;47-59-34.080N;069-29-38.040W;18.83
3442;47-59-34.080N;069-29-37.680W;18.68
3443;47-59-34.080N;069-29-37.320W;18.46
3444;47-59-34.080N;069-29-36.960W;18.26
3445;47-59-34.080N;069-29-36.600W;18.11
3446;47-59-34.080N;069-29-36.240W;17.93
3447;47-59-34.080N;069-29-35.880W;17.69
3448;47-59-34.080N;069-29-35.520W;17.43
3449;47-59-34.080N;069-29-35.160W;17.21
3450;47-59-34.080N;069-29-34.800W;16.98
3451;47-59-34.080N;069-29-34.440W;16.78
3452;47-59-34.080N;069-29-34.080W;16.6
3453;47-59-34.080N;069-29-33.720W;16.31
3454;47-59-34.080N;069-29-33.360W;16.08
3455;47-59-34.080N;069-29-33.000W;15.83
3456;47-59-34.080N;069-29-32.640W;15.66
3457;47-59-34.080N;069-29-32.280W;15.47
3458;47-59-34.080N;069-29-31.920W;15.35
3459;47-59-34.080N;069-29-31.560W;14.99
3460;47-59-34.080N;069-29-31.200W;14.63
3461;47-59-34.080N;069-29-30.840W;14.18
3462;47-59-34.080N;069-29-30.480W;13.8
3463;47-59-34.080N;069-29-30.120W;13.19
3464;47-59-34.080N;069-29-29.760W;12.63
3465;47-59-34.080N;069-29-29.400W;11.89
3466;47-59-34.080N;069-29-29.040W;11.29
3467;47-59-34.080N;069-29-28.680W;10.73
3468;47-59-34.080N;069-29-28.320W;10.03
3469;47-59-34.080N;069-29-27.960W;9.84
3470;47-59-34.080N;069-29-27.600W;9.81
3471;47-59-34.193N;069-28-38.678W;-1.22
3472;47-59-34.201N;069-28-16.249W;-1.2
3473;47-59-34.070N;069-27-15.436W;1.52
3474;47-59-34.440N;069-29-59.640W;29.02
3475;47-59-34.440N;069-29-59.280W;28.86
3476;47-59-34.440N;069-29-58.920W;28.69
3477;47-59-34.440N;069-29-58.560W;28.54
3478;47-59-34.440N;069-29-58.200W;28.36
3479;47-59-34.440N;069-29-57.840W;28.17
3480;47-59-34.440N;069-29-57.480W;28.03
3481;47-59-34.440N;069-29-57.120W;27.96
3482;47-59-34.440N;069-29-56.760W;27.81
3483;47-59-34.440N;069-29-56.400W;27.66
3484;47-59-34.440N;069-29-56.040W;27.53
3485;47-59-34.440N;069-29-55.680W;27.44
3486;47-59-34.440N;069-29-55.320W;27.2
3487;47-59-34.440N;069-29-54.960W;26.96
3488;47-59-34.440N;069-29-54.600W;26.85
3489;47-59-34.440N;069-29-54.240W;26.73
3490;47-59-34.440N;069-29-53.880W;26.52
3491;47-59-34.440N;069-29-53.520W;26.41
3492;47-59-34.440N;069-29-53.160W;26.25
3493;47-59-34.440N;069-29-52.800W;26.14
3494;47-59-34.440N;069-29-52.440W;26.0
3495;47-59-34.440N;069-29-52.080W;25.86
3496;47-59-34.440N;069-29-51.720W;25.74
3497;47-59-34.440N;069-29-51.360W;25.64
3498;47-59-34.440N;069-29-51.000W;25.45
3499;47-59-34.440N;069-29-50.640W;25.28
3500;47-59-34.440N;069-29-50.280W;24.98
3501;47-59-34.440N;069-29-49.920W;24.85
3502;47-59-34.440N;069-29-49.560W;24.67
3503;47-59-34.440N;069-29-49.200W;24.51
3504;47-59-34.440N;069-29-48.840W;24.31
3505;47-59-34.440N;069-29-48.480W;24.09
3506;47-59-34.440N;069-29-48.120W;24.01
3507;47-59-34.440N;069-29-47.760W;23.77
3508;47-59-34.440N;069-29-47.400W;23.63
3509;47-59-34.440N;069-29-47.040W;23.46
3510;47-59-34.440N;069-29-46.680W;23.34
3511;47-59-34.440N;069-29-46.320W;23.18
3512;47-59-34.440N;069-29-45.960W;22.99
3513;47-59-34.440N;069-29-45.600W;22.97
3514;47-59-34.440N;069-29-45.240W;22.81
3515;47-59-34.440N;069-29-44.880W;22.6
3516;47-59-34.440N;069-29-44.520W;22.41
3517;47-59-34.440N;069-29-44.160W;22.31
3518;47-59-34.440N;069-29-43.800W;22.26
3519;47-59-34.440N;069-29-43.440W;21.99
3520;47-59-34.440N;069-29-43.080W;21.93
3521;47-59-34.440N;069-29-42.720W;21.65
3522;47-59-34.440N;069-29-42.360W;21.53
3523;47-59-34.440N;069-29-42.000W;21.29
3524;47-59-34.440N;069-29-41.640W;21.1
3525;47-59-34.440N;069-29-41.280W;20.87
3526;47-59-34.440N;069-29-40.920W;20.76
3527;47-59-34.440N;069-29-40.560W;20.54
3528;47-59-34.440N;069-29-40.200W;20.35
3529;47-59-34.440N;069-29-39.840W;20.19
3530;47-59-34.440N;069-29-39.480W;20.15
3531;47-59-34.440N;069-29-39.120W;19.86
3532;47-59-34.440N;069-29-38.760W;19.59
3533;47-59-34.440N;069-29-38.400W;19.36
3534;47-59-34.440N;069-29-38.040W;19.02
3535;47-59-34.440N;069-29-37.680W;18.76
3536;47-59-34.440N;069-29-37.320W;18.72
3537;47-59-34.440N;069-29-36.960W;18.56
3538;47-59-34.440N;069-29-36.600W;18.4
3539;47-59-34.440N;069-29-36.240W;18.17
3540;47-59-34.440N;069-29-35.880W;17.97
3541;47-59-34.440N;069-29-35.520W;17.73
3542;47-59-34.440N;069-29-35.160W;17.49
3543;47-59-34.440N;069-29-34.800W;17.28
3544;47-59-34.440N;069-29-34.440W;17.07
3545;47-59-34.440N;069-29-34.080W;16.84
3546;47-59-34.440N;069-29-33.720W;16.59
3547;47-59-34.440N;069-29-33.360W;16.38
3548;47-59-34.440N;069-29-33.000W;16.18
3549;47-59-34.440N;069-29-32.640W;15.98
3550;47-59-34.440N;069-29-32.280W;15.75
3551;47-59-34.440N;069-29-31.920W;15.63
3552;47-59-34.440N;069-29-31.560W;15.46
3553;47-59-34.440N;069-29-31.200W;15.17
3554;47-59-34.440N;069-29-30.840W;14.82
3555;47-59-34.440N;069-29-30.480W;14.39
3556;47-59-34.440N;069-29-30.120W;13.97
3557;47-59-34.440N;069-29-29.760W;13.42
3558;47-59-34.440N;069-29-29.400W;12.96
3559;47-59-34.440N;069-29-29.040W;12.21
3560;47-59-34.440N;069-29-28.680W;11.5
3561;47-59-34.440N;069-29-28.320W;10.73
3562;47-59-34.440N;069-29-27.960W;10.12
3563;47-59-34.440N;069-29-27.600W;9.75
3564;47-59-34.440N;069-29-27.240W;9.58
3565;47-59-34.612N;069-29-20.882W;-1.22
3566;47-59-34.402N;069-27-32.019W;-1.2
3567;47-59-34.367N;069-27-24.404W;1.83
3568;47-59-34.486N;069-27-07.767W;-1.52
3569;47-59-34.264N;069-27-00.030W;-2.13
3570;47-59-34.800N;069-29-59.640W;29.17
3571;47-59-34.800N;069-29-59.280W;29.0
3572;47-59-34.800N;069-29-58.920W;28.84
3573;47-59-34.800N;069-29-58.560W;28.57
3574;47-59-34.800N;069-29-58.200W;28.44
3575;47-59-34.800N;069-29-57.840W;28.35
3576;47-59-34.800N;069-29-57.480W;28.15
3577;47-59-34.800N;069-29-57.120W;28.01
3578;47-59-34.800N;069-29-56.760W;28.0
3579;47-59-34.800N;069-29-56.400W;27.92
3580;47-59-34.800N;069-29-56.040W;27.65
3581;47-59-34.800N;069-29-55.680W;27.57
3582;47-59-34.800N;069-29-55.320W;27.48
3583;47-59-34.800N;069-29-54.960W;27.21
3584;47-59-34.800N;069-29-54.600W;27.0
3585;47-59-34.800N;069-29-54.240W;26.91
3586;47-59-34.800N;069-29-53.880W;26.65
3587;47-59-34.800N;069-29-53.520W;26.53
3588;47-59-34.800N;069-29-53.160W;26.37
3589;47-59-34.800N;069-29-52.800W;26.21
3590;47-59-34.800N;069-29-52.440W;26.12
3591;47-59-34.800N;069-29-52.080W;26.0
3592;47-59-34.800N;069-29-51.720W;25.97
3593;47-59-34.800N;069-29-51.360W;25.82
3594;47-59-34.800N;069-29-51.000W;25.59
3595;47-59-34.800N;069-29-50.640W;25.48
3596;47-59-34.800N;069-29-50.280W;25.25
3597;47-59-34.800N;069-29-49.920W;25.1
3598;47-59-34.800N;069-29-49.560W;24.87
3599;47-59-34.800N;069-29-49.200W;24.8
3600;47-59-34.800N;069-29-48.840W;24.5
3601;47-59-34.800N;069-29-48.480W;24.39
3602;47-59-34.800N;069-29-48.120W;24.22
3603;47-59-34.800N;069-29-47.760W;24.09
3604;47-59-34.800N;069-29-47.400W;23.88
3605;47-59-34.800N;069-29-47.040W;23.68
3606;47-59-34.800N;069-29-46.680W;23.5
3607;47-59-34.800N;069-29-46.320W;23.39
3608;47-59-34.800N;069-29-45.960W;23.23
3609;47-59-34.800N;069-29-45.600W;23.09
3610;47-59-34.800N;069-29-45.240W;22.94
3611;47-59-34.800N;069-29-44.880W;22.86
3612;47-59-34.800N;069-29-44.520W;22.58
3613;47-59-34.800N;069-29-44.160W;22.47
3614;47-59-34.800N;069-29-43.800W;22.31
3615;47-59-34.800N;069-29-43.440W;22.19
3616;47-59-34.800N;069-29-43.080W;22.15
3617;47-59-34.800N;069-29-42.720W;21.94
3618;47-59-34.800N;069-29-42.360W;21.83
3619;47-59-34.800N;069-29-42.000W;21.54
3620;47-59-34.800N;069-29-41.640W;21.38
3621;47-59-34.800N;069-29-41.280W;21.14
3622;47-59-34.800N;069-29-40.920W;20.95
3623;47-59-34.800N;069-29-40.560W;20.81
3624;47-59-34.800N;069-29-40.200W;20.6
3625;47-59-34.800N;069-29-39.840W;20.47
3626;47-59-34.800N;069-29-39.480W;20.27
3627;47-59-34.800N;069-29-39.120W;20.04
3628;47-59-34.800N;069-29-38.760W;19.89
3629;47-59-34.800N;069-29-38.400W;19.62
3630;47-59-34.800N;069-29-38.040W;19.53
3631;47-59-34.800N;069-29-37.680W;19.03
3632;47-59-34.800N;069-29-37.320W;18.9
3633;47-59-34.800N;069-29-36.960W;18.76
3634;47-59-34.800N;069-29-36.600W;18.58
3635;47-59-34.800N;069-29-36.240W;18.41
3636;47-59-34.800N;069-29-35.880W;18.2
3637;47-59-34.800N;069-29-35.520W;17.99
3638;47-59-34.800N;069-29-35.160W;17.79
3639;47-59-34.800N;069-29-34.800W;17.57
3640;47-59-34.800N;069-29-34.440W;17.29
3641;47-59-34.800N;069-29-34.080W;17.11
3642;47-59-34.800N;069-29-33.720W;16.88
3643;47-59-34.800N;069-29-33.360W;16.73
3644;47-59-34.800N;069-29-33.000W;16.45
3645;47-59-34.800N;069-29-32.640W;16.34
3646;47-59-34.800N;069-29-32.280W;16.07
3647;47-59-34.800N;069-29-31.920W;15.86
3648;47-59-34.800N;069-29-31.560W;15.71
3649;47-59-34.800N;069-29-31.200W;15.57
3650;47-59-34.800N;069-29-30.840W;15.31
3651;47-59-34.800N;069-29-30.480W;14.96
3652;47-59-34.800N;069-29-30.120W;14.59
3653;47-59-34.800N;069-29-29.760W;14.16
3654;47-59-34.800N;069-29-29.400W;13.68
3655;47-59-34.800N;069-29-29.040W;13.02
3656;47-59-34.800N;069-29-28.680W;12.4
3657;47-59-34.800N;069-29-28.320W;11.65
3658;47-59-34.800N;069-29-27.960W;10.99
3659;47-59-34.800N;069-29-27.600W;10.15
3660;47-59-34.800N;069-29-27.240W;9.6
3661;47-59-34.800N;069-29-26.880W;9.56
3662;47-59-34.800N;069-29-26.520W;9.67
3663;47-59-34.911N;069-29-26.281W;9.45
3664;47-59-34.847N;069-29-18.974W;-0.0
3665;47-59-34.640N;069-28-07.592W;-1.8
3666;47-59-34.629N;069-27-58.806W;-1.5
3667;47-59-34.945N;069-27-50.456W;-1.5
3668;47-59-35.160N;069-29-59.640W;29.31
3669;47-59-35.160N;069-29-59.280W;29.13
3670;47-59-35.160N;069-29-58.920W;29.02
3671;47-59-35.160N;069-29-58.560W;28.88
3672;47-59-35.160N;069-29-58.200W;28.73
3673;47-59-35.160N;069-29-57.840W;28.53
3674;47-59-35.160N;069-29-57.480W;28.43
3675;47-59-35.160N;069-29-57.120W;28.25
3676;47-59-35.160N;069-29-56.760W;28.16
3677;47-59-35.160N;069-29-56.400W;28.14
3678;47-59-35.160N;069-29-56.040W;28.07
3679;47-59-35.160N;069-29-55.680W;27.85
3680;47-59-35.160N;069-29-55.320W;27.83
3681;47-59-35.160N;069-29-54.960W;27.55
3682;47-59-35.160N;069-29-54.600W;27.25
3683;47-59-35.160N;069-29-54.240W;27.15
3684;47-59-35.160N;069-29-53.880W;26.82
3685;47-59-35.160N;069-29-53.520W;26.73
3686;47-59-35.160N;069-29-53.160W;26.62
3687;47-59-35.160N;069-29-52.800W;26.41
3688;47-59-35.160N;069-29-52.440W;26.22
3689;47-59-35.160N;069-29-52.080W;26.14
3690;47-59-35.160N;069-29-51.720W;26.08
3691;47-59-35.160N;069-29-51.360W;25.95
3692;47-59-35.160N;069-29-51.000W;25.71
3693;47-59-35.160N;069-29-50.640W;25.56
3694;47-59-35.160N;069-29-50.280W;25.46
3695;47-59-35.160N;069-29-49.920W;25.33
3696;47-59-35.160N;069-29-49.560W;25.02
3697;47-59-35.160N;069-29-49.200W;24.86
3698;47-59-35.160N;069-29-48.840W;24.76
3699;47-59-35.160N;069-29-48.480W;24.59
3700;47-59-35.160N;069-29-48.120W;24.46
3701;47-59-35.160N;069-29-47.760W;24.33
3702;47-59-35.160N;069-29-47.400W;24.12
3703;47-59-35.160N;069-29-47.040W;23.87
3704;47-59-35.160N;069-29-46.680W;23.77
3705;47-59-35.160N;069-29-46.320W;23.63
3706;47-59-35.160N;069-29-45.960W;23.39
3707;47-59-35.160N;069-29-45.600W;23.26
3708;47-59-35.160N;069-29-45.240W;23.13
3709;47-59-35.160N;069-29-44.880W;23.07
3710;47-59-35.160N;069-29-44.520W;22.88
3711;47-59-35.160N;069-29-44.160W;22.7
3712;47-59-35.160N;069-29-43.800W;22.5
3713;47-59-35.160N;069-29-43.440W;22.4
3714;47-59-35.160N;069-29-43.080W;22.23
3715;47-59-35.160N;069-29-42.720W;22.17
3716;47-59-35.160N;069-29-42.360W;21.89
3717;47-59-35.160N;069-29-42.000W;21.73
3718;47-59-35.160N;069-29-41.640W;21.54
3719;47-59-35.160N;069-29-41.280W;21.31
3720;47-59-35.160N;069-29-40.920W;21.18
3721;47-59-35.160N;069-29-40.560W;20.95
3722;47-59-35.160N;069-29-40.200W;20.81
3723;47-59-35.160N;069-29-39.840W;20.67
3724;47-59-35.160N;069-29-39.480W;20.5
3725;47-59-35.160N;069-29-39.120W;20.26
3726;47-59-35.160N;069-29-38.760W;20.09
3727;47-59-35.160N;069-29-38.400W;19.87
3728;47-59-35.160N;069-29-38.040W;19.7
3729;47-59-35.160N;069-29-37.680W;19.47
3730;47-59-35.160N;069-29-37.320W;19.19
3731;47-59-35.160N;069-29-36.960W;18.89
3732;47-59-35.160N;069-29-36.600W;18.75
3733;47-59-35.160N;069-29-36.240W;18.61
3734;47-59-35.160N;069-29-35.880W;18.43
3735;47-59-35.160N;069-29-35.520W;18.23
3736;47-59-35.160N;069-29-35.160W;18.02
3737;47-59-35.160N;069-29-34.800W;17.84
3738;47-59-35.160N;069-29-34.440W;17.68
3739;47-59-35.160N;069-29-34.080W;17.49
3740;47-59-35.160N;069-29-33.720W;17.24
3741;47-59-35.160N;069-29-33.360W;17.12
3742;47-59-35.160N;069-29-33.000W;16.84
3743;47-59-35.160N;069-29-32.640W;16.51
3744;47-59-35.160N;069-29-32.280W;16.33
3745;47-59-35.160N;069-29-31.920W;16.14
3746;47-59-35.160N;069-29-31.560W;15.99
3747;47-59-35.160N;069-29-31.200W;15.75
3748;47-59-35.160N;069-29-30.840W;15.61
3749;47-59-35.160N;069-29-30.480W;15.47
3750;47-59-35.160N;069-29-30.120W;15.2
3751;47-59-35.160N;069-29-29.760W;14.79
3752;47-59-35.160N;069-29-29.400W;14.42
3753;47-59-35.160N;069-29-29.040W;13.84
3754;47-59-35.160N;069-29-28.680W;13.26
3755;47-59-35.160N;069-29-28.320W;12.62
3756;47-59-35.160N;069-29-27.960W;11.88
3757;47-59-35.160N;069-29-27.600W;11.2
3758;47-59-35.160N;069-29-27.240W;10.63
3759;47-59-35.160N;069-29-26.880W;10.04
3760;47-59-35.160N;069-29-26.520W;9.63
3761;47-59-35.160N;069-29-26.160W;9.58
3762;47-59-35.160N;069-29-25.800W;9.64
3763;47-59-35.026N;069-27-40.936W;-1.5
3764;47-59-35.520N;069-29-59.640W;29.54
3765;47-59-35.520N;069-29-59.280W;29.4
3766;47-59-35.520N;069-29-58.920W;29.28
3767;47-59-35.520N;069-29-58.560W;29.09
3768;47-59-35.520N;069-29-58.200W;29.02
3769;47-59-35.520N;069-29-57.840W;28.77
3770;47-59-35.520N;069-29-57.480W;28.73
3771;47-59-35.520N;069-29-57.120W;28.5
3772;47-59-35.520N;069-29-56.760W;28.45
3773;47-59-35.520N;069-29-56.400W;28.31
3774;47-59-35.520N;069-29-56.040W;28.18
3775;47-59-35.520N;069-29-55.680W;28.17
3776;47-59-35.520N;069-29-55.320W;28.05
3777;47-59-35.520N;069-29-54.960W;27.93
3778;47-59-35.520N;069-29-54.600W;27.68
3779;47-59-35.520N;069-29-54.240W;27.37
3780;47-59-35.520N;069-29-53.880W;27.18
3781;47-59-35.520N;069-29-53.520W;26.98
3782;47-59-35.520N;069-29-53.160W;26.73
3783;47-59-35.520N;069-29-52.800W;26.68
3784;47-59-35.520N;069-29-52.440W;26.51
3785;47-59-35.520N;069-29-52.080W;26.35
3786;47-59-35.520N;069-29-51.720W;26.13
3787;47-59-35.520N;069-29-51.360W;26.1
3788;47-59-35.520N;069-29-51.000W;25.89
3789;47-59-35.520N;069-29-50.640W;25.71
3790;47-59-35.520N;069-29-50.280W;25.36
3791;47-59-35.520N;069-29-49.920W;25.27
3792;47-59-35.520N;069-29-49.560W;25.1
3793;47-59-35.520N;069-29-49.200W;25.03
3794;47-59-35.520N;069-29-48.840W;24.8
3795;47-59-35.520N;069-29-48.480W;24.77
3796;47-59-35.520N;069-29-48.120W;24.56
3797;47-59-35.520N;069-29-47.760W;24.36
3798;47-59-35.520N;069-29-47.400W;24.25
3799;47-59-35.520N;069-29-47.040W;24.14
3800;47-59-35.520N;069-29-46.680W;23.99
3801;47-59-35.520N;069-29-46.320W;23.78
3802;47-59-35.520N;069-29-45.960W;23.52
3803;47-59-35.520N;069-29-45.600W;23.38
3804;47-59-35.520N;069-29-45.240W;23.33
3805;47-59-35.520N;069-29-44.880W;23.16
3806;47-59-35.520N;069-29-44.520W;23.02
3807;47-59-35.520N;069-29-44.160W;22.92
3808;47-59-35.520N;069-29-43.800W;22.76
3809;47-59-35.520N;069-29-43.440W;22.63
3810;47-59-35.520N;069-29-43.080W;22.39
3811;47-59-35.520N;069-29-42.720W;22.33
3812;47-59-35.520N;069-29-42.360W;22.18
3813;47-59-35.520N;069-29-42.000W;22.06
3814;47-59-35.520N;069-29-41.640W;21.85
3815;47-59-35.520N;069-29-41.280W;21.49
3816;47-59-35.520N;069-29-40.920W;21.33
3817;47-59-35.520N;069-29-40.560W;21.21
3818;47-59-35.520N;069-29-40.200W;21.12
3819;47-59-35.520N;069-29-39.840W;20.87
3820;47-59-35.520N;069-29-39.480W;20.78
3821;47-59-35.520N;069-29-39.120W;20.56
3822;47-59-35.520N;069-29-38.760W;20.32
3823;47-59-35.520N;069-29-38.400W;20.11
3824;47-59-35.520N;069-29-38.040W;19.96
3825;47-59-35.520N;069-29-37.680W;19.64
3826;47-59-35.520N;069-29-37.320W;19.45
3827;47-59-35.520N;069-29-36.960W;19.21
3828;47-59-35.520N;069-29-36.600W;18.93
3829;47-59-35.520N;069-29-36.240W;18.74
3830;47-59-35.520N;069-29-35.880W;18.55
3831;47-59-35.520N;069-29-35.520W;18.42
3832;47-59-35.520N;069-29-35.160W;18.26
3833;47-59-35.520N;069-29-34.800W;18.05
3834;47-59-35.520N;069-29-34.440W;17.95
3835;47-59-35.520N;069-29-34.080W;17.71
3836;47-59-35.520N;069-29-33.720W;17.55
3837;47-59-35.520N;069-29-33.360W;17.33
3838;47-59-35.520N;069-29-33.000W;17.16
3839;47-59-35.520N;069-29-32.640W;16.91
3840;47-59-35.520N;069-29-32.280W;16.69
3841;47-59-35.520N;069-29-31.920W;16.4
3842;47-59-35.520N;069-29-31.560W;16.25
3843;47-59-35.520N;069-29-31.200W;16.08
3844;47-59-35.520N;069-29-30.840W;15.9
3845;47-59-35.520N;069-29-30.480W;15.72
3846;47-59-35.520N;069-29-30.120W;15.61
3847;47-59-35.520N;069-29-29.760W;15.36
3848;47-59-35.520N;069-29-29.400W;15.04
3849;47-59-35.520N;069-29-29.040W;14.65
3850;47-59-35.520N;069-29-28.680W;14.1
3851;47-59-35.520N;069-29-28.320W;13.52
3852;47-59-35.520N;069-29-27.960W;12.78
3853;47-59-35.520N;069-29-27.600W;12.14
3854;47-59-35.520N;069-29-27.240W;11.52
3855;47-59-35.520N;069-29-26.880W;10.86
3856;47-59-35.520N;069-29-26.520W;10.23
3857;47-59-35.520N;069-29-26.160W;9.72
3858;47-59-35.520N;069-29-25.800W;9.52
3859;47-59-35.520N;069-29-25.440W;9.6
3860;47-59-35.595N;069-28-43.557W;-1.52
3861;47-59-35.535N;069-28-29.915W;-1.2
3862;47-59-35.880N;069-29-59.640W;29.8
3863;47-59-35.880N;069-29-59.280W;29.58
3864;47-59-35.880N;069-29-58.920W;29.42
3865;47-59-35.880N;069-29-58.560W;29.31
3866;47-59-35.880N;069-29-58.200W;29.15
3867;47-59-35.880N;069-29-57.840W;28.97
3868;47-59-35.880N;069-29-57.480W;28.87
3869;47-59-35.880N;069-29-57.120W;28.78
3870;47-59-35.880N;069-29-56.760W;28.62
3871;47-59-35.880N;069-29-56.400W;28.35
3872;47-59-35.880N;069-29-56.040W;28.33
3873;47-59-35.880N;069-29-55.680W;28.22
3874;47-59-35.880N;069-29-55.320W;28.19
3875;47-59-35.880N;069-29-54.960W;28.01
3876;47-59-35.880N;069-29-54.600W;27.84
3877;47-59-35.880N;069-29-54.240W;27.69
3878;47-59-35.880N;069-29-53.880W;27.36
3879;47-59-35.880N;069-29-53.520W;27.24
3880;47-59-35.880N;069-29-53.160W;26.92
3881;47-59-35.880N;069-29-52.800W;26.85
3882;47-59-35.880N;069-29-52.440W;26.72
3883;47-59-35.880N;069-29-52.080W;26.48
3884;47-59-35.880N;069-29-51.720W;26.19
3885;47-59-35.880N;069-29-51.360W;26.14
3886;47-59-35.880N;069-29-51.000W;25.95
3887;47-59-35.880N;069-29-50.640W;25.81
3888;47-59-35.880N;069-29-50.280W;25.54
3889;47-59-35.880N;069-29-49.920W;25.32
3890;47-59-35.880N;069-29-49.560W;25.28
3891;47-59-35.880N;069-29-49.200W;25.18
3892;47-59-35.880N;069-29-48.840W;25.02
3893;47-59-35.880N;069-29-48.480W;24.95
3894;47-59-35.880N;069-29-48.120W;24.72
3895;47-59-35.880N;069-29-47.760W;24.68
3896;47-59-35.880N;069-29-47.400W;24.48
3897;47-59-35.880N;069-29-47.040W;24.23
3898;47-59-35.880N;069-29-46.680W;24.11
3899;47-59-35.880N;069-29-46.320W;24.09
3900;47-59-35.880N;069-29-45.960W;23.77
3901;47-59-35.880N;069-29-45.600W;23.59
3902;47-59-35.880N;069-29-45.240W;23.33
3903;47-59-35.880N;069-29-44.880W;23.28
3904;47-59-35.880N;069-29-44.520W;23.1
3905;47-59-35.880N;069-29-44.160W;23.0
3906;47-59-35.880N;069-29-43.800W;22.88
3907;47-59-35.880N;069-29-43.440W;22.74
3908;47-59-35.880N;069-29-43.080W;22.58
3909;47-59-35.880N;069-29-42.720W;22.53
3910;47-59-35.880N;069-29-42.360W;22.32
3911;47-59-35.880N;069-29-42.000W;22.25
3912;47-59-35.880N;069-29-41.640W;22.09
3913;47-59-35.880N;069-29-41.280W;21.9
3914;47-59-35.880N;069-29-40.920W;21.69
3915;47-59-35.880N;069-29-40.560W;21.41
3916;47-59-35.880N;069-29-40.200W;21.32
3917;47-59-35.880N;069-29-39.840W;21.06
3918;47-59-35.880N;069-29-39.480W;20.91
3919;47-59-35.880N;069-29-39.120W;20.76
3920;47-59-35.880N;069-29-38.760W;20.63
3921;47-59-35.880N;069-29-38.400W;20.36
3922;47-59-35.880N;069-29-38.040W;20.15
3923;47-59-35.880N;069-29-37.680W;19.93
3924;47-59-35.880N;069-29-37.320W;19.78
3925;47-59-35.880N;069-29-36.960W;19.58
3926;47-59-35.880N;069-29-36.600W;19.35
3927;47-59-35.880N;069-29-36.240W;19.06
3928;47-59-35.880N;069-29-35.880W;18.76
3929;47-59-35.880N;069-29-35.520W;18.6
3930;47-59-35.880N;069-29-35.160W;18.46
3931;47-59-35.880N;069-29-34.800W;18.34
3932;47-59-35.880N;069-29-34.440W;18.21
3933;47-59-35.880N;069-29-34.080W;17.99
3934;47-59-35.880N;069-29-33.720W;17.8
3935;47-59-35.880N;069-29-33.360W;17.59
3936;47-59-35.880N;069-29-33.000W;17.45
3937;47-59-35.880N;069-29-32.640W;17.23
3938;47-59-35.880N;069-29-32.280W;16.97
3939;47-59-35.880N;069-29-31.920W;16.76
3940;47-59-35.880N;069-29-31.560W;16.51
3941;47-59-35.880N;069-29-31.200W;16.37
3942;47-59-35.880N;069-29-30.840W;16.18
3943;47-59-35.880N;069-29-30.480W;16.03
3944;47-59-35.880N;069-29-30.120W;15.87
3945;47-59-35.880N;069-29-29.760W;15.58
3946;47-59-35.880N;069-29-29.400W;15.53
3947;47-59-35.880N;069-29-29.040W;15.19
3948;47-59-35.880N;069-29-28.680W;14.76
3949;47-59-35.880N;069-29-28.320W;14.31
3950;47-59-35.880N;069-29-27.960W;13.61
3951;47-59-35.880N;069-29-27.600W;13.11
3952;47-59-35.880N;069-29-27.240W;12.31
3953;47-59-35.880N;069-29-26.880W;11.72
3954;47-59-35.880N;069-29-26.520W;11.09
3955;47-59-35.880N;069-29-26.160W;10.44
3956;47-59-35.880N;069-29-25.800W;9.92
3957;47-59-35.880N;069-29-25.440W;9.54
3958;47-59-35.880N;069-29-25.080W;9.54
3959;47-59-35.880N;069-29-24.720W;9.65
3960;47-59-35.754N;069-29-16.739W;-0.0
3961;47-59-36.240N;069-29-59.640W;29.97
3962;47-59-36.240N;069-29-59.280W;29.73
3963;47-59-36.240N;069-29-58.920W;29.53
3964;47-59-36.240N;069-29-58.560W;29.36
3965;47-59-36.240N;069-29-58.200W;29.26
3966;47-59-36.240N;069-29-57.840W;29.15
3967;47-59-36.240N;069-29-57.480W;29.02
3968;47-59-36.240N;069-29-57.120W;28.82
3969;47-59-36.240N;069-29-56.760W;28.71
3970;47-59-36.240N;069-29-56.400W;28.49
3971;47-59-36.240N;069-29-56.040W;28.42
3972;47-59-36.240N;069-29-55.680W;28.28
3973;47-59-36.240N;069-29-55.320W;28.19
3974;47-59-36.240N;069-29-54.960W;28.05
3975;47-59-36.240N;069-29-54.600W;28.09
3976;47-59-36.240N;069-29-54.240W;27.87
3977;47-59-36.240N;069-29-53.880W;27.79
3978;47-59-36.240N;069-29-53.520W;27.58
3979;47-59-36.240N;069-29-53.160W;27.22
3980;47-59-36.240N;069-29-52.800W;27.04
3981;47-59-36.240N;069-29-52.440W;26.72
3982;47-59-36.240N;069-29-52.080W;26.56
3983;47-59-36.240N;069-29-51.720W;26.33
3984;47-59-36.240N;069-29-51.360W;26.28
3985;47-59-36.240N;069-29-51.000W;26.05
3986;47-59-36.240N;069-29-50.640W;25.88
3987;47-59-36.240N;069-29-50.280W;25.69
3988;47-59-36.240N;069-29-49.920W;25.54
3989;47-59-36.240N;069-29-49.560W;25.36
3990;47-59-36.240N;069-29-49.200W;25.22
3991;47-59-36.240N;069-29-48.840W;25.14
3992;47-59-36.240N;069-29-48.480W;25.06
3993;47-59-36.240N;069-29-48.120W;24.92
3994;47-59-36.240N;069-29-47.760W;24.84
3995;47-59-36.240N;069-29-47.400W;24.63
3996;47-59-36.240N;069-29-47.040W;24.49
3997;47-59-36.240N;069-29-46.680W;24.32
3998;47-59-36.240N;069-29-46.320W;24.23
3999;47-59-36.240N;069-29-45.960W;24.03
4000;47-59-36.240N;069-29-45.600W;23.83
4001;47-59-36.240N;069-29-45.240W;23.52
4002;47-59-36.240N;069-29-44.880W;23.49
4003;47-59-36.240N;069-29-44.520W;23.3
4004;47-59-36.240N;069-29-44.160W;23.18
4005;47-59-36.240N;069-29-43.800W;23.05
4006;47-59-36.240N;069-29-43.440W;22.99
4007;47-59-36.240N;069-29-43.080W;22.72
4008;47-59-36.240N;069-29-42.720W;22.66
4009;47-59-36.240N;069-29-42.360W;22.53
4010;47-59-36.240N;069-29-42.000W;22.33
4011;47-59-36.240N;069-29-41.640W;22.27
4012;47-59-36.240N;069-29-41.280W;22.11
4013;47-59-36.240N;069-29-40.920W;21.9
4014;47-59-36.240N;069-29-40.560W;21.66
4015;47-59-36.240N;069-29-40.200W;21.43
4016;47-59-36.240N;069-29-39.840W;21.17
4017;47-59-36.240N;069-29-39.480W;21.09
4018;47-59-36.240N;069-29-39.120W;20.88
4019;47-59-36.240N;069-29-38.760W;20.59
4020;47-59-36.240N;069-29-38.400W;20.47
4021;47-59-36.240N;069-29-38.040W;20.32
4022;47-59-36.240N;069-29-37.680W;19.99
4023;47-59-36.240N;069-29-37.320W;19.94
4024;47-59-36.240N;069-29-36.960W;19.64
4025;47-59-36.240N;069-29-36.600W;19.47
4026;47-59-36.240N;069-29-36.240W;19.26
4027;47-59-36.240N;069-29-35.880W;19.09
4028;47-59-36.240N;069-29-35.520W;18.8
4029;47-59-36.240N;069-29-35.160W;18.65
4030;47-59-36.240N;069-29-34.800W;18.51
4031;47-59-36.240N;069-29-34.440W;18.39
4032;47-59-36.240N;069-29-34.080W;18.25
4033;47-59-36.240N;069-29-33.720W;18.11
4034;47-59-36.240N;069-29-33.360W;17.88
4035;47-59-36.240N;069-29-33.000W;17.77
4036;47-59-36.240N;069-29-32.640W;17.55
4037;47-59-36.240N;069-29-32.280W;17.34
4038;47-59-36.240N;069-29-31.920W;17.12
4039;47-59-36.240N;069-29-31.560W;16.9
4040;47-59-36.240N;069-29-31.200W;16.67
4041;47-59-36.240N;069-29-30.840W;16.42
4042;47-59-36.240N;069-29-30.480W;16.32
4043;47-59-36.240N;069-29-30.120W;16.12
4044;47-59-36.240N;069-29-29.760W;15.93
4045;47-59-36.240N;069-29-29.400W;15.77
4046;47-59-36.240N;069-29-29.040W;15.62
4047;47-59-36.240N;069-29-28.680W;15.3
4048;47-59-36.240N;069-29-28.320W;14.96
4049;47-59-36.240N;069-29-27.960W;14.53
4050;47-59-36.240N;069-29-27.600W;13.95
4051;47-59-36.240N;069-29-27.240W;13.27
4052;47-59-36.240N;069-29-26.880W;12.51
4053;47-59-36.240N;069-29-26.520W;11.88
4054;47-59-36.240N;069-29-26.160W;11.29
4055;47-59-36.240N;069-29-25.800W;10.67
4056;47-59-36.240N;069-29-25.440W;10.13
4057;47-59-36.240N;069-29-25.080W;9.64
4058;47-59-36.240N;069-29-24.720W;9.56
4059;47-59-36.240N;069-29-24.360W;9.54
4060;47-59-36.126N;069-28-22.613W;-1.2
4061;47-59-36.600N;069-29-59.640W;30.15
4062;47-59-36.600N;069-29-59.280W;29.95
4063;47-59-36.600N;069-29-58.920W;29.81
4064;47-59-36.600N;069-29-58.560W;29.58
4065;47-59-36.600N;069-29-58.200W;29.5
4066;47-59-36.600N;069-29-57.840W;29.37
4067;47-59-36.600N;069-29-57.480W;29.17
4068;47-59-36.600N;069-29-57.120W;29.02
4069;47-59-36.600N;069-29-56.760W;28.81
4070;47-59-36.600N;069-29-56.400W;28.67
4071;47-59-36.600N;069-29-56.040W;28.54
4072;47-59-36.600N;069-29-55.680W;28.35
4073;47-59-36.600N;069-29-55.320W;28.22
4074;47-59-36.600N;069-29-54.960W;28.11
4075;47-59-36.600N;069-29-54.600W;27.98
4076;47-59-36.600N;069-29-54.240W;27.85
4077;47-59-36.600N;069-29-53.880W;27.89
4078;47-59-36.600N;069-29-53.520W;27.73
4079;47-59-36.600N;069-29-53.160W;27.48
4080;47-59-36.600N;069-29-52.800W;27.42
4081;47-59-36.600N;069-29-52.440W;26.96
4082;47-59-36.600N;069-29-52.080W;26.8
4083;47-59-36.600N;069-29-51.720W;26.55
4084;47-59-36.600N;069-29-51.360W;26.4
4085;47-59-36.600N;069-29-51.000W;26.16
4086;47-59-36.600N;069-29-50.640W;26.06
4087;47-59-36.600N;069-29-50.280W;25.92
4088;47-59-36.600N;069-29-49.920W;25.78
4089;47-59-36.600N;069-29-49.560W;25.54
4090;47-59-36.600N;069-29-49.200W;25.43
4091;47-59-36.600N;069-29-48.840W;25.33
4092;47-59-36.600N;069-29-48.480W;25.18
4093;47-59-36.600N;069-29-48.120W;24.96
4094;47-59-36.600N;069-29-47.760W;24.95
4095;47-59-36.600N;069-29-47.400W;24.73
4096;47-59-36.600N;069-29-47.040W;24.7
4097;47-59-36.600N;069-29-46.680W;24.45
4098;47-59-36.600N;069-29-46.320W;24.32
4099;47-59-36.600N;069-29-45.960W;24.1
4100;47-59-36.600N;069-29-45.600W;23.9
4101;47-59-36.600N;069-29-45.240W;23.78
4102;47-59-36.600N;069-29-44.880W;23.58
4103;47-59-36.600N;069-29-44.520W;23.4
4104;47-59-36.600N;069-29-44.160W;23.23
4105;47-59-36.600N;069-29-43.800W;23.21
4106;47-59-36.600N;069-29-43.440W;23.03
4107;47-59-36.600N;069-29-43.080W;22.97
4108;47-59-36.600N;069-29-42.720W;22.85
4109;47-59-36.600N;069-29-42.360W;22.64
4110;47-59-36.600N;069-29-42.000W;22.53
4111;47-59-36.600N;069-29-41.640W;22.32
4112;47-59-36.600N;069-29-41.280W;22.26
4113;47-59-36.600N;069-29-40.920W;21.99
4114;47-59-36.600N;069-29-40.560W;21.88
4115;47-59-36.600N;069-29-40.200W;21.81
4116;47-59-36.600N;069-29-39.840W;21.39
4117;47-59-36.600N;069-29-39.480W;21.32
4118;47-59-36.600N;069-29-39.120W;21.1
4119;47-59-36.600N;069-29-38.760W;20.91
4120;47-59-36.600N;069-29-38.400W;20.68
4121;47-59-36.600N;069-29-38.040W;20.54
4122;47-59-36.600N;069-29-37.680W;20.31
4123;47-59-36.600N;069-29-37.320W;20.17
4124;47-59-36.600N;069-29-36.960W;19.96
4125;47-59-36.600N;069-29-36.600W;19.76
4126;47-59-36.600N;069-29-36.240W;19.58
4127;47-59-36.600N;069-29-35.880W;19.44
4128;47-59-36.600N;069-29-35.520W;19.12
4129;47-59-36.600N;069-29-35.160W;18.89
4130;47-59-36.600N;069-29-34.800W;18.67
4131;47-59-36.600N;069-29-34.440W;18.54
4132;47-59-36.600N;069-29-34.080W;18.47
4133;47-59-36.600N;069-29-33.720W;18.31
4134;47-59-36.600N;069-29-33.360W;18.15
4135;47-59-36.600N;069-29-33.000W;17.93
4136;47-59-36.600N;069-29-32.640W;17.81
4137;47-59-36.600N;069-29-32.280W;17.62
4138;47-59-36.600N;069-29-31.920W;17.45
4139;47-59-36.600N;069-29-31.560W;17.21
4140;47-59-36.600N;069-29-31.200W;17.02
4141;47-59-36.600N;069-29-30.840W;16.84
4142;47-59-36.600N;069-29-30.480W;16.78
4143;47-59-36.600N;069-29-30.120W;16.42
4144;47-59-36.600N;069-29-29.760W;16.24
4145;47-59-36.600N;069-29-29.400W;16.07
4146;47-59-36.600N;069-29-29.040W;15.83
4147;47-59-36.600N;069-29-28.680W;15.73
4148;47-59-36.600N;069-29-28.320W;15.56
4149;47-59-36.600N;069-29-27.960W;15.16
4150;47-59-36.600N;069-29-27.600W;14.68
4151;47-59-36.600N;069-29-27.240W;14.08
4152;47-59-36.600N;069-29-26.880W;13.5
4153;47-59-36.600N;069-29-26.520W;12.69
4154;47-59-36.600N;069-29-26.160W;12.0
4155;47-59-36.600N;069-29-25.800W;11.46
4156;47-59-36.600N;069-29-25.440W;10.88
4157;47-59-36.600N;069-29-25.080W;10.43
4158;47-59-36.600N;069-29-24.720W;9.98
4159;47-59-36.600N;069-29-24.360W;9.61
4160;47-59-36.600N;069-29-24.000W;9.63
4161;47-59-36.600N;069-29-23.640W;9.67
4162;47-59-36.769N;069-28-35.161W;-1.52
4163;47-59-36.764N;069-27-12.595W;1.52
4164;47-59-36.960N;069-29-59.640W;30.25
4165;47-59-36.960N;069-29-59.280W;30.08
4166;47-59-36.960N;069-29-58.920W;30.0
4167;47-59-36.960N;069-29-58.560W;29.77
4168;47-59-36.960N;069-29-58.200W;29.74
4169;47-59-36.960N;069-29-57.840W;29.55
4170;47-59-36.960N;069-29-57.480W;29.35
4171;47-59-36.960N;069-29-57.120W;29.14
4172;47-59-36.960N;069-29-56.760W;29.08
4173;47-59-36.960N;069-29-56.400W;28.82
4174;47-59-36.960N;069-29-56.040W;28.74
4175;47-59-36.960N;069-29-55.680W;28.49
4176;47-59-36.960N;069-29-55.320W;28.28
4177;47-59-36.960N;069-29-54.960W;28.15
4178;47-59-36.960N;069-29-54.600W;28.0
4179;47-59-36.960N;069-29-54.240W;27.77
4180;47-59-36.960N;069-29-53.880W;27.84
4181;47-59-36.960N;069-29-53.520W;27.73
4182;47-59-36.960N;069-29-53.160W;27.67
4183;47-59-36.960N;069-29-52.800W;27.49
4184;47-59-36.960N;069-29-52.440W;27.29
4185;47-59-36.960N;069-29-52.080W;26.97
4186;47-59-36.960N;069-29-51.720W;26.67
4187;47-59-36.960N;069-29-51.360W;26.41
4188;47-59-36.960N;069-29-51.000W;26.25
4189;47-59-36.960N;069-29-50.640W;26.14
4190;47-59-36.960N;069-29-50.280W;25.95
4191;47-59-36.960N;069-29-49.920W;25.87
4192;47-59-36.960N;069-29-49.560W;25.69
4193;47-59-36.960N;069-29-49.200W;25.55
4194;47-59-36.960N;069-29-48.840W;25.54
4195;47-59-36.960N;069-29-48.480W;25.37
4196;47-59-36.960N;069-29-48.120W;25.23
4197;47-59-36.960N;069-29-47.760W;25.05
4198;47-59-36.960N;069-29-47.400W;24.92
4199;47-59-36.960N;069-29-47.040W;24.87
4200;47-59-36.960N;069-29-46.680W;24.67
4201;47-59-36.960N;069-29-46.320W;24.57
4202;47-59-36.960N;069-29-45.960W;24.35
4203;47-59-36.960N;069-29-45.600W;24.16
4204;47-59-36.960N;069-29-45.240W;23.94
4205;47-59-36.960N;069-29-44.880W;23.84
4206;47-59-36.960N;069-29-44.520W;23.58
4207;47-59-36.960N;069-29-44.160W;23.42
4208;47-59-36.960N;069-29-43.800W;23.16
4209;47-59-36.960N;069-29-43.440W;23.22
4210;47-59-36.960N;069-29-43.080W;23.08
4211;47-59-36.960N;069-29-42.720W;23.05
4212;47-59-36.960N;069-29-42.360W;22.75
4213;47-59-36.960N;069-29-42.000W;22.67
4214;47-59-36.960N;069-29-41.640W;22.45
4215;47-59-36.960N;069-29-41.280W;22.4
4216;47-59-36.960N;069-29-40.920W;22.17
4217;47-59-36.960N;069-29-40.560W;22.1
4218;47-59-36.960N;069-29-40.200W;21.85
4219;47-59-36.960N;069-29-39.840W;21.72
4220;47-59-36.960N;069-29-39.480W;21.42
4221;47-59-36.960N;069-29-39.120W;21.31
4222;47-59-36.960N;069-29-38.760W;21.08
4223;47-59-36.960N;069-29-38.400W;20.86
4224;47-59-36.960N;069-29-38.040W;20.66
4225;47-59-36.960N;069-29-37.680W;20.53
4226;47-59-36.960N;069-29-37.320W;20.32
4227;47-59-36.960N;069-29-36.960W;20.15
4228;47-59-36.960N;069-29-36.600W;19.94
4229;47-59-36.960N;069-29-36.240W;19.72
4230;47-59-36.960N;069-29-35.880W;19.67
4231;47-59-36.960N;069-29-35.520W;19.42
4232;47-59-36.960N;069-29-35.160W;19.28
4233;47-59-36.960N;069-29-34.800W;19.01
4234;47-59-36.960N;069-29-34.440W;18.82
4235;47-59-36.960N;069-29-34.080W;18.7
4236;47-59-36.960N;069-29-33.720W;18.55
4237;47-59-36.960N;069-29-33.360W;18.37
4238;47-59-36.960N;069-29-33.000W;18.21
4239;47-59-36.960N;069-29-32.640W;18.08
4240;47-59-36.960N;069-29-32.280W;17.93
4241;47-59-36.960N;069-29-31.920W;17.78
4242;47-59-36.960N;069-29-31.560W;17.57
4243;47-59-36.960N;069-29-31.200W;17.38
4244;47-59-36.960N;069-29-30.840W;17.16
4245;47-59-36.960N;069-29-30.480W;16.96
4246;47-59-36.960N;069-29-30.120W;16.71
4247;47-59-36.960N;069-29-29.760W;16.49
4248;47-59-36.960N;069-29-29.400W;16.31
4249;47-59-36.960N;069-29-29.040W;16.13
4250;47-59-36.960N;069-29-28.680W;15.97
4251;47-59-36.960N;069-29-28.320W;15.86
4252;47-59-36.960N;069-29-27.960W;15.65
4253;47-59-36.960N;069-29-27.600W;15.29
4254;47-59-36.960N;069-29-27.240W;14.79
4255;47-59-36.960N;069-29-26.880W;14.27
4256;47-59-36.960N;069-29-26.520W;13.52
4257;47-59-36.960N;069-29-26.160W;12.8
4258;47-59-36.960N;069-29-25.800W;12.24
4259;47-59-36.960N;069-29-25.440W;11.71
4260;47-59-36.960N;069-29-25.080W;11.2
4261;47-59-36.960N;069-29-24.720W;10.73
4262;47-59-36.960N;069-29-24.360W;10.13
4263;47-59-36.960N;069-29-24.000W;9.64
4264;47-59-36.960N;069-29-23.640W;9.61
4265;47-59-36.960N;069-29-23.280W;9.61
4266;47-59-36.856N;069-29-13.985W;-0.0
4267;47-59-37.101N;069-28-13.598W;-1.8
4268;47-59-36.956N;069-27-36.363W;-1.5
4269;47-59-36.939N;069-27-28.685W;-0.9
4270;47-59-36.905N;069-27-20.578W;0.91
4271;47-59-36.933N;069-27-05.292W;-0.61
4272;47-59-37.320N;069-29-59.640W;30.32
4273;47-59-37.320N;069-29-59.280W;30.21
4274;47-59-37.320N;069-29-58.920W;30.11
4275;47-59-37.320N;069-29-58.560W;29.9
4276;47-59-37.320N;069-29-58.200W;29.92
4277;47-59-37.320N;069-29-57.840W;29.7
4278;47-59-37.320N;069-29-57.480W;29.64
4279;47-59-37.320N;069-29-57.120W;29.36
4280;47-59-37.320N;069-29-56.760W;29.2
4281;47-59-37.320N;069-29-56.400W;28.98
4282;47-59-37.320N;069-29-56.040W;28.86
4283;47-59-37.320N;069-29-55.680W;28.58
4284;47-59-37.320N;069-29-55.320W;28.48
4285;47-59-37.320N;069-29-54.960W;28.22
4286;47-59-37.320N;069-29-54.600W;28.08
4287;47-59-37.320N;069-29-54.240W;27.81
4288;47-59-37.320N;069-29-53.880W;27.77
4289;47-59-37.320N;069-29-53.520W;27.55
4290;47-59-37.320N;069-29-53.160W;27.55
4291;47-59-37.320N;069-29-52.800W;27.43
4292;47-59-37.320N;069-29-52.440W;27.39
4293;47-59-37.320N;069-29-52.080W;27.31
4294;47-59-37.320N;069-29-51.720W;26.93
4295;47-59-37.320N;069-29-51.360W;26.74
4296;47-59-37.320N;069-29-51.000W;26.41
4297;47-59-37.320N;069-29-50.640W;26.27
4298;47-59-37.320N;069-29-50.280W;26.11
4299;47-59-37.320N;069-29-49.920W;26.01
4300;47-59-37.320N;069-29-49.560W;25.84
4301;47-59-37.320N;069-29-49.200W;25.77
4302;47-59-37.320N;069-29-48.840W;25.67
4303;47-59-37.320N;069-29-48.480W;25.52
4304;47-59-37.320N;069-29-48.120W;25.4
4305;47-59-37.320N;069-29-47.760W;25.21
4306;47-59-37.320N;069-29-47.400W;25.07
4307;47-59-37.320N;069-29-47.040W;25.07
4308;47-59-37.320N;069-29-46.680W;24.91
4309;47-59-37.320N;069-29-46.320W;24.8
4310;47-59-37.320N;069-29-45.960W;24.56
4311;47-59-37.320N;069-29-45.600W;24.45
4312;47-59-37.320N;069-29-45.240W;24.11
4313;47-59-37.320N;069-29-44.880W;24.02
4314;47-59-37.320N;069-29-44.520W;23.81
4315;47-59-37.320N;069-29-44.160W;23.65
4316;47-59-37.320N;069-29-43.800W;23.43
4317;47-59-37.320N;069-29-43.440W;23.27
4318;47-59-37.320N;069-29-43.080W;23.19
4319;47-59-37.320N;069-29-42.720W;23.15
4320;47-59-37.320N;069-29-42.360W;22.98
4321;47-59-37.320N;069-29-42.000W;22.91
4322;47-59-37.320N;069-29-41.640W;22.66
4323;47-59-37.320N;069-29-41.280W;22.56
4324;47-59-37.320N;069-29-40.920W;22.3
4325;47-59-37.320N;069-29-40.560W;22.19
4326;47-59-37.320N;069-29-40.200W;22.03
4327;47-59-37.320N;069-29-39.840W;21.94
4328;47-59-37.320N;069-29-39.480W;21.7
4329;47-59-37.320N;069-29-39.120W;21.47
4330;47-59-37.320N;069-29-38.760W;21.35
4331;47-59-37.320N;069-29-38.400W;21.05
4332;47-59-37.320N;069-29-38.040W;20.89
4333;47-59-37.320N;069-29-37.680W;20.63
4334;47-59-37.320N;069-29-37.320W;20.51
4335;47-59-37.320N;069-29-36.960W;20.32
4336;47-59-37.320N;069-29-36.600W;20.17
4337;47-59-37.320N;069-29-36.240W;19.94
4338;47-59-37.320N;069-29-35.880W;19.77
4339;47-59-37.320N;069-29-35.520W;19.57
4340;47-59-37.320N;069-29-35.160W;19.42
4341;47-59-37.320N;069-29-34.800W;19.28
4342;47-59-37.320N;069-29-34.440W;19.04
4343;47-59-37.320N;069-29-34.080W;18.76
4344;47-59-37.320N;069-29-33.720W;18.72
4345;47-59-37.320N;069-29-33.360W;18.63
4346;47-59-37.320N;069-29-33.000W;18.51
4347;47-59-37.320N;069-29-32.640W;18.38
4348;47-59-37.320N;069-29-32.280W;18.2
4349;47-59-37.320N;069-29-31.920W;18.03
4350;47-59-37.320N;069-29-31.560W;17.87
4351;47-59-37.320N;069-29-31.200W;17.66
4352;47-59-37.320N;069-29-30.840W;17.42
4353;47-59-37.320N;069-29-30.480W;17.23
4354;47-59-37.320N;069-29-30.120W;17.07
4355;47-59-37.320N;069-29-29.760W;16.85
4356;47-59-37.320N;069-29-29.400W;16.6
4357;47-59-37.320N;069-29-29.040W;16.44
4358;47-59-37.320N;069-29-28.680W;16.34
4359;47-59-37.320N;069-29-28.320W;16.1
4360;47-59-37.320N;069-29-27.960W;15.92
4361;47-59-37.320N;069-29-27.600W;15.74
4362;47-59-37.320N;069-29-27.240W;15.44
4363;47-59-37.320N;069-29-26.880W;15.05
4364;47-59-37.320N;069-29-26.520W;14.43
4365;47-59-37.320N;069-29-26.160W;13.76
4366;47-59-37.320N;069-29-25.800W;13.05
4367;47-59-37.320N;069-29-25.440W;12.56
4368;47-59-37.320N;069-29-25.080W;11.99
4369;47-59-37.320N;069-29-24.720W;11.47
4370;47-59-37.320N;069-29-24.360W;10.88
4371;47-59-37.320N;069-29-24.000W;10.54
4372;47-59-37.320N;069-29-23.640W;9.97
4373;47-59-37.320N;069-29-23.280W;9.55
4374;47-59-37.320N;069-29-22.920W;9.61
4375;47-59-37.313N;069-26-59.222W;-1.22
4376;47-59-37.680N;069-29-59.640W;30.51
4377;47-59-37.680N;069-29-59.280W;30.28
4378;47-59-37.680N;069-29-58.920W;30.25
4379;47-59-37.680N;069-29-58.560W;30.04
4380;47-59-37.680N;069-29-58.200W;29.94
4381;47-59-37.680N;069-29-57.840W;29.84
4382;47-59-37.680N;069-29-57.480W;29.7
4383;47-59-37.680N;069-29-57.120W;29.54
4384;47-59-37.680N;069-29-56.760W;29.41
4385;47-59-37.680N;069-29-56.400W;29.19
4386;47-59-37.680N;069-29-56.040W;28.96
4387;47-59-37.680N;069-29-55.680W;28.71
4388;47-59-37.680N;069-29-55.320W;28.61
4389;47-59-37.680N;069-29-54.960W;28.36
4390;47-59-37.680N;069-29-54.600W;28.23
4391;47-59-37.680N;069-29-54.240W;27.92
4392;47-59-37.680N;069-29-53.880W;27.78
4393;47-59-37.680N;069-29-53.520W;27.61
4394;47-59-37.680N;069-29-53.160W;27.57
4395;47-59-37.680N;069-29-52.800W;27.4
4396;47-59-37.680N;069-29-52.440W;27.35
4397;47-59-37.680N;069-29-52.080W;27.23
4398;47-59-37.680N;069-29-51.720W;27.12
4399;47-59-37.680N;069-29-51.360W;26.89
4400;47-59-37.680N;069-29-51.000W;26.61
4401;47-59-37.680N;069-29-50.640W;26.43
4402;47-59-37.680N;069-29-50.280W;26.2
4403;47-59-37.680N;069-29-49.920W;26.06
4404;47-59-37.680N;069-29-49.560W;25.96
4405;47-59-37.680N;069-29-49.200W;25.8
4406;47-59-37.680N;069-29-48.840W;25.78
4407;47-59-37.680N;069-29-48.480W;25.71
4408;47-59-37.680N;069-29-48.120W;25.5
4409;47-59-37.680N;069-29-47.760W;25.43
4410;47-59-37.680N;069-29-47.400W;25.28
4411;47-59-37.680N;069-29-47.040W;25.21
4412;47-59-37.680N;069-29-46.680W;25.07
4413;47-59-37.680N;069-29-46.320W;25.0
4414;47-59-37.680N;069-29-45.960W;24.75
4415;47-59-37.680N;069-29-45.600W;24.68
4416;47-59-37.680N;069-29-45.240W;24.45
4417;47-59-37.680N;069-29-44.880W;24.23
4418;47-59-37.680N;069-29-44.520W;23.9
4419;47-59-37.680N;069-29-44.160W;23.83
4420;47-59-37.680N;069-29-43.800W;23.64
4421;47-59-37.680N;069-29-43.440W;23.5
4422;47-59-37.680N;069-29-43.080W;23.3
4423;47-59-37.680N;069-29-42.720W;23.22
4424;47-59-37.680N;069-29-42.360W;23.16
4425;47-59-37.680N;069-29-42.000W;23.01
4426;47-59-37.680N;069-29-41.640W;22.85
4427;47-59-37.680N;069-29-41.280W;22.74
4428;47-59-37.680N;069-29-40.920W;22.45
4429;47-59-37.680N;069-29-40.560W;22.29
4430;47-59-37.680N;069-29-40.200W;22.13
4431;47-59-37.680N;069-29-39.840W;22.04
4432;47-59-37.680N;069-29-39.480W;21.79
4433;47-59-37.680N;069-29-39.120W;21.73
4434;47-59-37.680N;069-29-38.760W;21.49
4435;47-59-37.680N;069-29-38.400W;21.31
4436;47-59-37.680N;069-29-38.040W;21.0
4437;47-59-37.680N;069-29-37.680W;20.86
4438;47-59-37.680N;069-29-37.320W;20.66
4439;47-59-37.680N;069-29-36.960W;20.4
4440;47-59-37.680N;069-29-36.600W;20.43
4441;47-59-37.680N;069-29-36.240W;20.11
4442;47-59-37.680N;069-29-35.880W;20.06
4443;47-59-37.680N;069-29-35.520W;19.79
4444;47-59-37.680N;069-29-35.160W;19.64
4445;47-59-37.680N;069-29-34.800W;19.55
4446;47-59-37.680N;069-29-34.440W;19.38
4447;47-59-37.680N;069-29-34.080W;19.15
4448;47-59-37.680N;069-29-33.720W;18.87
4449;47-59-37.680N;069-29-33.360W;18.77
4450;47-59-37.680N;069-29-33.000W;18.66
4451;47-59-37.680N;069-29-32.640W;18.56
4452;47-59-37.680N;069-29-32.280W;18.4
4453;47-59-37.680N;069-29-31.920W;18.26
4454;47-59-37.680N;069-29-31.560W;18.14
4455;47-59-37.680N;069-29-31.200W;17.95
4456;47-59-37.680N;069-29-30.840W;17.77
4457;47-59-37.680N;069-29-30.480W;17.58
4458;47-59-37.680N;069-29-30.120W;17.38
4459;47-59-37.680N;069-29-29.760W;17.23
4460;47-59-37.680N;069-29-29.400W;17.02
4461;47-59-37.680N;069-29-29.040W;16.75
4462;47-59-37.680N;069-29-28.680W;16.48
4463;47-59-37.680N;069-29-28.320W;16.4
4464;47-59-37.680N;069-29-27.960W;16.21
4465;47-59-37.680N;069-29-27.600W;15.96
4466;47-59-37.680N;069-29-27.240W;15.79
4467;47-59-37.680N;069-29-26.880W;15.5
4468;47-59-37.680N;069-29-26.520W;15.07
4469;47-59-37.680N;069-29-26.160W;14.62
4470;47-59-37.680N;069-29-25.800W;13.93
4471;47-59-37.680N;069-29-25.440W;13.4
4472;47-59-37.680N;069-29-25.080W;12.81
4473;47-59-37.680N;069-29-24.720W;12.31
4474;47-59-37.680N;069-29-24.360W;11.79
4475;47-59-37.680N;069-29-24.000W;11.36
4476;47-59-37.680N;069-29-23.640W;10.92
4477;47-59-37.680N;069-29-23.280W;10.25
4478;47-59-37.680N;069-29-22.920W;9.7
4479;47-59-37.680N;069-29-22.560W;9.63
4480;47-59-37.680N;069-29-22.200W;9.64
4481;47-59-37.665N;069-28-04.820W;-1.5
4482;47-59-37.526N;069-27-56.706W;-1.5
4483;47-59-38.040N;069-29-59.640W;30.58
4484;47-59-38.040N;069-29-59.280W;30.4
4485;47-59-38.040N;069-29-58.920W;30.37
4486;47-59-38.040N;069-29-58.560W;30.19
4487;47-59-38.040N;069-29-58.200W;30.09
4488;47-59-38.040N;069-29-57.840W;29.99
4489;47-59-38.040N;069-29-57.480W;29.91
4490;47-59-38.040N;069-29-57.120W;29.72
4491;47-59-38.040N;069-29-56.760W;29.6
4492;47-59-38.040N;069-29-56.400W;29.37
4493;47-59-38.040N;069-29-56.040W;29.2
4494;47-59-38.040N;069-29-55.680W;29.01
4495;47-59-38.040N;069-29-55.320W;28.71
4496;47-59-38.040N;069-29-54.960W;28.5
4497;47-59-38.040N;069-29-54.600W;28.31
4498;47-59-38.040N;069-29-54.240W;28.14
4499;47-59-38.040N;069-29-53.880W;27.9
4500;47-59-38.040N;069-29-53.520W;27.7
4501;47-59-38.040N;069-29-53.160W;27.63
4502;47-59-38.040N;069-29-52.800W;27.44
4503;47-59-38.040N;069-29-52.440W;27.38
4504;47-59-38.040N;069-29-52.080W;27.09
4505;47-59-38.040N;069-29-51.720W;27.08
4506;47-59-38.040N;069-29-51.360W;27.0
4507;47-59-38.040N;069-29-51.000W;26.75
4508;47-59-38.040N;069-29-50.640W;26.58
4509;47-59-38.040N;069-29-50.280W;26.41
4510;47-59-38.040N;069-29-49.920W;26.29
4511;47-59-38.040N;069-29-49.560W;26.06
4512;47-59-38.040N;069-29-49.200W;25.93
4513;47-59-38.040N;069-29-48.840W;25.85
4514;47-59-38.040N;069-29-48.480W;25.74
4515;47-59-38.040N;069-29-48.120W;25.61
4516;47-59-38.040N;069-29-47.760W;25.52
4517;47-59-38.040N;069-29-47.400W;25.37
4518;47-59-38.040N;069-29-47.040W;25.29
4519;47-59-38.040N;069-29-46.680W;25.16
4520;47-59-38.040N;069-29-46.320W;25.02
4521;47-59-38.040N;069-29-45.960W;24.96
4522;47-59-38.040N;069-29-45.600W;24.8
4523;47-59-38.040N;069-29-45.240W;24.61
4524;47-59-38.040N;069-29-44.880W;24.45
4525;47-59-38.040N;069-29-44.520W;24.19
4526;47-59-38.040N;069-29-44.160W;24.09
4527;47-59-38.040N;069-29-43.800W;23.93
4528;47-59-38.040N;069-29-43.440W;23.84
4529;47-59-38.040N;069-29-43.080W;23.54
4530;47-59-38.040N;069-29-42.720W;23.44
4531;47-59-38.040N;069-29-42.360W;23.3
4532;47-59-38.040N;069-29-42.000W;23.22
4533;47-59-38.040N;069-29-41.640W;23.04
4534;47-59-38.040N;069-29-41.280W;22.93
4535;47-59-38.040N;069-29-40.920W;22.71
4536;47-59-38.040N;069-29-40.560W;22.42
4537;47-59-38.040N;069-29-40.200W;22.32
4538;47-59-38.040N;069-29-39.840W;22.12
4539;47-59-38.040N;069-29-39.480W;22.0
4540;47-59-38.040N;069-29-39.120W;21.87
4541;47-59-38.040N;069-29-38.760W;21.63
4542;47-59-38.040N;069-29-38.400W;21.47
4543;47-59-38.040N;069-29-38.040W;21.36
4544;47-59-38.040N;069-29-37.680W;21.08
4545;47-59-38.040N;069-29-37.320W;20.86
4546;47-59-38.040N;069-29-36.960W;20.71
4547;47-59-38.040N;069-29-36.600W;20.55
4548;47-59-38.040N;069-29-36.240W;20.38
4549;47-59-38.040N;069-29-35.880W;20.24
4550;47-59-38.040N;069-29-35.520W;20.03
4551;47-59-38.040N;069-29-35.160W;19.93
4552;47-59-38.040N;069-29-34.800W;19.71
4553;47-59-38.040N;069-29-34.440W;19.65
4554;47-59-38.040N;069-29-34.080W;19.39
4555;47-59-38.040N;069-29-33.720W;19.33
4556;47-59-38.040N;069-29-33.360W;19.14
4557;47-59-38.040N;069-29-33.000W;18.83
4558;47-59-38.040N;069-29-32.640W;18.75
4559;47-59-38.040N;069-29-32.280W;18.65
4560;47-59-38.040N;069-29-31.920W;18.5
4561;47-59-38.040N;069-29-31.560W;18.37
4562;47-59-38.040N;069-29-31.200W;18.22
4563;47-59-38.040N;069-29-30.840W;18.06
4564;47-59-38.040N;069-29-30.480W;17.89
4565;47-59-38.040N;069-29-30.120W;17.78
4566;47-59-38.040N;069-29-29.760W;17.58
4567;47-59-38.040N;069-29-29.400W;17.36
4568;47-59-38.040N;069-29-29.040W;17.2
4569;47-59-38.040N;069-29-28.680W;16.89
4570;47-59-38.040N;069-29-28.320W;16.65
4571;47-59-38.040N;069-29-27.960W;16.35
4572;47-59-38.040N;069-29-27.600W;16.29
4573;47-59-38.040N;069-29-27.240W;16.1
4574;47-59-38.040N;069-29-26.880W;15.87
4575;47-59-38.040N;069-29-26.520W;15.62
4576;47-59-38.040N;069-29-26.160W;15.24
4577;47-59-38.040N;069-29-25.800W;14.73
4578;47-59-38.040N;069-29-25.440W;14.29
4579;47-59-38.040N;069-29-25.080W;13.74
4580;47-59-38.040N;069-29-24.720W;13.15
4581;47-59-38.040N;069-29-24.360W;12.68
4582;47-59-38.040N;069-29-24.000W;12.1
4583;47-59-38.040N;069-29-23.640W;11.7
4584;47-59-38.040N;069-29-23.280W;11.11
4585;47-59-38.040N;069-29-22.920W;10.73
4586;47-59-38.040N;069-29-22.560W;10.25
4587;47-59-38.040N;069-29-22.200W;9.53
4588;47-59-38.040N;069-29-21.840W;9.4
4589;47-59-38.198N;069-29-21.490W;10.67
4590;47-59-37.886N;069-28-39.666W;-1.52
4591;47-59-38.400N;069-29-59.640W;30.73
4592;47-59-38.400N;069-29-59.280W;30.64
4593;47-59-38.400N;069-29-58.920W;30.55
4594;47-59-38.400N;069-29-58.560W;30.44
4595;47-59-38.400N;069-29-58.200W;30.29
4596;47-59-38.400N;069-29-57.840W;30.22
4597;47-59-38.400N;069-29-57.480W;30.01
4598;47-59-38.400N;069-29-57.120W;29.83
4599;47-59-38.400N;069-29-56.760W;29.73
4600;47-59-38.400N;069-29-56.400W;29.47
4601;47-59-38.400N;069-29-56.040W;29.26
4602;47-59-38.400N;069-29-55.680W;29.06
4603;47-59-38.400N;069-29-55.320W;28.8
4604;47-59-38.400N;069-29-54.960W;28.5
4605;47-59-38.400N;069-29-54.600W;28.45
4606;47-59-38.400N;069-29-54.240W;28.22
4607;47-59-38.400N;069-29-53.880W;28.16
4608;47-59-38.400N;069-29-53.520W;27.92
4609;47-59-38.400N;069-29-53.160W;27.86
4610;47-59-38.400N;069-29-52.800W;27.57
4611;47-59-38.400N;069-29-52.440W;27.36
4612;47-59-38.400N;069-29-52.080W;27.13
4613;47-59-38.400N;069-29-51.720W;27.19
4614;47-59-38.400N;069-29-51.360W;27.03
4615;47-59-38.400N;069-29-51.000W;27.05
4616;47-59-38.400N;069-29-50.640W;26.8
4617;47-59-38.400N;069-29-50.280W;26.7
4618;47-59-38.400N;069-29-49.920W;26.5
4619;47-59-38.400N;069-29-49.560W;26.24
4620;47-59-38.400N;069-29-49.200W;26.07
4621;47-59-38.400N;069-29-48.840W;25.97
4622;47-59-38.400N;069-29-48.480W;25.89
4623;47-59-38.400N;069-29-48.120W;25.76
4624;47-59-38.400N;069-29-47.760W;25.63
4625;47-59-38.400N;069-29-47.400W;25.48
4626;47-59-38.400N;069-29-47.040W;25.39
4627;47-59-38.400N;069-29-46.680W;25.31
4628;47-59-38.400N;069-29-46.320W;25.1
4629;47-59-38.400N;069-29-45.960W;25.0
4630;47-59-38.400N;069-29-45.600W;24.91
4631;47-59-38.400N;069-29-45.240W;24.84
4632;47-59-38.400N;069-29-44.880W;24.63
4633;47-59-38.400N;069-29-44.520W;24.52
4634;47-59-38.400N;069-29-44.160W;24.42
4635;47-59-38.400N;069-29-43.800W;24.13
4636;47-59-38.400N;069-29-43.440W;24.08
4637;47-59-38.400N;069-29-43.080W;23.81
4638;47-59-38.400N;069-29-42.720W;23.69
4639;47-59-38.400N;069-29-42.360W;23.46
4640;47-59-38.400N;069-29-42.000W;23.28
4641;47-59-38.400N;069-29-41.640W;23.12
4642;47-59-38.400N;069-29-41.280W;23.07
4643;47-59-38.400N;069-29-40.920W;22.97
4644;47-59-38.400N;069-29-40.560W;22.7
4645;47-59-38.400N;069-29-40.200W;22.55
4646;47-59-38.400N;069-29-39.840W;22.44
4647;47-59-38.400N;069-29-39.480W;22.08
4648;47-59-38.400N;069-29-39.120W;22.03
4649;47-59-38.400N;069-29-38.760W;21.76
4650;47-59-38.400N;069-29-38.400W;21.69
4651;47-59-38.400N;069-29-38.040W;21.48
4652;47-59-38.400N;069-29-37.680W;21.34
4653;47-59-38.400N;069-29-37.320W;21.1
4654;47-59-38.400N;069-29-36.960W;20.95
4655;47-59-38.400N;069-29-36.600W;20.66
4656;47-59-38.400N;069-29-36.240W;20.53
4657;47-59-38.400N;069-29-35.880W;20.4
4658;47-59-38.400N;069-29-35.520W;20.18
4659;47-59-38.400N;069-29-35.160W;20.1
4660;47-59-38.400N;069-29-34.800W;19.86
4661;47-59-38.400N;069-29-34.440W;19.72
4662;47-59-38.400N;069-29-34.080W;19.59
4663;47-59-38.400N;069-29-33.720W;19.4
4664;47-59-38.400N;069-29-33.360W;19.29
4665;47-59-38.400N;069-29-33.000W;19.07
4666;47-59-38.400N;069-29-32.640W;18.93
4667;47-59-38.400N;069-29-32.280W;18.83
4668;47-59-38.400N;069-29-31.920W;18.72
4669;47-59-38.400N;069-29-31.560W;18.57
4670;47-59-38.400N;069-29-31.200W;18.49
4671;47-59-38.400N;069-29-30.840W;18.31
4672;47-59-38.400N;069-29-30.480W;18.2
4673;47-59-38.400N;069-29-30.120W;18.07
4674;47-59-38.400N;069-29-29.760W;17.9
4675;47-59-38.400N;069-29-29.400W;17.72
4676;47-59-38.400N;069-29-29.040W;17.54
4677;47-59-38.400N;069-29-28.680W;17.31
4678;47-59-38.400N;069-29-28.320W;17.1
4679;47-59-38.400N;069-29-27.960W;16.79
4680;47-59-38.400N;069-29-27.600W;16.48
4681;47-59-38.400N;069-29-27.240W;16.38
4682;47-59-38.400N;069-29-26.880W;16.23
4683;47-59-38.400N;069-29-26.520W;15.96
4684;47-59-38.400N;069-29-26.160W;15.72
4685;47-59-38.400N;069-29-25.800W;15.41
4686;47-59-38.400N;069-29-25.440W;14.98
4687;47-59-38.400N;069-29-25.080W;14.59
4688;47-59-38.400N;069-29-24.720W;14.11
4689;47-59-38.400N;069-29-24.360W;13.6
4690;47-59-38.400N;069-29-24.000W;13.05
4691;47-59-38.400N;069-29-23.640W;12.57
4692;47-59-38.400N;069-29-23.280W;12.02
4693;47-59-38.400N;069-29-22.920W;11.52
4694;47-59-38.400N;069-29-22.560W;11.02
4695;47-59-38.400N;069-29-22.200W;10.32
4696;47-59-38.400N;069-29-21.840W;9.56
4697;47-59-38.400N;069-29-21.480W;9.41
4698;47-59-38.400N;069-29-21.120W;9.42
4699;47-59-38.223N;069-27-47.073W;-1.5
4700;47-59-38.760N;069-29-59.640W;30.74
4701;47-59-38.760N;069-29-59.280W;30.77
4702;47-59-38.760N;069-29-58.920W;30.67
4703;47-59-38.760N;069-29-58.560W;30.5
4704;47-59-38.760N;069-29-58.200W;30.43
4705;47-59-38.760N;069-29-57.840W;30.27
4706;47-59-38.760N;069-29-57.480W;30.24
4707;47-59-38.760N;069-29-57.120W;30.11
4708;47-59-38.760N;069-29-56.760W;29.9
4709;47-59-38.760N;069-29-56.400W;29.59
4710;47-59-38.760N;069-29-56.040W;29.43
4711;47-59-38.760N;069-29-55.680W;29.24
4712;47-59-38.760N;069-29-55.320W;29.04
4713;47-59-38.760N;069-29-54.960W;28.76
4714;47-59-38.760N;069-29-54.600W;28.59
4715;47-59-38.760N;069-29-54.240W;28.49
4716;47-59-38.760N;069-29-53.880W;28.42
4717;47-59-38.760N;069-29-53.520W;28.25
4718;47-59-38.760N;069-29-53.160W;28.09
4719;47-59-38.760N;069-29-52.800W;27.71
4720;47-59-38.760N;069-29-52.440W;27.6
4721;47-59-38.760N;069-29-52.080W;27.38
4722;47-59-38.760N;069-29-51.720W;27.18
4723;47-59-38.760N;069-29-51.360W;27.07
4724;47-59-38.760N;069-29-51.000W;27.0
4725;47-59-38.760N;069-29-50.640W;26.9
4726;47-59-38.760N;069-29-50.280W;26.84
4727;47-59-38.760N;069-29-49.920W;26.74
4728;47-59-38.760N;069-29-49.560W;26.48
4729;47-59-38.760N;069-29-49.200W;26.22
4730;47-59-38.760N;069-29-48.840W;26.09
4731;47-59-38.760N;069-29-48.480W;26.08
4732;47-59-38.760N;069-29-48.120W;25.95
4733;47-59-38.760N;069-29-47.760W;25.8
4734;47-59-38.760N;069-29-47.400W;25.62
4735;47-59-38.760N;069-29-47.040W;25.58
4736;47-59-38.760N;069-29-46.680W;25.36
4737;47-59-38.760N;069-29-46.320W;25.32
4738;47-59-38.760N;069-29-45.960W;25.16
4739;47-59-38.760N;069-29-45.600W;25.09
4740;47-59-38.760N;069-29-45.240W;24.95
4741;47-59-38.760N;069-29-44.880W;24.88
4742;47-59-38.760N;069-29-44.520W;24.67
4743;47-59-38.760N;069-29-44.160W;24.57
4744;47-59-38.760N;069-29-43.800W;24.43
4745;47-59-38.760N;069-29-43.440W;24.21
4746;47-59-38.760N;069-29-43.080W;24.01
4747;47-59-38.760N;069-29-42.720W;23.91
4748;47-59-38.760N;069-29-42.360W;23.7
4749;47-59-38.760N;069-29-42.000W;23.49
4750;47-59-38.760N;069-29-41.640W;23.37
4751;47-59-38.760N;069-29-41.280W;23.27
4752;47-59-38.760N;069-29-40.920W;23.1
4753;47-59-38.760N;069-29-40.560W;22.96
4754;47-59-38.760N;069-29-40.200W;22.71
4755;47-59-38.760N;069-29-39.840W;22.58
4756;47-59-38.760N;069-29-39.480W;22.32
4757;47-59-38.760N;069-29-39.120W;22.17
4758;47-59-38.760N;069-29-38.760W;21.93
4759;47-59-38.760N;069-29-38.400W;21.79
4760;47-59-38.760N;069-29-38.040W;21.6
4761;47-59-38.760N;069-29-37.680W;21.47
4762;47-59-38.760N;069-29-37.320W;21.24
4763;47-59-38.760N;069-29-36.960W;21.1
4764;47-59-38.760N;069-29-36.600W;20.87
4765;47-59-38.760N;069-29-36.240W;20.65
4766;47-59-38.760N;069-29-35.880W;20.47
4767;47-59-38.760N;069-29-35.520W;20.35
4768;47-59-38.760N;069-29-35.160W;20.25
4769;47-59-38.760N;069-29-34.800W;20.03
4770;47-59-38.760N;069-29-34.440W;19.94
4771;47-59-38.760N;069-29-34.080W;19.78
4772;47-59-38.760N;069-29-33.720W;19.55
4773;47-59-38.760N;069-29-33.360W;19.47
4774;47-59-38.760N;069-29-33.000W;19.35
4775;47-59-38.760N;069-29-32.640W;19.23
4776;47-59-38.760N;069-29-32.280W;18.98
4777;47-59-38.760N;069-29-31.920W;18.86
4778;47-59-38.760N;069-29-31.560W;18.77
4779;47-59-38.760N;069-29-31.200W;18.67
4780;47-59-38.760N;069-29-30.840W;18.56
4781;47-59-38.760N;069-29-30.480W;18.32
4782;47-59-38.760N;069-29-30.120W;18.37
4783;47-59-38.760N;069-29-29.760W;18.24
4784;47-59-38.760N;069-29-29.400W;18.12
4785;47-59-38.760N;069-29-29.040W;17.94
4786;47-59-38.760N;069-29-28.680W;17.67
4787;47-59-38.760N;069-29-28.320W;17.49
4788;47-59-38.760N;069-29-27.960W;17.28
4789;47-59-38.760N;069-29-27.600W;17.04
4790;47-59-38.760N;069-29-27.240W;16.8
4791;47-59-38.760N;069-29-26.880W;16.44
4792;47-59-38.760N;069-29-26.520W;16.36
4793;47-59-38.760N;069-29-26.160W;16.04
4794;47-59-38.760N;069-29-25.800W;15.83
4795;47-59-38.760N;069-29-25.440W;15.6
4796;47-59-38.760N;069-29-25.080W;15.29
4797;47-59-38.760N;069-29-24.720W;14.85
4798;47-59-38.760N;069-29-24.360W;14.56
4799;47-59-38.760N;069-29-24.000W;14.08
4800;47-59-38.760N;069-29-23.640W;13.62
4801;47-59-38.760N;069-29-23.280W;13.05
4802;47-59-38.760N;069-29-22.920W;12.42
4803;47-59-38.760N;069-29-22.560W;11.81
4804;47-59-38.760N;069-29-22.200W;11.12
4805;47-59-38.760N;069-29-21.840W;10.39
4806;47-59-38.760N;069-29-21.480W;9.65
4807;47-59-38.760N;069-29-21.120W;9.27
4808;47-59-38.760N;069-29-20.760W;9.24
4809;47-59-38.783N;069-28-29.974W;-1.2
4810;47-59-39.120N;069-29-59.640W;31.02
4811;47-59-39.120N;069-29-59.280W;30.91
4812;47-59-39.120N;069-29-58.920W;30.82
4813;47-59-39.120N;069-29-58.560W;30.64
4814;47-59-39.120N;069-29-58.200W;30.52
4815;47-59-39.120N;069-29-57.840W;30.41
4816;47-59-39.120N;069-29-57.480W;30.32
4817;47-59-39.120N;069-29-57.120W;30.21
4818;47-59-39.120N;069-29-56.760W;30.06
4819;47-59-39.120N;069-29-56.400W;29.88
4820;47-59-39.120N;069-29-56.040W;29.63
4821;47-59-39.120N;069-29-55.680W;29.43
4822;47-59-39.120N;069-29-55.320W;29.25
4823;47-59-39.120N;069-29-54.960W;29.0
4824;47-59-39.120N;069-29-54.600W;28.91
4825;47-59-39.120N;069-29-54.240W;28.78
4826;47-59-39.120N;069-29-53.880W;28.6
4827;47-59-39.120N;069-29-53.520W;28.35
4828;47-59-39.120N;069-29-53.160W;28.21
4829;47-59-39.120N;069-29-52.800W;27.99
4830;47-59-39.120N;069-29-52.440W;27.74
4831;47-59-39.120N;069-29-52.080W;27.41
4832;47-59-39.120N;069-29-51.720W;27.36
4833;47-59-39.120N;069-29-51.360W;27.09
4834;47-59-39.120N;069-29-51.000W;27.02
4835;47-59-39.120N;069-29-50.640W;27.01
4836;47-59-39.120N;069-29-50.280W;27.17
4837;47-59-39.120N;069-29-49.920W;26.87
4838;47-59-39.120N;069-29-49.560W;26.77
4839;47-59-39.120N;069-29-49.200W;26.5
4840;47-59-39.120N;069-29-48.840W;26.27
4841;47-59-39.120N;069-29-48.480W;26.18
4842;47-59-39.120N;069-29-48.120W;25.99
4843;47-59-39.120N;069-29-47.760W;25.82
4844;47-59-39.120N;069-29-47.400W;25.66
4845;47-59-39.120N;069-29-47.040W;25.57
4846;47-59-39.120N;069-29-46.680W;25.45
4847;47-59-39.120N;069-29-46.320W;25.35
4848;47-59-39.120N;069-29-45.960W;25.24
4849;47-59-39.120N;069-29-45.600W;25.27
4850;47-59-39.120N;069-29-45.240W;25.08
4851;47-59-39.120N;069-29-44.880W;25.01
4852;47-59-39.120N;069-29-44.520W;24.83
4853;47-59-39.120N;069-29-44.160W;24.69
4854;47-59-39.120N;069-29-43.800W;24.41
4855;47-59-39.120N;069-29-43.440W;24.35
4856;47-59-39.120N;069-29-43.080W;24.08
4857;47-59-39.120N;069-29-42.720W;24.01
4858;47-59-39.120N;069-29-42.360W;23.84
4859;47-59-39.120N;069-29-42.000W;23.65
4860;47-59-39.120N;069-29-41.640W;23.53
4861;47-59-39.120N;069-29-41.280W;23.37
4862;47-59-39.120N;069-29-40.920W;23.21
4863;47-59-39.120N;069-29-40.560W;23.07
4864;47-59-39.120N;069-29-40.200W;22.9
4865;47-59-39.120N;069-29-39.840W;22.8
4866;47-59-39.120N;069-29-39.480W;22.48
4867;47-59-39.120N;069-29-39.120W;22.37
4868;47-59-39.120N;069-29-38.760W;22.1
4869;47-59-39.120N;069-29-38.400W;21.9
4870;47-59-39.120N;069-29-38.040W;21.76
4871;47-59-39.120N;069-29-37.680W;21.64
4872;47-59-39.120N;069-29-37.320W;21.4
4873;47-59-39.120N;069-29-36.960W;21.2
4874;47-59-39.120N;069-29-36.600W;21.06
4875;47-59-39.120N;069-29-36.240W;20.86
4876;47-59-39.120N;069-29-35.880W;20.63
4877;47-59-39.120N;069-29-35.520W;20.43
4878;47-59-39.120N;069-29-35.160W;20.31
4879;47-59-39.120N;069-29-34.800W;20.19
4880;47-59-39.120N;069-29-34.440W;20.04
4881;47-59-39.120N;069-29-34.080W;19.88
4882;47-59-39.120N;069-29-33.720W;19.71
4883;47-59-39.120N;069-29-33.360W;19.65
4884;47-59-39.120N;069-29-33.000W;19.56
4885;47-59-39.120N;069-29-32.640W;19.44
4886;47-59-39.120N;069-29-32.280W;19.34
4887;47-59-39.120N;069-29-31.920W;19.16
4888;47-59-39.120N;069-29-31.560W;18.95
4889;47-59-39.120N;069-29-31.200W;18.88
4890;47-59-39.120N;069-29-30.840W;18.71
4891;47-59-39.120N;069-29-30.480W;18.55
4892;47-59-39.120N;069-29-30.120W;18.55
4893;47-59-39.120N;069-29-29.760W;18.52
4894;47-59-39.120N;069-29-29.400W;18.43
4895;47-59-39.120N;069-29-29.040W;18.28
4896;47-59-39.120N;069-29-28.680W;18.12
4897;47-59-39.120N;069-29-28.320W;17.91
4898;47-59-39.120N;069-29-27.960W;17.7
4899;47-59-39.120N;069-29-27.600W;17.49
4900;47-59-39.120N;069-29-27.240W;17.28
4901;47-59-39.120N;069-29-26.880W;16.92
4902;47-59-39.120N;069-29-26.520W;16.6
4903;47-59-39.120N;069-29-26.160W;16.41
4904;47-59-39.120N;069-29-25.800W;16.35
4905;47-59-39.120N;069-29-25.440W;16.0
4906;47-59-39.120N;069-29-25.080W;15.89
4907;47-59-39.120N;069-29-24.720W;15.65
4908;47-59-39.120N;069-29-24.360W;15.29
4909;47-59-39.120N;069-29-24.000W;14.98
4910;47-59-39.120N;069-29-23.640W;14.56
4911;47-59-39.120N;069-29-23.280W;14.1
4912;47-59-39.120N;069-29-22.920W;13.41
4913;47-59-39.120N;069-29-22.560W;12.77
4914;47-59-39.120N;069-29-22.200W;12.0
4915;47-59-39.120N;069-29-21.840W;11.29
4916;47-59-39.120N;069-29-21.480W;10.43
4917;47-59-39.120N;069-29-21.120W;9.69
4918;47-59-39.120N;069-29-20.760W;9.3
4919;47-59-39.120N;069-29-20.400W;9.36
4920;47-59-39.156N;069-29-09.287W;-0.0
4921;47-59-39.162N;069-27-33.329W;-1.5
4922;47-59-39.295N;069-27-09.629W;1.22
4923;47-59-39.480N;069-29-59.640W;31.25
4924;47-59-39.480N;069-29-59.280W;31.01
4925;47-59-39.480N;069-29-58.920W;30.8
4926;47-59-39.480N;069-29-58.560W;30.78
4927;47-59-39.480N;069-29-58.200W;30.55
4928;47-59-39.480N;069-29-57.840W;30.56
4929;47-59-39.480N;069-29-57.480W;30.52
4930;47-59-39.480N;069-29-57.120W;30.32
4931;47-59-39.480N;069-29-56.760W;30.15
4932;47-59-39.480N;069-29-56.400W;30.02
4933;47-59-39.480N;069-29-56.040W;29.92
4934;47-59-39.480N;069-29-55.680W;29.67
4935;47-59-39.480N;069-29-55.320W;29.47
4936;47-59-39.480N;069-29-54.960W;29.22
4937;47-59-39.480N;069-29-54.600W;29.11
4938;47-59-39.480N;069-29-54.240W;28.79
4939;47-59-39.480N;069-29-53.880W;28.64
4940;47-59-39.480N;069-29-53.520W;28.56
4941;47-59-39.480N;069-29-53.160W;28.36
4942;47-59-39.480N;069-29-52.800W;28.09
4943;47-59-39.480N;069-29-52.440W;27.92
4944;47-59-39.480N;069-29-52.080W;27.62
4945;47-59-39.480N;069-29-51.720W;27.42
4946;47-59-39.480N;069-29-51.360W;27.33
4947;47-59-39.480N;069-29-51.000W;27.04
4948;47-59-39.480N;069-29-50.640W;27.0
4949;47-59-39.480N;069-29-50.280W;27.04
4950;47-59-39.480N;069-29-49.920W;26.96
4951;47-59-39.480N;069-29-49.560W;26.87
4952;47-59-39.480N;069-29-49.200W;26.64
4953;47-59-39.480N;069-29-48.840W;26.51
4954;47-59-39.480N;069-29-48.480W;26.35
4955;47-59-39.480N;069-29-48.120W;25.97
4956;47-59-39.480N;069-29-47.760W;25.88
4957;47-59-39.480N;069-29-47.400W;25.68
4958;47-59-39.480N;069-29-47.040W;25.58
4959;47-59-39.480N;069-29-46.680W;25.45
4960;47-59-39.480N;069-29-46.320W;25.4
4961;47-59-39.480N;069-29-45.960W;25.35
4962;47-59-39.480N;069-29-45.600W;25.28
4963;47-59-39.480N;069-29-45.240W;25.26
4964;47-59-39.480N;069-29-44.880W;25.2
4965;47-59-39.480N;069-29-44.520W;24.93
4966;47-59-39.480N;069-29-44.160W;24.79
4967;47-59-39.480N;069-29-43.800W;24.51
4968;47-59-39.480N;069-29-43.440W;24.4
4969;47-59-39.480N;069-29-43.080W;24.27
4970;47-59-39.480N;069-29-42.720W;24.2
4971;47-59-39.480N;069-29-42.360W;23.96
4972;47-59-39.480N;069-29-42.000W;23.83
4973;47-59-39.480N;069-29-41.640W;23.73
4974;47-59-39.480N;069-29-41.280W;23.62
4975;47-59-39.480N;069-29-40.920W;23.36
4976;47-59-39.480N;069-29-40.560W;23.17
4977;47-59-39.480N;069-29-40.200W;23.04
4978;47-59-39.480N;069-29-39.840W;22.85
4979;47-59-39.480N;069-29-39.480W;22.67
4980;47-59-39.480N;069-29-39.120W;22.53
4981;47-59-39.480N;069-29-38.760W;22.27
4982;47-59-39.480N;069-29-38.400W;22.0
4983;47-59-39.480N;069-29-38.040W;21.85
4984;47-59-39.480N;069-29-37.680W;21.73
4985;47-59-39.480N;069-29-37.320W;21.59
4986;47-59-39.480N;069-29-36.960W;21.43
4987;47-59-39.480N;069-29-36.600W;21.23
4988;47-59-39.480N;069-29-36.240W;21.08
4989;47-59-39.480N;069-29-35.880W;20.8
4990;47-59-39.480N;069-29-35.520W;20.62
4991;47-59-39.480N;069-29-35.160W;20.5
4992;47-59-39.480N;069-29-34.800W;20.39
4993;47-59-39.480N;069-29-34.440W;20.23
4994;47-59-39.480N;069-29-34.080W;20.1
4995;47-59-39.480N;069-29-33.720W;20.02
4996;47-59-39.480N;069-29-33.360W;19.77
4997;47-59-39.480N;069-29-33.000W;19.66
4998;47-59-39.480N;069-29-32.640W;19.55
4999;47-59-39.480N;069-29-32.280W;19.34
5000;47-59-39.480N;069-29-31.920W;19.34
5001;47-59-39.480N;069-29-31.560W;19.22
5002;47-59-39.480N;069-29-31.200W;19.04
5003;47-59-39.480N;069-29-30.840W;19.02
5004;47-59-39.480N;069-29-30.480W;19.06
5005;47-59-39.480N;069-29-30.120W;18.92
5006;47-59-39.480N;069-29-29.760W;18.95
5007;47-59-39.480N;069-29-29.400W;18.8
5008;47-59-39.480N;069-29-29.040W;18.62
5009;47-59-39.480N;069-29-28.680W;18.5
5010;47-59-39.480N;069-29-28.320W;18.29
5011;47-59-39.480N;069-29-27.960W;18.17
5012;47-59-39.480N;069-29-27.600W;17.89
5013;47-59-39.480N;069-29-27.240W;17.69
5014;47-59-39.480N;069-29-26.880W;17.43
5015;47-59-39.480N;069-29-26.520W;17.14
5016;47-59-39.480N;069-29-26.160W;16.87
5017;47-59-39.480N;069-29-25.800W;16.51
5018;47-59-39.480N;069-29-25.440W;16.55
5019;47-59-39.480N;069-29-25.080W;16.29
5020;47-59-39.480N;069-29-24.720W;16.14
5021;47-59-39.480N;069-29-24.360W;15.99
5022;47-59-39.480N;069-29-24.000W;15.77
5023;47-59-39.480N;069-29-23.640W;15.38
5024;47-59-39.480N;069-29-23.280W;14.92
5025;47-59-39.480N;069-29-22.920W;14.35
5026;47-59-39.480N;069-29-22.560W;13.74
5027;47-59-39.480N;069-29-22.200W;12.93
5028;47-59-39.480N;069-29-21.840W;12.2
5029;47-59-39.480N;069-29-21.480W;11.37
5030;47-59-39.480N;069-29-21.120W;10.69
5031;47-59-39.480N;069-29-20.760W;10.11
5032;47-59-39.480N;069-29-20.400W;9.52
5033;47-59-39.480N;069-29-20.040W;9.5
5034;47-59-39.316N;069-28-19.721W;-1.5
5035;47-59-39.302N;069-27-41.010W;-1.5
5036;47-59-39.509N;069-27-26.395W;-1.2
5037;47-59-39.310N;069-27-17.978W;2.13
5038;47-59-39.840N;069-29-59.640W;31.37
5039;47-59-39.840N;069-29-59.280W;31.09
5040;47-59-39.840N;069-29-58.920W;31.05
5041;47-59-39.840N;069-29-58.560W;30.88
5042;47-59-39.840N;069-29-58.200W;30.89
5043;47-59-39.840N;069-29-57.840W;30.75
5044;47-59-39.840N;069-29-57.480W;30.58
5045;47-59-39.840N;069-29-57.120W;30.39
5046;47-59-39.840N;069-29-56.760W;30.19
5047;47-59-39.840N;069-29-56.400W;30.07
5048;47-59-39.840N;069-29-56.040W;30.05
5049;47-59-39.840N;069-29-55.680W;29.89
5050;47-59-39.840N;069-29-55.320W;29.74
5051;47-59-39.840N;069-29-54.960W;29.48
5052;47-59-39.840N;069-29-54.600W;29.33
5053;47-59-39.840N;069-29-54.240W;29.09
5054;47-59-39.840N;069-29-53.880W;28.97
5055;47-59-39.840N;069-29-53.520W;28.63
5056;47-59-39.840N;069-29-53.160W;28.51
5057;47-59-39.840N;069-29-52.800W;28.26
5058;47-59-39.840N;069-29-52.440W;28.06
5059;47-59-39.840N;069-29-52.080W;27.86
5060;47-59-39.840N;069-29-51.720W;27.66
5061;47-59-39.840N;069-29-51.360W;27.48
5062;47-59-39.840N;069-29-51.000W;27.38
5063;47-59-39.840N;069-29-50.640W;27.1
5064;47-59-39.840N;069-29-50.280W;27.08
5065;47-59-39.840N;069-29-49.920W;27.01
5066;47-59-39.840N;069-29-49.560W;26.97
5067;47-59-39.840N;069-29-49.200W;26.85
5068;47-59-39.840N;069-29-48.840W;26.68
5069;47-59-39.840N;069-29-48.480W;26.45
5070;47-59-39.840N;069-29-48.120W;26.29
5071;47-59-39.840N;069-29-47.760W;26.17
5072;47-59-39.840N;069-29-47.400W;25.84
5073;47-59-39.840N;069-29-47.040W;25.7
5074;47-59-39.840N;069-29-46.680W;25.62
5075;47-59-39.840N;069-29-46.320W;25.46
5076;47-59-39.840N;069-29-45.960W;25.44
5077;47-59-39.840N;069-29-45.600W;25.43
5078;47-59-39.840N;069-29-45.240W;25.29
5079;47-59-39.840N;069-29-44.880W;25.21
5080;47-59-39.840N;069-29-44.520W;25.03
5081;47-59-39.840N;069-29-44.160W;24.95
5082;47-59-39.840N;069-29-43.800W;24.66
5083;47-59-39.840N;069-29-43.440W;24.5
5084;47-59-39.840N;069-29-43.080W;24.44
5085;47-59-39.840N;069-29-42.720W;24.27
5086;47-59-39.840N;069-29-42.360W;24.15
5087;47-59-39.840N;069-29-42.000W;23.98
5088;47-59-39.840N;069-29-41.640W;23.87
5089;47-59-39.840N;069-29-41.280W;23.69
5090;47-59-39.840N;069-29-40.920W;23.56
5091;47-59-39.840N;069-29-40.560W;23.34
5092;47-59-39.840N;069-29-40.200W;23.03
5093;47-59-39.840N;069-29-39.840W;22.98
5094;47-59-39.840N;069-29-39.480W;22.76
5095;47-59-39.840N;069-29-39.120W;22.58
5096;47-59-39.840N;069-29-38.760W;22.4
5097;47-59-39.840N;069-29-38.400W;22.26
5098;47-59-39.840N;069-29-38.040W;22.03
5099;47-59-39.840N;069-29-37.680W;21.88
5100;47-59-39.840N;069-29-37.320W;21.63
5101;47-59-39.840N;069-29-36.960W;21.49
5102;47-59-39.840N;069-29-36.600W;21.29
5103;47-59-39.840N;069-29-36.240W;21.17
5104;47-59-39.840N;069-29-35.880W;21.01
5105;47-59-39.840N;069-29-35.520W;20.84
5106;47-59-39.840N;069-29-35.160W;20.62
5107;47-59-39.840N;069-29-34.800W;20.53
5108;47-59-39.840N;069-29-34.440W;20.37
5109;47-59-39.840N;069-29-34.080W;20.21
5110;47-59-39.840N;069-29-33.720W;20.11
5111;47-59-39.840N;069-29-33.360W;19.94
5112;47-59-39.840N;069-29-33.000W;19.81
5113;47-59-39.840N;069-29-32.640W;19.67
5114;47-59-39.840N;069-29-32.280W;19.64
5115;47-59-39.840N;069-29-31.920W;19.47
5116;47-59-39.840N;069-29-31.560W;19.39
5117;47-59-39.840N;069-29-31.200W;19.3
5118;47-59-39.840N;069-29-30.840W;19.23
5119;47-59-39.840N;069-29-30.480W;19.12
5120;47-59-39.840N;069-29-30.120W;19.08
5121;47-59-39.840N;069-29-29.760W;19.13
5122;47-59-39.840N;069-29-29.400W;19.06
5123;47-59-39.840N;069-29-29.040W;18.92
5124;47-59-39.840N;069-29-28.680W;18.83
5125;47-59-39.840N;069-29-28.320W;18.66
5126;47-59-39.840N;069-29-27.960W;18.5
5127;47-59-39.840N;069-29-27.600W;18.29
5128;47-59-39.840N;069-29-27.240W;18.09
5129;47-59-39.840N;069-29-26.880W;17.9
5130;47-59-39.840N;069-29-26.520W;17.75
5131;47-59-39.840N;069-29-26.160W;17.56
5132;47-59-39.840N;069-29-25.800W;17.18
5133;47-59-39.840N;069-29-25.440W;16.75
5134;47-59-39.840N;069-29-25.080W;16.69
5135;47-59-39.840N;069-29-24.720W;16.61
5136;47-59-39.840N;069-29-24.360W;16.36
5137;47-59-39.840N;069-29-24.000W;16.27
5138;47-59-39.840N;069-29-23.640W;16.14
5139;47-59-39.840N;069-29-23.280W;15.74
5140;47-59-39.840N;069-29-22.920W;15.19
5141;47-59-39.840N;069-29-22.560W;14.64
5142;47-59-39.840N;069-29-22.200W;14.0
5143;47-59-39.840N;069-29-21.840W;13.23
5144;47-59-39.840N;069-29-21.480W;12.52
5145;47-59-39.840N;069-29-21.120W;11.69
5146;47-59-39.840N;069-29-20.760W;10.95
5147;47-59-39.840N;069-29-20.400W;10.18
5148;47-59-39.840N;069-29-20.040W;9.71
5149;47-59-39.840N;069-29-19.680W;9.62
5150;47-59-39.840N;069-29-19.320W;9.99
5151;47-59-39.959N;069-28-11.190W;-1.8
5152;47-59-39.761N;069-26-56.562W;-1.22
5153;47-59-40.200N;069-29-59.640W;31.7
5154;47-59-40.200N;069-29-59.280W;31.39
5155;47-59-40.200N;069-29-58.920W;31.25
5156;47-59-40.200N;069-29-58.560W;31.17
5157;47-59-40.200N;069-29-58.200W;31.07
5158;47-59-40.200N;069-29-57.840W;30.88
5159;47-59-40.200N;069-29-57.480W;30.61
5160;47-59-40.200N;069-29-57.120W;30.45
5161;47-59-40.200N;069-29-56.760W;30.38
5162;47-59-40.200N;069-29-56.400W;30.18
5163;47-59-40.200N;069-29-56.040W;30.22
5164;47-59-40.200N;069-29-55.680W;30.08
5165;47-59-40.200N;069-29-55.320W;29.96
5166;47-59-40.200N;069-29-54.960W;29.72
5167;47-59-40.200N;069-29-54.600W;29.59
5168;47-59-40.200N;069-29-54.240W;29.32
5169;47-59-40.200N;069-29-53.880W;29.11
5170;47-59-40.200N;069-29-53.520W;28.92
5171;47-59-40.200N;069-29-53.160W;28.73
5172;47-59-40.200N;069-29-52.800W;28.5
5173;47-59-40.200N;069-29-52.440W;28.34
5174;47-59-40.200N;069-29-52.080W;28.1
5175;47-59-40.200N;069-29-51.720W;27.88
5176;47-59-40.200N;069-29-51.360W;27.7
5177;47-59-40.200N;069-29-51.000W;27.59
5178;47-59-40.200N;069-29-50.640W;27.34
5179;47-59-40.200N;069-29-50.280W;27.2
5180;47-59-40.200N;069-29-49.920W;27.12
5181;47-59-40.200N;069-29-49.560W;27.08
5182;47-59-40.200N;069-29-49.200W;26.91
5183;47-59-40.200N;069-29-48.840W;26.85
5184;47-59-40.200N;069-29-48.480W;26.73
5185;47-59-40.200N;069-29-48.120W;26.73
5186;47-59-40.200N;069-29-47.760W;26.19
5187;47-59-40.200N;069-29-47.400W;26.16
5188;47-59-40.200N;069-29-47.040W;25.94
5189;47-59-40.200N;069-29-46.680W;25.63
5190;47-59-40.200N;069-29-46.320W;25.68
5191;47-59-40.200N;069-29-45.960W;25.5
5192;47-59-40.200N;069-29-45.600W;25.46
5193;47-59-40.200N;069-29-45.240W;25.33
5194;47-59-40.200N;069-29-44.880W;25.28
5195;47-59-40.200N;069-29-44.520W;25.19
5196;47-59-40.200N;069-29-44.160W;25.01
5197;47-59-40.200N;069-29-43.800W;24.89
5198;47-59-40.200N;069-29-43.440W;24.66
5199;47-59-40.200N;069-29-43.080W;24.54
5200;47-59-40.200N;069-29-42.720W;24.44
5201;47-59-40.200N;069-29-42.360W;24.22
5202;47-59-40.200N;069-29-42.000W;24.12
5203;47-59-40.200N;069-29-41.640W;23.85
5204;47-59-40.200N;069-29-41.280W;23.86
5205;47-59-40.200N;069-29-40.920W;23.66
5206;47-59-40.200N;069-29-40.560W;23.47
5207;47-59-40.200N;069-29-40.200W;23.18
5208;47-59-40.200N;069-29-39.840W;23.1
5209;47-59-40.200N;069-29-39.480W;22.89
5210;47-59-40.200N;069-29-39.120W;22.78
5211;47-59-40.200N;069-29-38.760W;22.56
5212;47-59-40.200N;069-29-38.400W;22.37
5213;47-59-40.200N;069-29-38.040W;22.11
5214;47-59-40.200N;069-29-37.680W;22.02
5215;47-59-40.200N;069-29-37.320W;21.79
5216;47-59-40.200N;069-29-36.960W;21.6
5217;47-59-40.200N;069-29-36.600W;21.4
5218;47-59-40.200N;069-29-36.240W;21.22
5219;47-59-40.200N;069-29-35.880W;21.15
5220;47-59-40.200N;069-29-35.520W;21.03
5221;47-59-40.200N;069-29-35.160W;20.79
5222;47-59-40.200N;069-29-34.800W;20.71
5223;47-59-40.200N;069-29-34.440W;20.53
5224;47-59-40.200N;069-29-34.080W;20.39
5225;47-59-40.200N;069-29-33.720W;20.23
5226;47-59-40.200N;069-29-33.360W;20.07
5227;47-59-40.200N;069-29-33.000W;19.94
5228;47-59-40.200N;069-29-32.640W;19.77
5229;47-59-40.200N;069-29-32.280W;19.67
5230;47-59-40.200N;069-29-31.920W;19.58
5231;47-59-40.200N;069-29-31.560W;19.56
5232;47-59-40.200N;069-29-31.200W;19.4
5233;47-59-40.200N;069-29-30.840W;19.35
5234;47-59-40.200N;069-29-30.480W;19.18
5235;47-59-40.200N;069-29-30.120W;19.12
5236;47-59-40.200N;069-29-29.760W;19.13
5237;47-59-40.200N;069-29-29.400W;19.13
5238;47-59-40.200N;069-29-29.040W;19.12
5239;47-59-40.200N;069-29-28.680W;19.0
5240;47-59-40.200N;069-29-28.320W;18.96
5241;47-59-40.200N;069-29-27.960W;18.82
5242;47-59-40.200N;069-29-27.600W;18.66
5243;47-59-40.200N;069-29-27.240W;18.52
5244;47-59-40.200N;069-29-26.880W;18.4
5245;47-59-40.200N;069-29-26.520W;18.07
5246;47-59-40.200N;069-29-26.160W;17.88
5247;47-59-40.200N;069-29-25.800W;17.7
5248;47-59-40.200N;069-29-25.440W;17.43
5249;47-59-40.200N;069-29-25.080W;17.11
5250;47-59-40.200N;069-29-24.720W;16.72
5251;47-59-40.200N;069-29-24.360W;16.71
5252;47-59-40.200N;069-29-24.000W;16.61
5253;47-59-40.200N;069-29-23.640W;16.5
5254;47-59-40.200N;069-29-23.280W;16.33
5255;47-59-40.200N;069-29-22.920W;16.04
5256;47-59-40.200N;069-29-22.560W;15.52
5257;47-59-40.200N;069-29-22.200W;14.99
5258;47-59-40.200N;069-29-21.840W;14.41
5259;47-59-40.200N;069-29-21.480W;13.76
5260;47-59-40.200N;069-29-21.120W;12.85
5261;47-59-40.200N;069-29-20.760W;12.04
5262;47-59-40.200N;069-29-20.400W;11.17
5263;47-59-40.200N;069-29-20.040W;10.6
5264;47-59-40.200N;069-29-19.680W;10.07
5265;47-59-40.200N;069-29-19.320W;10.04
5266;47-59-40.200N;069-29-18.960W;10.47
5267;47-59-40.338N;069-28-36.332W;-1.22
5268;47-59-40.560N;069-29-59.640W;31.85
5269;47-59-40.560N;069-29-59.280W;31.7
5270;47-59-40.560N;069-29-58.920W;31.62
5271;47-59-40.560N;069-29-58.560W;31.45
5272;47-59-40.560N;069-29-58.200W;31.27
5273;47-59-40.560N;069-29-57.840W;30.99
5274;47-59-40.560N;069-29-57.480W;30.85
5275;47-59-40.560N;069-29-57.120W;30.57
5276;47-59-40.560N;069-29-56.760W;30.53
5277;47-59-40.560N;069-29-56.400W;30.41
5278;47-59-40.560N;069-29-56.040W;30.34
5279;47-59-40.560N;069-29-55.680W;30.18
5280;47-59-40.560N;069-29-55.320W;30.09
5281;47-59-40.560N;069-29-54.960W;29.9
5282;47-59-40.560N;069-29-54.600W;29.75
5283;47-59-40.560N;069-29-54.240W;29.58
5284;47-59-40.560N;069-29-53.880W;29.35
5285;47-59-40.560N;069-29-53.520W;29.1
5286;47-59-40.560N;069-29-53.160W;28.91
5287;47-59-40.560N;069-29-52.800W;28.76
5288;47-59-40.560N;069-29-52.440W;28.52
5289;47-59-40.560N;069-29-52.080W;28.34
5290;47-59-40.560N;069-29-51.720W;28.19
5291;47-59-40.560N;069-29-51.360W;27.87
5292;47-59-40.560N;069-29-51.000W;27.72
5293;47-59-40.560N;069-29-50.640W;27.6
5294;47-59-40.560N;069-29-50.280W;27.3
5295;47-59-40.560N;069-29-49.920W;27.3
5296;47-59-40.560N;069-29-49.560W;27.16
5297;47-59-40.560N;069-29-49.200W;27.09
5298;47-59-40.560N;069-29-48.840W;26.93
5299;47-59-40.560N;069-29-48.480W;26.8
5300;47-59-40.560N;069-29-48.120W;26.69
5301;47-59-40.560N;069-29-47.760W;26.54
5302;47-59-40.560N;069-29-47.400W;26.32
5303;47-59-40.560N;069-29-47.040W;26.08
5304;47-59-40.560N;069-29-46.680W;25.91
5305;47-59-40.560N;069-29-46.320W;25.8
5306;47-59-40.560N;069-29-45.960W;25.6
5307;47-59-40.560N;069-29-45.600W;25.5
5308;47-59-40.560N;069-29-45.240W;25.42
5309;47-59-40.560N;069-29-44.880W;25.4
5310;47-59-40.560N;069-29-44.520W;25.27
5311;47-59-40.560N;069-29-44.160W;25.27
5312;47-59-40.560N;069-29-43.800W;25.09
5313;47-59-40.560N;069-29-43.440W;24.92
5314;47-59-40.560N;069-29-43.080W;24.8
5315;47-59-40.560N;069-29-42.720W;24.58
5316;47-59-40.560N;069-29-42.360W;24.43
5317;47-59-40.560N;069-29-42.000W;24.3
5318;47-59-40.560N;069-29-41.640W;24.07
5319;47-59-40.560N;069-29-41.280W;23.97
5320;47-59-40.560N;069-29-40.920W;23.79
5321;47-59-40.560N;069-29-40.560W;23.72
5322;47-59-40.560N;069-29-40.200W;23.48
5323;47-59-40.560N;069-29-39.840W;23.33
5324;47-59-40.560N;069-29-39.480W;23.09
5325;47-59-40.560N;069-29-39.120W;22.89
5326;47-59-40.560N;069-29-38.760W;22.62
5327;47-59-40.560N;069-29-38.400W;22.49
5328;47-59-40.560N;069-29-38.040W;22.37
5329;47-59-40.560N;069-29-37.680W;22.25
5330;47-59-40.560N;069-29-37.320W;21.92
5331;47-59-40.560N;069-29-36.960W;21.8
5332;47-59-40.560N;069-29-36.600W;21.46
5333;47-59-40.560N;069-29-36.240W;21.35
5334;47-59-40.560N;069-29-35.880W;21.26
5335;47-59-40.560N;069-29-35.520W;21.22
5336;47-59-40.560N;069-29-35.160W;20.96
5337;47-59-40.560N;069-29-34.800W;20.77
5338;47-59-40.560N;069-29-34.440W;20.67
5339;47-59-40.560N;069-29-34.080W;20.59
5340;47-59-40.560N;069-29-33.720W;20.34
5341;47-59-40.560N;069-29-33.360W;20.17
5342;47-59-40.560N;069-29-33.000W;20.07
5343;47-59-40.560N;069-29-32.640W;19.91
5344;47-59-40.560N;069-29-32.280W;19.82
5345;47-59-40.560N;069-29-31.920W;19.76
5346;47-59-40.560N;069-29-31.560W;19.66
5347;47-59-40.560N;069-29-31.200W;19.56
5348;47-59-40.560N;069-29-30.840W;19.54
5349;47-59-40.560N;069-29-30.480W;19.42
5350;47-59-40.560N;069-29-30.120W;19.35
5351;47-59-40.560N;069-29-29.760W;19.24
5352;47-59-40.560N;069-29-29.400W;19.21
5353;47-59-40.560N;069-29-29.040W;19.22
5354;47-59-40.560N;069-29-28.680W;19.16
5355;47-59-40.560N;069-29-28.320W;19.14
5356;47-59-40.560N;069-29-27.960W;19.01
5357;47-59-40.560N;069-29-27.600W;18.94
5358;47-59-40.560N;069-29-27.240W;18.81
5359;47-59-40.560N;069-29-26.880W;18.64
5360;47-59-40.560N;069-29-26.520W;18.51
5361;47-59-40.560N;069-29-26.160W;18.27
5362;47-59-40.560N;069-29-25.800W;18.05
5363;47-59-40.560N;069-29-25.440W;17.92
5364;47-59-40.560N;069-29-25.080W;17.67
5365;47-59-40.560N;069-29-24.720W;17.32
5366;47-59-40.560N;069-29-24.360W;17.07
5367;47-59-40.560N;069-29-24.000W;16.87
5368;47-59-40.560N;069-29-23.640W;16.8
5369;47-59-40.560N;069-29-23.280W;16.57
5370;47-59-40.560N;069-29-22.920W;16.45
5371;47-59-40.560N;069-29-22.560W;16.23
5372;47-59-40.560N;069-29-22.200W;15.88
5373;47-59-40.560N;069-29-21.840W;15.29
5374;47-59-40.560N;069-29-21.480W;14.7
5375;47-59-40.560N;069-29-21.120W;13.98
5376;47-59-40.560N;069-29-20.760W;13.26
5377;47-59-40.560N;069-29-20.400W;12.64
5378;47-59-40.560N;069-29-20.040W;11.75
5379;47-59-40.560N;069-29-19.680W;11.2
5380;47-59-40.560N;069-29-19.320W;10.63
5381;47-59-40.560N;069-29-18.960W;10.59
5382;47-59-40.560N;069-29-18.600W;11.03
5383;47-59-40.452N;069-29-06.112W;-0.0
5384;47-59-40.479N;069-28-02.843W;-1.8
5385;47-59-40.433N;069-27-53.379W;-1.5
5386;47-59-40.455N;069-27-03.326W;1.52
5387;47-59-40.920N;069-29-59.640W;32.01
5388;47-59-40.920N;069-29-59.280W;31.94
5389;47-59-40.920N;069-29-58.920W;31.92
5390;47-59-40.920N;069-29-58.560W;31.96
5391;47-59-40.920N;069-29-58.200W;31.51
5392;47-59-40.920N;069-29-57.840W;31.19
5393;47-59-40.920N;069-29-57.480W;31.07
5394;47-59-40.920N;069-29-57.120W;30.7
5395;47-59-40.920N;069-29-56.760W;30.73
5396;47-59-40.920N;069-29-56.400W;30.58
5397;47-59-40.920N;069-29-56.040W;30.47
5398;47-59-40.920N;069-29-55.680W;30.38
5399;47-59-40.920N;069-29-55.320W;30.24
5400;47-59-40.920N;069-29-54.960W;30.01
5401;47-59-40.920N;069-29-54.600W;29.94
5402;47-59-40.920N;069-29-54.240W;29.64
5403;47-59-40.920N;069-29-53.880W;29.55
5404;47-59-40.920N;069-29-53.520W;29.29
5405;47-59-40.920N;069-29-53.160W;29.2
5406;47-59-40.920N;069-29-52.800W;28.97
5407;47-59-40.920N;069-29-52.440W;28.86
5408;47-59-40.920N;069-29-52.080W;28.61
5409;47-59-40.920N;069-29-51.720W;28.52
5410;47-59-40.920N;069-29-51.360W;28.2
5411;47-59-40.920N;069-29-51.000W;28.11
5412;47-59-40.920N;069-29-50.640W;27.81
5413;47-59-40.920N;069-29-50.280W;27.68
5414;47-59-40.920N;069-29-49.920W;27.43
5415;47-59-40.920N;069-29-49.560W;27.42
5416;47-59-40.920N;069-29-49.200W;27.31
5417;47-59-40.920N;069-29-48.840W;27.13
5418;47-59-40.920N;069-29-48.480W;26.99
5419;47-59-40.920N;069-29-48.120W;26.93
5420;47-59-40.920N;069-29-47.760W;26.75
5421;47-59-40.920N;069-29-47.400W;26.61
5422;47-59-40.920N;069-29-47.040W;26.33
5423;47-59-40.920N;069-29-46.680W;26.07
5424;47-59-40.920N;069-29-46.320W;25.93
5425;47-59-40.920N;069-29-45.960W;25.78
5426;47-59-40.920N;069-29-45.600W;25.68
5427;47-59-40.920N;069-29-45.240W;25.59
5428;47-59-40.920N;069-29-44.880W;25.52
5429;47-59-40.920N;069-29-44.520W;25.48
5430;47-59-40.920N;069-29-44.160W;25.3
5431;47-59-40.920N;069-29-43.800W;25.23
5432;47-59-40.920N;069-29-43.440W;25.02
5433;47-59-40.920N;069-29-43.080W;24.91
5434;47-59-40.920N;069-29-42.720W;24.74
5435;47-59-40.920N;069-29-42.360W;24.5
5436;47-59-40.920N;069-29-42.000W;24.4
5437;47-59-40.920N;069-29-41.640W;24.32
5438;47-59-40.920N;069-29-41.280W;24.13
5439;47-59-40.920N;069-29-40.920W;23.98
5440;47-59-40.920N;069-29-40.560W;23.86
5441;47-59-40.920N;069-29-40.200W;23.63
5442;47-59-40.920N;069-29-39.840W;23.53
5443;47-59-40.920N;069-29-39.480W;23.34
5444;47-59-40.920N;069-29-39.120W;23.06
5445;47-59-40.920N;069-29-38.760W;22.83
5446;47-59-40.920N;069-29-38.400W;22.69
5447;47-59-40.920N;069-29-38.040W;22.59
5448;47-59-40.920N;069-29-37.680W;22.37
5449;47-59-40.920N;069-29-37.320W;22.15
5450;47-59-40.920N;069-29-36.960W;21.9
5451;47-59-40.920N;069-29-36.600W;21.67
5452;47-59-40.920N;069-29-36.240W;21.5
5453;47-59-40.920N;069-29-35.880W;21.27
5454;47-59-40.920N;069-29-35.520W;21.26
5455;47-59-40.920N;069-29-35.160W;21.08
5456;47-59-40.920N;069-29-34.800W;20.83
5457;47-59-40.920N;069-29-34.440W;20.76
5458;47-59-40.920N;069-29-34.080W;20.6
5459;47-59-40.920N;069-29-33.720W;20.31
5460;47-59-40.920N;069-29-33.360W;20.25
5461;47-59-40.920N;069-29-33.000W;20.07
5462;47-59-40.920N;069-29-32.640W;20.04
5463;47-59-40.920N;069-29-32.280W;19.92
5464;47-59-40.920N;069-29-31.920W;19.79
5465;47-59-40.920N;069-29-31.560W;19.77
5466;47-59-40.920N;069-29-31.200W;19.68
5467;47-59-40.920N;069-29-30.840W;19.65
5468;47-59-40.920N;069-29-30.480W;19.53
5469;47-59-40.920N;069-29-30.120W;19.47
5470;47-59-40.920N;069-29-29.760W;19.33
5471;47-59-40.920N;069-29-29.400W;19.45
5472;47-59-40.920N;069-29-29.040W;19.25
5473;47-59-40.920N;069-29-28.680W;19.23
5474;47-59-40.920N;069-29-28.320W;19.23
5475;47-59-40.920N;069-29-27.960W;19.2
5476;47-59-40.920N;069-29-27.600W;19.12
5477;47-59-40.920N;069-29-27.240W;19.05
5478;47-59-40.920N;069-29-26.880W;18.91
5479;47-59-40.920N;069-29-26.520W;18.78
5480;47-59-40.920N;069-29-26.160W;18.64
5481;47-59-40.920N;069-29-25.800W;18.47
5482;47-59-40.920N;069-29-25.440W;18.18
5483;47-59-40.920N;069-29-25.080W;18.01
5484;47-59-40.920N;069-29-24.720W;17.79
5485;47-59-40.920N;069-29-24.360W;17.5
5486;47-59-40.920N;069-29-24.000W;17.15
5487;47-59-40.920N;069-29-23.640W;16.95
5488;47-59-40.920N;069-29-23.280W;16.7
5489;47-59-40.920N;069-29-22.920W;16.66
5490;47-59-40.920N;069-29-22.560W;16.5
5491;47-59-40.920N;069-29-22.200W;16.38
5492;47-59-40.920N;069-29-21.840W;16.08
5493;47-59-40.920N;069-29-21.480W;15.51
5494;47-59-40.920N;069-29-21.120W;14.93
5495;47-59-40.920N;069-29-20.760W;14.19
5496;47-59-40.920N;069-29-20.400W;13.58
5497;47-59-40.920N;069-29-20.040W;12.79
5498;47-59-40.920N;069-29-19.680W;12.23
5499;47-59-40.920N;069-29-19.320W;11.73
5500;47-59-40.920N;069-29-18.960W;11.27
5501;47-59-40.920N;069-29-18.600W;11.05
5502;47-59-40.920N;069-29-18.240W;11.24
5503;47-59-41.280N;069-29-59.640W;32.15
5504;47-59-41.280N;069-29-59.280W;32.06
5505;47-59-41.280N;069-29-58.920W;31.98
5506;47-59-41.280N;069-29-58.560W;31.89
5507;47-59-41.280N;069-29-58.200W;31.67
5508;47-59-41.280N;069-29-57.840W;31.61
5509;47-59-41.280N;069-29-57.480W;31.21
5510;47-59-41.280N;069-29-57.120W;30.98
5511;47-59-41.280N;069-29-56.760W;30.88
5512;47-59-41.280N;069-29-56.400W;30.72
5513;47-59-41.280N;069-29-56.040W;30.69
5514;47-59-41.280N;069-29-55.680W;30.48
5515;47-59-41.280N;069-29-55.320W;30.41
5516;47-59-41.280N;069-29-54.960W;30.16
5517;47-59-41.280N;069-29-54.600W;30.15
5518;47-59-41.280N;069-29-54.240W;29.94
5519;47-59-41.280N;069-29-53.880W;29.83
5520;47-59-41.280N;069-29-53.520W;29.51
5521;47-59-41.280N;069-29-53.160W;29.45
5522;47-59-41.280N;069-29-52.800W;29.27
5523;47-59-41.280N;069-29-52.440W;29.12
5524;47-59-41.280N;069-29-52.080W;28.8
5525;47-59-41.280N;069-29-51.720W;28.78
5526;47-59-41.280N;069-29-51.360W;28.51
5527;47-59-41.280N;069-29-51.000W;28.37
5528;47-59-41.280N;069-29-50.640W;28.05
5529;47-59-41.280N;069-29-50.280W;27.94
5530;47-59-41.280N;069-29-49.920W;27.77
5531;47-59-41.280N;069-29-49.560W;27.64
5532;47-59-41.280N;069-29-49.200W;27.42
5533;47-59-41.280N;069-29-48.840W;27.28
5534;47-59-41.280N;069-29-48.480W;27.03
5535;47-59-41.280N;069-29-48.120W;27.0
5536;47-59-41.280N;069-29-47.760W;26.89
5537;47-59-41.280N;069-29-47.400W;26.83
5538;47-59-41.280N;069-29-47.040W;26.63
5539;47-59-41.280N;069-29-46.680W;26.49
5540;47-59-41.280N;069-29-46.320W;26.21
5541;47-59-41.280N;069-29-45.960W;26.01
5542;47-59-41.280N;069-29-45.600W;25.8
5543;47-59-41.280N;069-29-45.240W;25.64
5544;47-59-41.280N;069-29-44.880W;25.63
5545;47-59-41.280N;069-29-44.520W;25.59
5546;47-59-41.280N;069-29-44.160W;25.45
5547;47-59-41.280N;069-29-43.800W;25.26
5548;47-59-41.280N;069-29-43.440W;25.16
5549;47-59-41.280N;069-29-43.080W;24.91
5550;47-59-41.280N;069-29-42.720W;24.82
5551;47-59-41.280N;069-29-42.360W;24.57
5552;47-59-41.280N;069-29-42.000W;24.44
5553;47-59-41.280N;069-29-41.640W;24.36
5554;47-59-41.280N;069-29-41.280W;24.28
5555;47-59-41.280N;069-29-40.920W;24.11
5556;47-59-41.280N;069-29-40.560W;23.97
5557;47-59-41.280N;069-29-40.200W;23.84
5558;47-59-41.280N;069-29-39.840W;23.58
5559;47-59-41.280N;069-29-39.480W;23.41
5560;47-59-41.280N;069-29-39.120W;23.27
5561;47-59-41.280N;069-29-38.760W;23.02
5562;47-59-41.280N;069-29-38.400W;22.9
5563;47-59-41.280N;069-29-38.040W;22.62
5564;47-59-41.280N;069-29-37.680W;22.53
5565;47-59-41.280N;069-29-37.320W;22.26
5566;47-59-41.280N;069-29-36.960W;22.1
5567;47-59-41.280N;069-29-36.600W;21.83
5568;47-59-41.280N;069-29-36.240W;21.69
5569;47-59-41.280N;069-29-35.880W;21.45
5570;47-59-41.280N;069-29-35.520W;21.35
5571;47-59-41.280N;069-29-35.160W;21.2
5572;47-59-41.280N;069-29-34.800W;21.09
5573;47-59-41.280N;069-29-34.440W;20.84
5574;47-59-41.280N;069-29-34.080W;20.72
5575;47-59-41.280N;069-29-33.720W;20.53
5576;47-59-41.280N;069-29-33.360W;20.45
5577;47-59-41.280N;069-29-33.000W;20.22
5578;47-59-41.280N;069-29-32.640W;20.15
5579;47-59-41.280N;069-29-32.280W;19.97
5580;47-59-41.280N;069-29-31.920W;19.87
5581;47-59-41.280N;069-29-31.560W;19.87
5582;47-59-41.280N;069-29-31.200W;19.75
5583;47-59-41.280N;069-29-30.840W;19.72
5584;47-59-41.280N;069-29-30.480W;19.66
5585;47-59-41.280N;069-29-30.120W;19.67
5586;47-59-41.280N;069-29-29.760W;19.6
5587;47-59-41.280N;069-29-29.400W;19.56
5588;47-59-41.280N;069-29-29.040W;19.44
5589;47-59-41.280N;069-29-28.680W;19.4
5590;47-59-41.280N;069-29-28.320W;19.28
5591;47-59-41.280N;069-29-27.960W;19.26
5592;47-59-41.280N;069-29-27.600W;19.28
5593;47-59-41.280N;069-29-27.240W;19.23
5594;47-59-41.280N;069-29-26.880W;19.13
5595;47-59-41.280N;069-29-26.520W;19.03
5596;47-59-41.280N;069-29-26.160W;18.93
5597;47-59-41.280N;069-29-25.800W;18.76
5598;47-59-41.280N;069-29-25.440W;18.57
5599;47-59-41.280N;069-29-25.080W;18.31
5600;47-59-41.280N;069-29-24.720W;18.11
5601;47-59-41.280N;069-29-24.360W;17.94
5602;47-59-41.280N;069-29-24.000W;17.61
5603;47-59-41.280N;069-29-23.640W;17.37
5604;47-59-41.280N;069-29-23.280W;17.15
5605;47-59-41.280N;069-29-22.920W;16.81
5606;47-59-41.280N;069-29-22.560W;16.77
5607;47-59-41.280N;069-29-22.200W;16.52
5608;47-59-41.280N;069-29-21.840W;16.45
5609;47-59-41.280N;069-29-21.480W;16.12
5610;47-59-41.280N;069-29-21.120W;15.67
5611;47-59-41.280N;069-29-20.760W;15.0
5612;47-59-41.280N;069-29-20.400W;14.44
5613;47-59-41.280N;069-29-20.040W;13.76
5614;47-59-41.280N;069-29-19.680W;13.21
5615;47-59-41.280N;069-29-19.320W;12.74
5616;47-59-41.280N;069-29-18.960W;12.22
5617;47-59-41.280N;069-29-18.600W;11.53
5618;47-59-41.280N;069-29-18.240W;10.9
5619;47-59-41.280N;069-29-17.880W;10.98
5620;47-59-41.398N;069-27-46.146W;-1.8
5621;47-59-41.640N;069-29-59.640W;32.11
5622;47-59-41.640N;069-29-59.280W;32.12
5623;47-59-41.640N;069-29-58.920W;32.02
5624;47-59-41.640N;069-29-58.560W;31.91
5625;47-59-41.640N;069-29-58.200W;31.86
5626;47-59-41.640N;069-29-57.840W;31.76
5627;47-59-41.640N;069-29-57.480W;31.5
5628;47-59-41.640N;069-29-57.120W;31.42
5629;47-59-41.640N;069-29-56.760W;31.05
5630;47-59-41.640N;069-29-56.400W;30.91
5631;47-59-41.640N;069-29-56.040W;30.92
5632;47-59-41.640N;069-29-55.680W;30.51
5633;47-59-41.640N;069-29-55.320W;30.47
5634;47-59-41.640N;069-29-54.960W;30.31
5635;47-59-41.640N;069-29-54.600W;30.26
5636;47-59-41.640N;069-29-54.240W;30.0
5637;47-59-41.640N;069-29-53.880W;29.95
5638;47-59-41.640N;069-29-53.520W;29.86
5639;47-59-41.640N;069-29-53.160W;29.79
5640;47-59-41.640N;069-29-52.800W;29.55
5641;47-59-41.640N;069-29-52.440W;29.52
5642;47-59-41.640N;069-29-52.080W;29.22
5643;47-59-41.640N;069-29-51.720W;29.07
5644;47-59-41.640N;069-29-51.360W;28.73
5645;47-59-41.640N;069-29-51.000W;28.58
5646;47-59-41.640N;069-29-50.640W;28.36
5647;47-59-41.640N;069-29-50.280W;28.1
5648;47-59-41.640N;069-29-49.920W;27.99
5649;47-59-41.640N;069-29-49.560W;27.9
5650;47-59-41.640N;069-29-49.200W;27.59
5651;47-59-41.640N;069-29-48.840W;27.48
5652;47-59-41.640N;069-29-48.480W;27.3
5653;47-59-41.640N;069-29-48.120W;27.15
5654;47-59-41.640N;069-29-47.760W;27.0
5655;47-59-41.640N;069-29-47.400W;26.88
5656;47-59-41.640N;069-29-47.040W;26.81
5657;47-59-41.640N;069-29-46.680W;26.62
5658;47-59-41.640N;069-29-46.320W;26.35
5659;47-59-41.640N;069-29-45.960W;26.15
5660;47-59-41.640N;069-29-45.600W;25.94
5661;47-59-41.640N;069-29-45.240W;25.86
5662;47-59-41.640N;069-29-44.880W;25.72
5663;47-59-41.640N;069-29-44.520W;25.62
5664;47-59-41.640N;069-29-44.160W;25.54
5665;47-59-41.640N;069-29-43.800W;25.42
5666;47-59-41.640N;069-29-43.440W;25.27
5667;47-59-41.640N;069-29-43.080W;25.01
5668;47-59-41.640N;069-29-42.720W;24.9
5669;47-59-41.640N;069-29-42.360W;24.66
5670;47-59-41.640N;069-29-42.000W;24.55
5671;47-59-41.640N;069-29-41.640W;24.39
5672;47-59-41.640N;069-29-41.280W;24.39
5673;47-59-41.640N;069-29-40.920W;24.17
5674;47-59-41.640N;069-29-40.560W;24.16
5675;47-59-41.640N;069-29-40.200W;23.94
5676;47-59-41.640N;069-29-39.840W;23.87
5677;47-59-41.640N;069-29-39.480W;23.59
5678;47-59-41.640N;069-29-39.120W;23.37
5679;47-59-41.640N;069-29-38.760W;23.18
5680;47-59-41.640N;069-29-38.400W;23.09
5681;47-59-41.640N;069-29-38.040W;22.79
5682;47-59-41.640N;069-29-37.680W;22.65
5683;47-59-41.640N;069-29-37.320W;22.43
5684;47-59-41.640N;069-29-36.960W;22.32
5685;47-59-41.640N;069-29-36.600W;21.92
5686;47-59-41.640N;069-29-36.240W;21.78
5687;47-59-41.640N;069-29-35.880W;21.55
5688;47-59-41.640N;069-29-35.520W;21.48
5689;47-59-41.640N;069-29-35.160W;21.3
5690;47-59-41.640N;069-29-34.800W;21.17
5691;47-59-41.640N;069-29-34.440W;20.96
5692;47-59-41.640N;069-29-34.080W;20.88
5693;47-59-41.640N;069-29-33.720W;20.76
5694;47-59-41.640N;069-29-33.360W;20.63
5695;47-59-41.640N;069-29-33.000W;20.33
5696;47-59-41.640N;069-29-32.640W;20.28
5697;47-59-41.640N;069-29-32.280W;20.15
5698;47-59-41.640N;069-29-31.920W;20.01
5699;47-59-41.640N;069-29-31.560W;19.99
5700;47-59-41.640N;069-29-31.200W;19.95
5701;47-59-41.640N;069-29-30.840W;19.9
5702;47-59-41.640N;069-29-30.480W;19.78
5703;47-59-41.640N;069-29-30.120W;19.74
5704;47-59-41.640N;069-29-29.760W;19.72
5705;47-59-41.640N;069-29-29.400W;19.65
5706;47-59-41.640N;069-29-29.040W;19.62
5707;47-59-41.640N;069-29-28.680W;19.6
5708;47-59-41.640N;069-29-28.320W;19.54
5709;47-59-41.640N;069-29-27.960W;19.36
5710;47-59-41.640N;069-29-27.600W;19.38
5711;47-59-41.640N;069-29-27.240W;19.39
5712;47-59-41.640N;069-29-26.880W;19.29
5713;47-59-41.640N;069-29-26.520W;19.2
5714;47-59-41.640N;069-29-26.160W;19.06
5715;47-59-41.640N;069-29-25.800W;18.98
5716;47-59-41.640N;069-29-25.440W;18.88
5717;47-59-41.640N;069-29-25.080W;18.68
5718;47-59-41.640N;069-29-24.720W;18.46
5719;47-59-41.640N;069-29-24.360W;18.29
5720;47-59-41.640N;069-29-24.000W;18.09
5721;47-59-41.640N;069-29-23.640W;17.81
5722;47-59-41.640N;069-29-23.280W;17.54
5723;47-59-41.640N;069-29-22.920W;17.14
5724;47-59-41.640N;069-29-22.560W;16.75
5725;47-59-41.640N;069-29-22.200W;16.76
5726;47-59-41.640N;069-29-21.840W;16.58
5727;47-59-41.640N;069-29-21.480W;16.41
5728;47-59-41.640N;069-29-21.120W;16.19
5729;47-59-41.640N;069-29-20.760W;15.67
5730;47-59-41.640N;069-29-20.400W;15.22
5731;47-59-41.640N;069-29-20.040W;14.8
5732;47-59-41.640N;069-29-19.680W;14.33
5733;47-59-41.640N;069-29-19.320W;13.85
5734;47-59-41.640N;069-29-18.960W;13.26
5735;47-59-41.640N;069-29-18.600W;12.52
5736;47-59-41.640N;069-29-18.240W;11.48
5737;47-59-41.640N;069-29-17.880W;11.01
5738;47-59-41.640N;069-29-17.520W;10.95
5739;47-59-41.640N;069-29-17.160W;11.08
5740;47-59-41.650N;069-28-26.216W;-1.5
5741;47-59-41.588N;069-27-38.224W;-1.5
5742;47-59-41.629N;069-27-15.684W;0.91
5743;47-59-42.000N;069-29-59.640W;32.35
5744;47-59-42.000N;069-29-59.280W;32.26
5745;47-59-42.000N;069-29-58.920W;32.13
5746;47-59-42.000N;069-29-58.560W;32.09
5747;47-59-42.000N;069-29-58.200W;31.96
5748;47-59-42.000N;069-29-57.840W;31.9
5749;47-59-42.000N;069-29-57.480W;31.73
5750;47-59-42.000N;069-29-57.120W;31.64
5751;47-59-42.000N;069-29-56.760W;31.3
5752;47-59-42.000N;069-29-56.400W;31.17
5753;47-59-42.000N;069-29-56.040W;31.03
5754;47-59-42.000N;069-29-55.680W;30.69
5755;47-59-42.000N;069-29-55.320W;30.68
5756;47-59-42.000N;069-29-54.960W;30.4
5757;47-59-42.000N;069-29-54.600W;30.37
5758;47-59-42.000N;069-29-54.240W;30.22
5759;47-59-42.000N;069-29-53.880W;30.02
5760;47-59-42.000N;069-29-53.520W;29.92
5761;47-59-42.000N;069-29-53.160W;29.83
5762;47-59-42.000N;069-29-52.800W;29.73
5763;47-59-42.000N;069-29-52.440W;29.53
5764;47-59-42.000N;069-29-52.080W;29.33
5765;47-59-42.000N;069-29-51.720W;29.17
5766;47-59-42.000N;069-29-51.360W;28.97
5767;47-59-42.000N;069-29-51.000W;28.75
5768;47-59-42.000N;069-29-50.640W;28.44
5769;47-59-42.000N;069-29-50.280W;28.4
5770;47-59-42.000N;069-29-49.920W;28.2
5771;47-59-42.000N;069-29-49.560W;28.04
5772;47-59-42.000N;069-29-49.200W;27.92
5773;47-59-42.000N;069-29-48.840W;27.77
5774;47-59-42.000N;069-29-48.480W;27.47
5775;47-59-42.000N;069-29-48.120W;27.35
5776;47-59-42.000N;069-29-47.760W;27.12
5777;47-59-42.000N;069-29-47.400W;26.95
5778;47-59-42.000N;069-29-47.040W;26.76
5779;47-59-42.000N;069-29-46.680W;26.8
5780;47-59-42.000N;069-29-46.320W;26.6
5781;47-59-42.000N;069-29-45.960W;26.46
5782;47-59-42.000N;069-29-45.600W;26.17
5783;47-59-42.000N;069-29-45.240W;25.99
5784;47-59-42.000N;069-29-44.880W;25.79
5785;47-59-42.000N;069-29-44.520W;25.71
5786;47-59-42.000N;069-29-44.160W;25.54
5787;47-59-42.000N;069-29-43.800W;25.45
5788;47-59-42.000N;069-29-43.440W;25.41
5789;47-59-42.000N;069-29-43.080W;25.16
5790;47-59-42.000N;069-29-42.720W;24.99
5791;47-59-42.000N;069-29-42.360W;24.81
5792;47-59-42.000N;069-29-42.000W;24.73
5793;47-59-42.000N;069-29-41.640W;24.54
5794;47-59-42.000N;069-29-41.280W;24.52
5795;47-59-42.000N;069-29-40.920W;24.45
5796;47-59-42.000N;069-29-40.560W;24.32
5797;47-59-42.000N;069-29-40.200W;24.15
5798;47-59-42.000N;069-29-39.840W;24.03
5799;47-59-42.000N;069-29-39.480W;23.83
5800;47-59-42.000N;069-29-39.120W;23.6
5801;47-59-42.000N;069-29-38.760W;23.36
5802;47-59-42.000N;069-29-38.400W;23.18
5803;47-59-42.000N;069-29-38.040W;23.02
5804;47-59-42.000N;069-29-37.680W;22.74
5805;47-59-42.000N;069-29-37.320W;22.56
5806;47-59-42.000N;069-29-36.960W;22.28
5807;47-59-42.000N;069-29-36.600W;22.19
5808;47-59-42.000N;069-29-36.240W;21.97
5809;47-59-42.000N;069-29-35.880W;21.71
5810;47-59-42.000N;069-29-35.520W;21.61
5811;47-59-42.000N;069-29-35.160W;21.44
5812;47-59-42.000N;069-29-34.800W;21.37
5813;47-59-42.000N;069-29-34.440W;21.03
5814;47-59-42.000N;069-29-34.080W;20.97
5815;47-59-42.000N;069-29-33.720W;20.83
5816;47-59-42.000N;069-29-33.360W;20.71
5817;47-59-42.000N;069-29-33.000W;20.56
5818;47-59-42.000N;069-29-32.640W;20.44
5819;47-59-42.000N;069-29-32.280W;20.16
5820;47-59-42.000N;069-29-31.920W;20.11
5821;47-59-42.000N;069-29-31.560W;20.02
5822;47-59-42.000N;069-29-31.200W;20.01
5823;47-59-42.000N;069-29-30.840W;19.95
5824;47-59-42.000N;069-29-30.480W;19.93
5825;47-59-42.000N;069-29-30.120W;19.83
5826;47-59-42.000N;069-29-29.760W;19.81
5827;47-59-42.000N;069-29-29.400W;19.78
5828;47-59-42.000N;069-29-29.040W;19.73
5829;47-59-42.000N;069-29-28.680W;19.7
5830;47-59-42.000N;069-29-28.320W;19.57
5831;47-59-42.000N;069-29-27.960W;19.59
5832;47-59-42.000N;069-29-27.600W;19.51
5833;47-59-42.000N;069-29-27.240W;19.4
5834;47-59-42.000N;069-29-26.880W;19.37
5835;47-59-42.000N;069-29-26.520W;19.37
5836;47-59-42.000N;069-29-26.160W;19.3
5837;47-59-42.000N;069-29-25.800W;19.23
5838;47-59-42.000N;069-29-25.440W;19.08
5839;47-59-42.000N;069-29-25.080W;18.91
5840;47-59-42.000N;069-29-24.720W;18.81
5841;47-59-42.000N;069-29-24.360W;18.66
5842;47-59-42.000N;069-29-24.000W;18.45
5843;47-59-42.000N;069-29-23.640W;18.2
5844;47-59-42.000N;069-29-23.280W;17.97
5845;47-59-42.000N;069-29-22.920W;17.64
5846;47-59-42.000N;069-29-22.560W;17.3
5847;47-59-42.000N;069-29-22.200W;16.96
5848;47-59-42.000N;069-29-21.840W;16.86
5849;47-59-42.000N;069-29-21.480W;16.61
5850;47-59-42.000N;069-29-21.120W;16.41
5851;47-59-42.000N;069-29-20.760W;16.18
5852;47-59-42.000N;069-29-20.400W;15.93
5853;47-59-42.000N;069-29-20.040W;15.63
5854;47-59-42.000N;069-29-19.680W;15.22
5855;47-59-42.000N;069-29-19.320W;14.87
5856;47-59-42.000N;069-29-18.960W;14.32
5857;47-59-42.000N;069-29-18.600W;13.74
5858;47-59-42.000N;069-29-18.240W;12.89
5859;47-59-42.000N;069-29-17.880W;12.13
5860;47-59-42.000N;069-29-17.520W;11.3
5861;47-59-42.000N;069-29-17.160W;11.01
5862;47-59-42.000N;069-29-16.800W;11.2
5863;47-59-42.000N;069-29-16.440W;11.3
5864;47-59-42.048N;069-28-17.558W;-1.8
5865;47-59-41.981N;069-27-30.676W;-1.5
5866;47-59-42.087N;069-27-22.938W;-1.2
5867;47-59-42.360N;069-29-59.640W;32.52
5868;47-59-42.360N;069-29-59.280W;32.55
5869;47-59-42.360N;069-29-58.920W;32.31
5870;47-59-42.360N;069-29-58.560W;32.26
5871;47-59-42.360N;069-29-58.200W;32.08
5872;47-59-42.360N;069-29-57.840W;32.01
5873;47-59-42.360N;069-29-57.480W;31.77
5874;47-59-42.360N;069-29-57.120W;31.67
5875;47-59-42.360N;069-29-56.760W;31.52
5876;47-59-42.360N;069-29-56.400W;31.43
5877;47-59-42.360N;069-29-56.040W;31.2
5878;47-59-42.360N;069-29-55.680W;30.96
5879;47-59-42.360N;069-29-55.320W;30.82
5880;47-59-42.360N;069-29-54.960W;30.7
5881;47-59-42.360N;069-29-54.600W;30.56
5882;47-59-42.360N;069-29-54.240W;30.38
5883;47-59-42.360N;069-29-53.880W;30.27
5884;47-59-42.360N;069-29-53.520W;30.15
5885;47-59-42.360N;069-29-53.160W;30.02
5886;47-59-42.360N;069-29-52.800W;29.74
5887;47-59-42.360N;069-29-52.440W;29.74
5888;47-59-42.360N;069-29-52.080W;29.57
5889;47-59-42.360N;069-29-51.720W;29.38
5890;47-59-42.360N;069-29-51.360W;29.08
5891;47-59-42.360N;069-29-51.000W;28.84
5892;47-59-42.360N;069-29-50.640W;28.7
5893;47-59-42.360N;069-29-50.280W;28.62
5894;47-59-42.360N;069-29-49.920W;28.43
5895;47-59-42.360N;069-29-49.560W;28.14
5896;47-59-42.360N;069-29-49.200W;28.01
5897;47-59-42.360N;069-29-48.840W;27.82
5898;47-59-42.360N;069-29-48.480W;27.63
5899;47-59-42.360N;069-29-48.120W;27.51
5900;47-59-42.360N;069-29-47.760W;27.24
5901;47-59-42.360N;069-29-47.400W;27.07
5902;47-59-42.360N;069-29-47.040W;26.94
5903;47-59-42.360N;069-29-46.680W;26.87
5904;47-59-42.360N;069-29-46.320W;26.75
5905;47-59-42.360N;069-29-45.960W;26.65
5906;47-59-42.360N;069-29-45.600W;26.41
5907;47-59-42.360N;069-29-45.240W;26.22
5908;47-59-42.360N;069-29-44.880W;26.05
5909;47-59-42.360N;069-29-44.520W;25.82
5910;47-59-42.360N;069-29-44.160W;25.63
5911;47-59-42.360N;069-29-43.800W;25.46
5912;47-59-42.360N;069-29-43.440W;25.4
5913;47-59-42.360N;069-29-43.080W;25.15
5914;47-59-42.360N;069-29-42.720W;25.04
5915;47-59-42.360N;069-29-42.360W;24.87
5916;47-59-42.360N;069-29-42.000W;24.83
5917;47-59-42.360N;069-29-41.640W;24.76
5918;47-59-42.360N;069-29-41.280W;24.67
5919;47-59-42.360N;069-29-40.920W;24.49
5920;47-59-42.360N;069-29-40.560W;24.26
5921;47-59-42.360N;069-29-40.200W;24.21
5922;47-59-42.360N;069-29-39.840W;24.22
5923;47-59-42.360N;069-29-39.480W;24.0
5924;47-59-42.360N;069-29-39.120W;23.88
5925;47-59-42.360N;069-29-38.760W;23.67
5926;47-59-42.360N;069-29-38.400W;23.53
5927;47-59-42.360N;069-29-38.040W;23.12
5928;47-59-42.360N;069-29-37.680W;22.97
5929;47-59-42.360N;069-29-37.320W;22.65
5930;47-59-42.360N;069-29-36.960W;22.43
5931;47-59-42.360N;069-29-36.600W;22.14
5932;47-59-42.360N;069-29-36.240W;22.08
5933;47-59-42.360N;069-29-35.880W;21.81
5934;47-59-42.360N;069-29-35.520W;21.68
5935;47-59-42.360N;069-29-35.160W;21.47
5936;47-59-42.360N;069-29-34.800W;21.5
5937;47-59-42.360N;069-29-34.440W;21.24
5938;47-59-42.360N;069-29-34.080W;21.08
5939;47-59-42.360N;069-29-33.720W;20.98
5940;47-59-42.360N;069-29-33.360W;20.82
5941;47-59-42.360N;069-29-33.000W;20.76
5942;47-59-42.360N;069-29-32.640W;20.67
5943;47-59-42.360N;069-29-32.280W;20.42
5944;47-59-42.360N;069-29-31.920W;20.32
5945;47-59-42.360N;069-29-31.560W;20.03
5946;47-59-42.360N;069-29-31.200W;20.08
5947;47-59-42.360N;069-29-30.840W;20.03
5948;47-59-42.360N;069-29-30.480W;19.98
5949;47-59-42.360N;069-29-30.120W;19.97
5950;47-59-42.360N;069-29-29.760W;19.94
5951;47-59-42.360N;069-29-29.400W;19.92
5952;47-59-42.360N;069-29-29.040W;19.93
5953;47-59-42.360N;069-29-28.680W;19.87
5954;47-59-42.360N;069-29-28.320W;19.73
5955;47-59-42.360N;069-29-27.960W;19.72
5956;47-59-42.360N;069-29-27.600W;19.71
5957;47-59-42.360N;069-29-27.240W;19.62
5958;47-59-42.360N;069-29-26.880W;19.45
5959;47-59-42.360N;069-29-26.520W;19.4
5960;47-59-42.360N;069-29-26.160W;19.38
5961;47-59-42.360N;069-29-25.800W;19.33
5962;47-59-42.360N;069-29-25.440W;19.26
5963;47-59-42.360N;069-29-25.080W;19.14
5964;47-59-42.360N;069-29-24.720W;19.04
5965;47-59-42.360N;069-29-24.360W;18.94
5966;47-59-42.360N;069-29-24.000W;18.76
5967;47-59-42.360N;069-29-23.640W;18.47
5968;47-59-42.360N;069-29-23.280W;18.29
5969;47-59-42.360N;069-29-22.920W;18.06
5970;47-59-42.360N;069-29-22.560W;17.77
5971;47-59-42.360N;069-29-22.200W;17.45
5972;47-59-42.360N;069-29-21.840W;17.19
5973;47-59-42.360N;069-29-21.480W;16.84
5974;47-59-42.360N;069-29-21.120W;16.77
5975;47-59-42.360N;069-29-20.760W;16.52
5976;47-59-42.360N;069-29-20.400W;16.26
5977;47-59-42.360N;069-29-20.040W;16.14
5978;47-59-42.360N;069-29-19.680W;15.88
5979;47-59-42.360N;069-29-19.320W;15.59
5980;47-59-42.360N;069-29-18.960W;15.17
5981;47-59-42.360N;069-29-18.600W;14.73
5982;47-59-42.360N;069-29-18.240W;14.05
5983;47-59-42.360N;069-29-17.880W;13.43
5984;47-59-42.360N;069-29-17.520W;12.76
5985;47-59-42.360N;069-29-17.160W;11.91
5986;47-59-42.360N;069-29-16.800W;11.47
5987;47-59-42.360N;069-29-16.440W;11.16
5988;47-59-42.360N;069-29-16.080W;11.17
5989;47-59-42.512N;069-28-31.762W;-1.8
5990;47-59-42.720N;069-29-59.640W;32.69
5991;47-59-42.720N;069-29-59.280W;32.61
5992;47-59-42.720N;069-29-58.920W;32.45
5993;47-59-42.720N;069-29-58.560W;32.43
5994;47-59-42.720N;069-29-58.200W;32.25
5995;47-59-42.720N;069-29-57.840W;32.14
5996;47-59-42.720N;069-29-57.480W;31.98
5997;47-59-42.720N;069-29-57.120W;31.96
5998;47-59-42.720N;069-29-56.760W;31.66
5999;47-59-42.720N;069-29-56.400W;31.49
6000;47-59-42.720N;069-29-56.040W;31.28
6001;47-59-42.720N;069-29-55.680W;31.19
6002;47-59-42.720N;069-29-55.320W;31.08
6003;47-59-42.720N;069-29-54.960W;30.91
6004;47-59-42.720N;069-29-54.600W;30.84
6005;47-59-42.720N;069-29-54.240W;30.51
6006;47-59-42.720N;069-29-53.880W;30.63
6007;47-59-42.720N;069-29-53.520W;30.36
6008;47-59-42.720N;069-29-53.160W;30.36
6009;47-59-42.720N;069-29-52.800W;30.12
6010;47-59-42.720N;069-29-52.440W;29.86
6011;47-59-42.720N;069-29-52.080W;29.7
6012;47-59-42.720N;069-29-51.720W;29.55
6013;47-59-42.720N;069-29-51.360W;29.26
6014;47-59-42.720N;069-29-51.000W;29.16
6015;47-59-42.720N;069-29-50.640W;28.9
6016;47-59-42.720N;069-29-50.280W;28.82
6017;47-59-42.720N;069-29-49.920W;28.59
6018;47-59-42.720N;069-29-49.560W;28.4
6019;47-59-42.720N;069-29-49.200W;28.19
6020;47-59-42.720N;069-29-48.840W;28.03
6021;47-59-42.720N;069-29-48.480W;27.74
6022;47-59-42.720N;069-29-48.120W;27.59
6023;47-59-42.720N;069-29-47.760W;27.37
6024;47-59-42.720N;069-29-47.400W;27.21
6025;47-59-42.720N;069-29-47.040W;27.04
6026;47-59-42.720N;069-29-46.680W;26.92
6027;47-59-42.720N;069-29-46.320W;26.79
6028;47-59-42.720N;069-29-45.960W;26.74
6029;47-59-42.720N;069-29-45.600W;26.59
6030;47-59-42.720N;069-29-45.240W;26.47
6031;47-59-42.720N;069-29-44.880W;26.26
6032;47-59-42.720N;069-29-44.520W;26.08
6033;47-59-42.720N;069-29-44.160W;25.84
6034;47-59-42.720N;069-29-43.800W;25.58
6035;47-59-42.720N;069-29-43.440W;25.44
6036;47-59-42.720N;069-29-43.080W;25.29
6037;47-59-42.720N;069-29-42.720W;25.11
6038;47-59-42.720N;069-29-42.360W;24.89
6039;47-59-42.720N;069-29-42.000W;24.85
6040;47-59-42.720N;069-29-41.640W;24.77
6041;47-59-42.720N;069-29-41.280W;24.76
6042;47-59-42.720N;069-29-40.920W;24.62
6043;47-59-42.720N;069-29-40.560W;24.59
6044;47-59-42.720N;069-29-40.200W;24.5
6045;47-59-42.720N;069-29-39.840W;24.41
6046;47-59-42.720N;069-29-39.480W;24.28
6047;47-59-42.720N;069-29-39.120W;24.14
6048;47-59-42.720N;069-29-38.760W;23.94
6049;47-59-42.720N;069-29-38.400W;23.8
6050;47-59-42.720N;069-29-38.040W;23.47
6051;47-59-42.720N;069-29-37.680W;23.24
6052;47-59-42.720N;069-29-37.320W;22.83
6053;47-59-42.720N;069-29-36.960W;22.63
6054;47-59-42.720N;069-29-36.600W;22.45
6055;47-59-42.720N;069-29-36.240W;22.29
6056;47-59-42.720N;069-29-35.880W;21.98
6057;47-59-42.720N;069-29-35.520W;21.83
6058;47-59-42.720N;069-29-35.160W;21.59
6059;47-59-42.720N;069-29-34.800W;21.53
6060;47-59-42.720N;069-29-34.440W;21.36
6061;47-59-42.720N;069-29-34.080W;21.3
6062;47-59-42.720N;069-29-33.720W;21.08
6063;47-59-42.720N;069-29-33.360W;20.97
6064;47-59-42.720N;069-29-33.000W;20.82
6065;47-59-42.720N;069-29-32.640W;20.78
6066;47-59-42.720N;069-29-32.280W;20.64
6067;47-59-42.720N;069-29-31.920W;20.44
6068;47-59-42.720N;069-29-31.560W;20.32
6069;47-59-42.720N;069-29-31.200W;20.21
6070;47-59-42.720N;069-29-30.840W;20.18
6071;47-59-42.720N;069-29-30.480W;20.12
6072;47-59-42.720N;069-29-30.120W;20.03
6073;47-59-42.720N;069-29-29.760W;20.02
6074;47-59-42.720N;069-29-29.400W;19.99
6075;47-59-42.720N;069-29-29.040W;20.0
6076;47-59-42.720N;069-29-28.680W;19.97
6077;47-59-42.720N;069-29-28.320W;19.96
6078;47-59-42.720N;069-29-27.960W;19.97
6079;47-59-42.720N;069-29-27.600W;19.85
6080;47-59-42.720N;069-29-27.240W;19.81
6081;47-59-42.720N;069-29-26.880W;19.8
6082;47-59-42.720N;069-29-26.520W;19.77
6083;47-59-42.720N;069-29-26.160W;19.44
6084;47-59-42.720N;069-29-25.800W;19.45
6085;47-59-42.720N;069-29-25.440W;19.42
6086;47-59-42.720N;069-29-25.080W;19.36
6087;47-59-42.720N;069-29-24.720W;19.21
6088;47-59-42.720N;069-29-24.360W;19.18
6089;47-59-42.720N;069-29-24.000W;19.05
6090;47-59-42.720N;069-29-23.640W;18.85
6091;47-59-42.720N;069-29-23.280W;18.61
6092;47-59-42.720N;069-29-22.920W;18.37
6093;47-59-42.720N;069-29-22.560W;18.12
6094;47-59-42.720N;069-29-22.200W;17.91
6095;47-59-42.720N;069-29-21.840W;17.55
6096;47-59-42.720N;069-29-21.480W;17.3
6097;47-59-42.720N;069-29-21.120W;17.02
6098;47-59-42.720N;069-29-20.760W;16.78
6099;47-59-42.720N;069-29-20.400W;16.66
6100;47-59-42.720N;069-29-20.040W;16.39
6101;47-59-42.720N;069-29-19.680W;16.26
6102;47-59-42.720N;069-29-19.320W;16.15
6103;47-59-42.720N;069-29-18.960W;15.9
6104;47-59-42.720N;069-29-18.600W;15.52
6105;47-59-42.720N;069-29-18.240W;15.06
6106;47-59-42.720N;069-29-17.880W;14.5
6107;47-59-42.720N;069-29-17.520W;13.99
6108;47-59-42.720N;069-29-17.160W;13.28
6109;47-59-42.720N;069-29-16.800W;12.64
6110;47-59-42.720N;069-29-16.440W;11.82
6111;47-59-42.720N;069-29-16.080W;11.41
6112;47-59-42.720N;069-29-15.720W;11.34
6113;47-59-42.720N;069-29-15.360W;11.4
6114;47-59-42.655N;069-27-00.601W;0.91
6115;47-59-43.080N;069-29-59.640W;32.83
6116;47-59-43.080N;069-29-59.280W;32.7
6117;47-59-43.080N;069-29-58.920W;32.63
6118;47-59-43.080N;069-29-58.560W;32.54
6119;47-59-43.080N;069-29-58.200W;32.32
6120;47-59-43.080N;069-29-57.840W;32.31
6121;47-59-43.080N;069-29-57.480W;32.06
6122;47-59-43.080N;069-29-57.120W;32.06
6123;47-59-43.080N;069-29-56.760W;31.79
6124;47-59-43.080N;069-29-56.400W;31.71
6125;47-59-43.080N;069-29-56.040W;31.59
6126;47-59-43.080N;069-29-55.680W;31.51
6127;47-59-43.080N;069-29-55.320W;31.21
6128;47-59-43.080N;069-29-54.960W;31.07
6129;47-59-43.080N;069-29-54.600W;30.92
6130;47-59-43.080N;069-29-54.240W;30.68
6131;47-59-43.080N;069-29-53.880W;30.73
6132;47-59-43.080N;069-29-53.520W;30.49
6133;47-59-43.080N;069-29-53.160W;30.41
6134;47-59-43.080N;069-29-52.800W;30.3
6135;47-59-43.080N;069-29-52.440W;30.0
6136;47-59-43.080N;069-29-52.080W;29.65
6137;47-59-43.080N;069-29-51.720W;29.58
6138;47-59-43.080N;069-29-51.360W;29.39
6139;47-59-43.080N;069-29-51.000W;29.18
6140;47-59-43.080N;069-29-50.640W;29.1
6141;47-59-43.080N;069-29-50.280W;29.05
6142;47-59-43.080N;069-29-49.920W;28.73
6143;47-59-43.080N;069-29-49.560W;28.52
6144;47-59-43.080N;069-29-49.200W;28.35
6145;47-59-43.080N;069-29-48.840W;28.23
6146;47-59-43.080N;069-29-48.480W;27.94
6147;47-59-43.080N;069-29-48.120W;27.8
6148;47-59-43.080N;069-29-47.760W;27.57
6149;47-59-43.080N;069-29-47.400W;27.5
6150;47-59-43.080N;069-29-47.040W;27.2
6151;47-59-43.080N;069-29-46.680W;27.05
6152;47-59-43.080N;069-29-46.320W;26.99
6153;47-59-43.080N;069-29-45.960W;26.88
6154;47-59-43.080N;069-29-45.600W;26.66
6155;47-59-43.080N;069-29-45.240W;26.71
6156;47-59-43.080N;069-29-44.880W;26.58
6157;47-59-43.080N;069-29-44.520W;26.35
6158;47-59-43.080N;069-29-44.160W;25.98
6159;47-59-43.080N;069-29-43.800W;25.87
6160;47-59-43.080N;069-29-43.440W;25.65
6161;47-59-43.080N;069-29-43.080W;25.46
6162;47-59-43.080N;069-29-42.720W;25.11
6163;47-59-43.080N;069-29-42.360W;25.12
6164;47-59-43.080N;069-29-42.000W;24.97
6165;47-59-43.080N;069-29-41.640W;24.84
6166;47-59-43.080N;069-29-41.280W;24.79
6167;47-59-43.080N;069-29-40.920W;24.72
6168;47-59-43.080N;069-29-40.560W;24.63
6169;47-59-43.080N;069-29-40.200W;24.56
6170;47-59-43.080N;069-29-39.840W;24.5
6171;47-59-43.080N;069-29-39.480W;24.29
6172;47-59-43.080N;069-29-39.120W;24.24
6173;47-59-43.080N;069-29-38.760W;24.12
6174;47-59-43.080N;069-29-38.400W;23.93
6175;47-59-43.080N;069-29-38.040W;23.74
6176;47-59-43.080N;069-29-37.680W;23.42
6177;47-59-43.080N;069-29-37.320W;22.97
6178;47-59-43.080N;069-29-36.960W;22.88
6179;47-59-43.080N;069-29-36.600W;22.56
6180;47-59-43.080N;069-29-36.240W;22.42
6181;47-59-43.080N;069-29-35.880W;22.15
6182;47-59-43.080N;069-29-35.520W;22.04
6183;47-59-43.080N;069-29-35.160W;21.7
6184;47-59-43.080N;069-29-34.800W;21.65
6185;47-59-43.080N;069-29-34.440W;21.52
6186;47-59-43.080N;069-29-34.080W;21.36
6187;47-59-43.080N;069-29-33.720W;21.23
6188;47-59-43.080N;069-29-33.360W;21.02
6189;47-59-43.080N;069-29-33.000W;20.96
6190;47-59-43.080N;069-29-32.640W;20.86
6191;47-59-43.080N;069-29-32.280W;20.75
6192;47-59-43.080N;069-29-31.920W;20.58
6193;47-59-43.080N;069-29-31.560W;20.51
6194;47-59-43.080N;069-29-31.200W;20.44
6195;47-59-43.080N;069-29-30.840W;20.33
6196;47-59-43.080N;069-29-30.480W;20.18
6197;47-59-43.080N;069-29-30.120W;20.09
6198;47-59-43.080N;069-29-29.760W;20.15
6199;47-59-43.080N;069-29-29.400W;20.11
6200;47-59-43.080N;069-29-29.040W;20.04
6201;47-59-43.080N;069-29-28.680W;20.04
6202;47-59-43.080N;069-29-28.320W;20.0
6203;47-59-43.080N;069-29-27.960W;20.03
6204;47-59-43.080N;069-29-27.600W;20.0
6205;47-59-43.080N;069-29-27.240W;19.93
6206;47-59-43.080N;069-29-26.880W;19.88
6207;47-59-43.080N;069-29-26.520W;19.84
6208;47-59-43.080N;069-29-26.160W;19.79
6209;47-59-43.080N;069-29-25.800W;19.5
6210;47-59-43.080N;069-29-25.440W;19.56
6211;47-59-43.080N;069-29-25.080W;19.47
6212;47-59-43.080N;069-29-24.720W;19.41
6213;47-59-43.080N;069-29-24.360W;19.35
6214;47-59-43.080N;069-29-24.000W;19.29
6215;47-59-43.080N;069-29-23.640W;19.13
6216;47-59-43.080N;069-29-23.280W;18.93
6217;47-59-43.080N;069-29-22.920W;18.72
6218;47-59-43.080N;069-29-22.560W;18.41
6219;47-59-43.080N;069-29-22.200W;18.17
6220;47-59-43.080N;069-29-21.840W;17.92
6221;47-59-43.080N;069-29-21.480W;17.76
6222;47-59-43.080N;069-29-21.120W;17.45
6223;47-59-43.080N;069-29-20.760W;17.17
6224;47-59-43.080N;069-29-20.400W;17.07
6225;47-59-43.080N;069-29-20.040W;16.83
6226;47-59-43.080N;069-29-19.680W;16.58
6227;47-59-43.080N;069-29-19.320W;16.36
6228;47-59-43.080N;069-29-18.960W;16.27
6229;47-59-43.080N;069-29-18.600W;16.15
6230;47-59-43.080N;069-29-18.240W;15.84
6231;47-59-43.080N;069-29-17.880W;15.37
6232;47-59-43.080N;069-29-17.520W;14.8
6233;47-59-43.080N;069-29-17.160W;14.2
6234;47-59-43.080N;069-29-16.800W;13.7
6235;47-59-43.080N;069-29-16.440W;13.07
6236;47-59-43.080N;069-29-16.080W;12.45
6237;47-59-43.080N;069-29-15.720W;11.82
6238;47-59-43.080N;069-29-15.360W;11.23
6239;47-59-43.080N;069-29-15.000W;11.22
6240;47-59-43.080N;069-29-14.640W;11.18
6241;47-59-42.937N;069-28-09.216W;-1.8
6242;47-59-43.151N;069-27-58.036W;-1.8
6243;47-59-43.005N;069-27-50.783W;-1.8
6244;47-59-42.917N;069-27-08.830W;3.35
6245;47-59-43.440N;069-29-59.640W;32.9
6246;47-59-43.440N;069-29-59.280W;32.85
6247;47-59-43.440N;069-29-58.920W;32.77
6248;47-59-43.440N;069-29-58.560W;32.75
6249;47-59-43.440N;069-29-58.200W;32.62
6250;47-59-43.440N;069-29-57.840W;32.45
6251;47-59-43.440N;069-29-57.480W;32.24
6252;47-59-43.440N;069-29-57.120W;32.04
6253;47-59-43.440N;069-29-56.760W;32.01
6254;47-59-43.440N;069-29-56.400W;31.82
6255;47-59-43.440N;069-29-56.040W;31.73
6256;47-59-43.440N;069-29-55.680W;31.66
6257;47-59-43.440N;069-29-55.320W;31.48
6258;47-59-43.440N;069-29-54.960W;31.4
6259;47-59-43.440N;069-29-54.600W;31.18
6260;47-59-43.440N;069-29-54.240W;30.76
6261;47-59-43.440N;069-29-53.880W;30.82
6262;47-59-43.440N;069-29-53.520W;30.6
6263;47-59-43.440N;069-29-53.160W;30.6
6264;47-59-43.440N;069-29-52.800W;30.41
6265;47-59-43.440N;069-29-52.440W;30.19
6266;47-59-43.440N;069-29-52.080W;30.02
6267;47-59-43.440N;069-29-51.720W;29.78
6268;47-59-43.440N;069-29-51.360W;29.5
6269;47-59-43.440N;069-29-51.000W;29.43
6270;47-59-43.440N;069-29-50.640W;29.37
6271;47-59-43.440N;069-29-50.280W;29.21
6272;47-59-43.440N;069-29-49.920W;28.91
6273;47-59-43.440N;069-29-49.560W;28.59
6274;47-59-43.440N;069-29-49.200W;28.54
6275;47-59-43.440N;069-29-48.840W;28.38
6276;47-59-43.440N;069-29-48.480W;28.18
6277;47-59-43.440N;069-29-48.120W;27.98
6278;47-59-43.440N;069-29-47.760W;27.82
6279;47-59-43.440N;069-29-47.400W;27.7
6280;47-59-43.440N;069-29-47.040W;27.57
6281;47-59-43.440N;069-29-46.680W;27.31
6282;47-59-43.440N;069-29-46.320W;27.09
6283;47-59-43.440N;069-29-45.960W;27.06
6284;47-59-43.440N;069-29-45.600W;26.93
6285;47-59-43.440N;069-29-45.240W;26.72
6286;47-59-43.440N;069-29-44.880W;26.8
6287;47-59-43.440N;069-29-44.520W;26.66
6288;47-59-43.440N;069-29-44.160W;26.39
6289;47-59-43.440N;069-29-43.800W;26.11
6290;47-59-43.440N;069-29-43.440W;25.91
6291;47-59-43.440N;069-29-43.080W;25.75
6292;47-59-43.440N;069-29-42.720W;25.47
6293;47-59-43.440N;069-29-42.360W;25.24
6294;47-59-43.440N;069-29-42.000W;25.1
6295;47-59-43.440N;069-29-41.640W;25.09
6296;47-59-43.440N;069-29-41.280W;24.94
6297;47-59-43.440N;069-29-40.920W;24.75
6298;47-59-43.440N;069-29-40.560W;24.67
6299;47-59-43.440N;069-29-40.200W;24.56
6300;47-59-43.440N;069-29-39.840W;24.46
6301;47-59-43.440N;069-29-39.480W;24.34
6302;47-59-43.440N;069-29-39.120W;24.34
6303;47-59-43.440N;069-29-38.760W;24.25
6304;47-59-43.440N;069-29-38.400W;24.14
6305;47-59-43.440N;069-29-38.040W;23.84
6306;47-59-43.440N;069-29-37.680W;23.73
6307;47-59-43.440N;069-29-37.320W;23.17
6308;47-59-43.440N;069-29-36.960W;22.97
6309;47-59-43.440N;069-29-36.600W;22.64
6310;47-59-43.440N;069-29-36.240W;22.6
6311;47-59-43.440N;069-29-35.880W;22.32
6312;47-59-43.440N;069-29-35.520W;22.16
6313;47-59-43.440N;069-29-35.160W;21.91
6314;47-59-43.440N;069-29-34.800W;21.75
6315;47-59-43.440N;069-29-34.440W;21.63
6316;47-59-43.440N;069-29-34.080W;21.51
6317;47-59-43.440N;069-29-33.720W;21.29
6318;47-59-43.440N;069-29-33.360W;21.25
6319;47-59-43.440N;069-29-33.000W;21.06
6320;47-59-43.440N;069-29-32.640W;20.93
6321;47-59-43.440N;069-29-32.280W;20.82
6322;47-59-43.440N;069-29-31.920W;20.77
6323;47-59-43.440N;069-29-31.560W;20.61
6324;47-59-43.440N;069-29-31.200W;20.55
6325;47-59-43.440N;069-29-30.840W;20.43
6326;47-59-43.440N;069-29-30.480W;20.41
6327;47-59-43.440N;069-29-30.120W;20.23
6328;47-59-43.440N;069-29-29.760W;20.24
6329;47-59-43.440N;069-29-29.400W;20.22
6330;47-59-43.440N;069-29-29.040W;20.15
6331;47-59-43.440N;069-29-28.680W;20.16
6332;47-59-43.440N;069-29-28.320W;20.13
6333;47-59-43.440N;069-29-27.960W;20.1
6334;47-59-43.440N;069-29-27.600W;20.03
6335;47-59-43.440N;069-29-27.240W;20.05
6336;47-59-43.440N;069-29-26.880W;20.0
6337;47-59-43.440N;069-29-26.520W;19.99
6338;47-59-43.440N;069-29-26.160W;19.88
6339;47-59-43.440N;069-29-25.800W;19.91
6340;47-59-43.440N;069-29-25.440W;19.72
6341;47-59-43.440N;069-29-25.080W;19.6
6342;47-59-43.440N;069-29-24.720W;19.48
6343;47-59-43.440N;069-29-24.360W;19.54
6344;47-59-43.440N;069-29-24.000W;19.44
6345;47-59-43.440N;069-29-23.640W;19.36
6346;47-59-43.440N;069-29-23.280W;19.2
6347;47-59-43.440N;069-29-22.920W;18.98
6348;47-59-43.440N;069-29-22.560W;18.7
6349;47-59-43.440N;069-29-22.200W;18.45
6350;47-59-43.440N;069-29-21.840W;18.28
6351;47-59-43.440N;069-29-21.480W;18.08
6352;47-59-43.440N;069-29-21.120W;17.87
6353;47-59-43.440N;069-29-20.760W;17.57
6354;47-59-43.440N;069-29-20.400W;17.39
6355;47-59-43.440N;069-29-20.040W;17.19
6356;47-59-43.440N;069-29-19.680W;17.0
6357;47-59-43.440N;069-29-19.320W;16.7
6358;47-59-43.440N;069-29-18.960W;16.52
6359;47-59-43.440N;069-29-18.600W;16.32
6360;47-59-43.440N;069-29-18.240W;16.21
6361;47-59-43.440N;069-29-17.880W;16.04
6362;47-59-43.440N;069-29-17.520W;15.58
6363;47-59-43.440N;069-29-17.160W;15.06
6364;47-59-43.440N;069-29-16.800W;14.48
6365;47-59-43.440N;069-29-16.440W;13.92
6366;47-59-43.440N;069-29-16.080W;13.29
6367;47-59-43.440N;069-29-15.720W;12.7
6368;47-59-43.440N;069-29-15.360W;12.16
6369;47-59-43.440N;069-29-15.000W;11.3
6370;47-59-43.440N;069-29-14.640W;11.1
6371;47-59-43.440N;069-29-14.280W;11.2
6372;47-59-43.800N;069-29-59.640W;33.03
6373;47-59-43.800N;069-29-59.280W;32.92
6374;47-59-43.800N;069-29-58.920W;32.8
6375;47-59-43.800N;069-29-58.560W;32.84
6376;47-59-43.800N;069-29-58.200W;32.68
6377;47-59-43.800N;069-29-57.840W;32.62
6378;47-59-43.800N;069-29-57.480W;32.34
6379;47-59-43.800N;069-29-57.120W;32.36
6380;47-59-43.800N;069-29-56.760W;32.25
6381;47-59-43.800N;069-29-56.400W;32.11
6382;47-59-43.800N;069-29-56.040W;31.96
6383;47-59-43.800N;069-29-55.680W;31.94
6384;47-59-43.800N;069-29-55.320W;31.75
6385;47-59-43.800N;069-29-54.960W;31.7
6386;47-59-43.800N;069-29-54.600W;31.55
6387;47-59-43.800N;069-29-54.240W;31.39
6388;47-59-43.800N;069-29-53.880W;30.84
6389;47-59-43.800N;069-29-53.520W;30.74
6390;47-59-43.800N;069-29-53.160W;30.59
6391;47-59-43.800N;069-29-52.800W;30.49
6392;47-59-43.800N;069-29-52.440W;30.41
6393;47-59-43.800N;069-29-52.080W;30.16
6394;47-59-43.800N;069-29-51.720W;30.09
6395;47-59-43.800N;069-29-51.360W;29.74
6396;47-59-43.800N;069-29-51.000W;29.68
6397;47-59-43.800N;069-29-50.640W;29.55
6398;47-59-43.800N;069-29-50.280W;29.43
6399;47-59-43.800N;069-29-49.920W;29.2
6400;47-59-43.800N;069-29-49.560W;29.11
6401;47-59-43.800N;069-29-49.200W;28.86
6402;47-59-43.800N;069-29-48.840W;28.71
6403;47-59-43.800N;069-29-48.480W;28.53
6404;47-59-43.800N;069-29-48.120W;28.28
6405;47-59-43.800N;069-29-47.760W;28.17
6406;47-59-43.800N;069-29-47.400W;28.14
6407;47-59-43.800N;069-29-47.040W;27.86
6408;47-59-43.800N;069-29-46.680W;27.61
6409;47-59-43.800N;069-29-46.320W;27.45
6410;47-59-43.800N;069-29-45.960W;27.21
6411;47-59-43.800N;069-29-45.600W;27.06
6412;47-59-43.800N;069-29-45.240W;26.92
6413;47-59-43.800N;069-29-44.880W;26.81
6414;47-59-43.800N;069-29-44.520W;26.71
6415;47-59-43.800N;069-29-44.160W;26.49
6416;47-59-43.800N;069-29-43.800W;26.35
6417;47-59-43.800N;069-29-43.440W;26.15
6418;47-59-43.800N;069-29-43.080W;25.95
6419;47-59-43.800N;069-29-42.720W;25.58
6420;47-59-43.800N;069-29-42.360W;25.43
6421;47-59-43.800N;069-29-42.000W;25.19
6422;47-59-43.800N;069-29-41.640W;25.12
6423;47-59-43.800N;069-29-41.280W;25.0
6424;47-59-43.800N;069-29-40.920W;24.85
6425;47-59-43.800N;069-29-40.560W;24.73
6426;47-59-43.800N;069-29-40.200W;24.63
6427;47-59-43.800N;069-29-39.840W;24.57
6428;47-59-43.800N;069-29-39.480W;24.38
6429;47-59-43.800N;069-29-39.120W;24.33
6430;47-59-43.800N;069-29-38.760W;24.28
6431;47-59-43.800N;069-29-38.400W;24.19
6432;47-59-43.800N;069-29-38.040W;24.0
6433;47-59-43.800N;069-29-37.680W;23.83
6434;47-59-43.800N;069-29-37.320W;23.49
6435;47-59-43.800N;069-29-36.960W;23.22
6436;47-59-43.800N;069-29-36.600W;22.91
6437;47-59-43.800N;069-29-36.240W;22.78
6438;47-59-43.800N;069-29-35.880W;22.46
6439;47-59-43.800N;069-29-35.520W;22.3
6440;47-59-43.800N;069-29-35.160W;22.1
6441;47-59-43.800N;069-29-34.800W;21.93
6442;47-59-43.800N;069-29-34.440W;21.75
6443;47-59-43.800N;069-29-34.080W;21.58
6444;47-59-43.800N;069-29-33.720W;21.41
6445;47-59-43.800N;069-29-33.360W;21.36
6446;47-59-43.800N;069-29-33.000W;21.23
6447;47-59-43.800N;069-29-32.640W;21.09
6448;47-59-43.800N;069-29-32.280W;20.96
6449;47-59-43.800N;069-29-31.920W;20.89
6450;47-59-43.800N;069-29-31.560W;20.79
6451;47-59-43.800N;069-29-31.200W;20.71
6452;47-59-43.800N;069-29-30.840W;20.56
6453;47-59-43.800N;069-29-30.480W;20.57
6454;47-59-43.800N;069-29-30.120W;20.47
6455;47-59-43.800N;069-29-29.760W;20.42
6456;47-59-43.800N;069-29-29.400W;20.33
6457;47-59-43.800N;069-29-29.040W;20.27
6458;47-59-43.800N;069-29-28.680W;20.3
6459;47-59-43.800N;069-29-28.320W;20.34
6460;47-59-43.800N;069-29-27.960W;20.21
6461;47-59-43.800N;069-29-27.600W;20.19
6462;47-59-43.800N;069-29-27.240W;20.12
6463;47-59-43.800N;069-29-26.880W;20.12
6464;47-59-43.800N;069-29-26.520W;20.11
6465;47-59-43.800N;069-29-26.160W;20.03
6466;47-59-43.800N;069-29-25.800W;20.06
6467;47-59-43.800N;069-29-25.440W;20.0
6468;47-59-43.800N;069-29-25.080W;19.94
6469;47-59-43.800N;069-29-24.720W;19.65
6470;47-59-43.800N;069-29-24.360W;19.64
6471;47-59-43.800N;069-29-24.000W;19.53
6472;47-59-43.800N;069-29-23.640W;19.49
6473;47-59-43.800N;069-29-23.280W;19.42
6474;47-59-43.800N;069-29-22.920W;19.2
6475;47-59-43.800N;069-29-22.560W;18.96
6476;47-59-43.800N;069-29-22.200W;18.69
6477;47-59-43.800N;069-29-21.840W;18.5
6478;47-59-43.800N;069-29-21.480W;18.38
6479;47-59-43.800N;069-29-21.120W;18.21
6480;47-59-43.800N;069-29-20.760W;17.92
6481;47-59-43.800N;069-29-20.400W;17.78
6482;47-59-43.800N;069-29-20.040W;17.51
6483;47-59-43.800N;069-29-19.680W;17.3
6484;47-59-43.800N;069-29-19.320W;17.09
6485;47-59-43.800N;069-29-18.960W;16.86
6486;47-59-43.800N;069-29-18.600W;16.64
6487;47-59-43.800N;069-29-18.240W;16.36
6488;47-59-43.800N;069-29-17.880W;16.2
6489;47-59-43.800N;069-29-17.520W;16.02
6490;47-59-43.800N;069-29-17.160W;15.8
6491;47-59-43.800N;069-29-16.800W;15.21
6492;47-59-43.800N;069-29-16.440W;14.62
6493;47-59-43.800N;069-29-16.080W;13.99
6494;47-59-43.800N;069-29-15.720W;13.51
6495;47-59-43.800N;069-29-15.360W;12.84
6496;47-59-43.800N;069-29-15.000W;12.45
6497;47-59-43.800N;069-29-14.640W;11.84
6498;47-59-43.800N;069-29-14.280W;11.18
6499;47-59-43.800N;069-29-13.920W;10.98
6500;47-59-43.800N;069-29-13.560W;10.84
6501;47-59-43.935N;069-28-23.307W;-1.8
6502;47-59-43.975N;069-27-43.058W;-1.8
6503;47-59-43.869N;069-27-36.053W;-1.8
6504;47-59-44.160N;069-29-59.640W;33.35
6505;47-59-44.160N;069-29-59.280W;33.14
6506;47-59-44.160N;069-29-58.920W;33.05
6507;47-59-44.160N;069-29-58.560W;33.03
6508;47-59-44.160N;069-29-58.200W;32.63
6509;47-59-44.160N;069-29-57.840W;32.66
6510;47-59-44.160N;069-29-57.480W;32.49
6511;47-59-44.160N;069-29-57.120W;32.49
6512;47-59-44.160N;069-29-56.760W;32.22
6513;47-59-44.160N;069-29-56.400W;32.26
6514;47-59-44.160N;069-29-56.040W;32.15
6515;47-59-44.160N;069-29-55.680W;32.06
6516;47-59-44.160N;069-29-55.320W;31.96
6517;47-59-44.160N;069-29-54.960W;31.97
6518;47-59-44.160N;069-29-54.600W;31.75
6519;47-59-44.160N;069-29-54.240W;31.58
6520;47-59-44.160N;069-29-53.880W;31.25
6521;47-59-44.160N;069-29-53.520W;30.91
6522;47-59-44.160N;069-29-53.160W;30.81
6523;47-59-44.160N;069-29-52.800W;30.64
6524;47-59-44.160N;069-29-52.440W;30.49
6525;47-59-44.160N;069-29-52.080W;30.45
6526;47-59-44.160N;069-29-51.720W;30.2
6527;47-59-44.160N;069-29-51.360W;29.97
6528;47-59-44.160N;069-29-51.000W;29.79
6529;47-59-44.160N;069-29-50.640W;29.7
6530;47-59-44.160N;069-29-50.280W;29.62
6531;47-59-44.160N;069-29-49.920W;29.38
6532;47-59-44.160N;069-29-49.560W;29.27
6533;47-59-44.160N;069-29-49.200W;29.05
6534;47-59-44.160N;069-29-48.840W;29.0
6535;47-59-44.160N;069-29-48.480W;28.68
6536;47-59-44.160N;069-29-48.120W;28.57
6537;47-59-44.160N;069-29-47.760W;28.26
6538;47-59-44.160N;069-29-47.400W;28.19
6539;47-59-44.160N;069-29-47.040W;27.92
6540;47-59-44.160N;069-29-46.680W;27.85
6541;47-59-44.160N;069-29-46.320W;27.55
6542;47-59-44.160N;069-29-45.960W;27.4
6543;47-59-44.160N;069-29-45.600W;27.1
6544;47-59-44.160N;069-29-45.240W;27.02
6545;47-59-44.160N;069-29-44.880W;26.84
6546;47-59-44.160N;069-29-44.520W;26.79
6547;47-59-44.160N;069-29-44.160W;26.62
6548;47-59-44.160N;069-29-43.800W;26.59
6549;47-59-44.160N;069-29-43.440W;26.46
6550;47-59-44.160N;069-29-43.080W;26.27
6551;47-59-44.160N;069-29-42.720W;26.08
6552;47-59-44.160N;069-29-42.360W;25.91
6553;47-59-44.160N;069-29-42.000W;25.54
6554;47-59-44.160N;069-29-41.640W;25.42
6555;47-59-44.160N;069-29-41.280W;25.03
6556;47-59-44.160N;069-29-40.920W;24.97
6557;47-59-44.160N;069-29-40.560W;24.85
6558;47-59-44.160N;069-29-40.200W;24.75
6559;47-59-44.160N;069-29-39.840W;24.69
6560;47-59-44.160N;069-29-39.480W;24.59
6561;47-59-44.160N;069-29-39.120W;24.4
6562;47-59-44.160N;069-29-38.760W;24.34
6563;47-59-44.160N;069-29-38.400W;24.2
6564;47-59-44.160N;069-29-38.040W;24.06
6565;47-59-44.160N;069-29-37.680W;23.94
6566;47-59-44.160N;069-29-37.320W;23.68
6567;47-59-44.160N;069-29-36.960W;23.45
6568;47-59-44.160N;069-29-36.600W;23.11
6569;47-59-44.160N;069-29-36.240W;22.95
6570;47-59-44.160N;069-29-35.880W;22.62
6571;47-59-44.160N;069-29-35.520W;22.41
6572;47-59-44.160N;069-29-35.160W;22.29
6573;47-59-44.160N;069-29-34.800W;22.21
6574;47-59-44.160N;069-29-34.440W;21.79
6575;47-59-44.160N;069-29-34.080W;21.85
6576;47-59-44.160N;069-29-33.720W;21.58
6577;47-59-44.160N;069-29-33.360W;21.51
6578;47-59-44.160N;069-29-33.000W;21.38
6579;47-59-44.160N;069-29-32.640W;21.26
6580;47-59-44.160N;069-29-32.280W;21.14
6581;47-59-44.160N;069-29-31.920W;21.03
6582;47-59-44.160N;069-29-31.560W;20.95
6583;47-59-44.160N;069-29-31.200W;20.9
6584;47-59-44.160N;069-29-30.840W;20.77
6585;47-59-44.160N;069-29-30.480W;20.7
6586;47-59-44.160N;069-29-30.120W;20.65
6587;47-59-44.160N;069-29-29.760W;20.65
6588;47-59-44.160N;069-29-29.400W;20.5
6589;47-59-44.160N;069-29-29.040W;20.47
6590;47-59-44.160N;069-29-28.680W;20.41
6591;47-59-44.160N;069-29-28.320W;20.36
6592;47-59-44.160N;069-29-27.960W;20.32
6593;47-59-44.160N;069-29-27.600W;20.27
6594;47-59-44.160N;069-29-27.240W;20.19
6595;47-59-44.160N;069-29-26.880W;20.11
6596;47-59-44.160N;069-29-26.520W;20.2
6597;47-59-44.160N;069-29-26.160W;20.16
6598;47-59-44.160N;069-29-25.800W;20.14
6599;47-59-44.160N;069-29-25.440W;20.08
6600;47-59-44.160N;069-29-25.080W;20.06
6601;47-59-44.160N;069-29-24.720W;19.95
6602;47-59-44.160N;069-29-24.360W;19.9
6603;47-59-44.160N;069-29-24.000W;19.52
6604;47-59-44.160N;069-29-23.640W;19.52
6605;47-59-44.160N;069-29-23.280W;19.46
6606;47-59-44.160N;069-29-22.920W;19.31
6607;47-59-44.160N;069-29-22.560W;19.09
6608;47-59-44.160N;069-29-22.200W;18.93
6609;47-59-44.160N;069-29-21.840W;18.8
6610;47-59-44.160N;069-29-21.480W;18.62
6611;47-59-44.160N;069-29-21.120W;18.47
6612;47-59-44.160N;069-29-20.760W;18.3
6613;47-59-44.160N;069-29-20.400W;18.11
6614;47-59-44.160N;069-29-20.040W;17.91
6615;47-59-44.160N;069-29-19.680W;17.6
6616;47-59-44.160N;069-29-19.320W;17.39
6617;47-59-44.160N;069-29-18.960W;17.15
6618;47-59-44.160N;069-29-18.600W;16.95
6619;47-59-44.160N;069-29-18.240W;16.67
6620;47-59-44.160N;069-29-17.880W;16.39
6621;47-59-44.160N;069-29-17.520W;16.1
6622;47-59-44.160N;069-29-17.160W;15.97
6623;47-59-44.160N;069-29-16.800W;15.71
6624;47-59-44.160N;069-29-16.440W;15.35
6625;47-59-44.160N;069-29-16.080W;14.73
6626;47-59-44.160N;069-29-15.720W;14.17
6627;47-59-44.160N;069-29-15.360W;13.67
6628;47-59-44.160N;069-29-15.000W;13.16
6629;47-59-44.160N;069-29-14.640W;12.53
6630;47-59-44.160N;069-29-14.280W;11.9
6631;47-59-44.160N;069-29-13.920W;11.23
6632;47-59-44.160N;069-29-13.560W;10.73
6633;47-59-44.160N;069-29-13.200W;10.57
6634;47-59-44.520N;069-29-59.640W;33.47
6635;47-59-44.520N;069-29-59.280W;33.43
6636;47-59-44.520N;069-29-58.920W;33.25
6637;47-59-44.520N;069-29-58.560W;33.29
6638;47-59-44.520N;069-29-58.200W;32.94
6639;47-59-44.520N;069-29-57.840W;32.78
6640;47-59-44.520N;069-29-57.480W;32.5
6641;47-59-44.520N;069-29-57.120W;32.41
6642;47-59-44.520N;069-29-56.760W;32.42
6643;47-59-44.520N;069-29-56.400W;32.41
6644;47-59-44.520N;069-29-56.040W;32.29
6645;47-59-44.520N;069-29-55.680W;32.44
6646;47-59-44.520N;069-29-55.320W;32.25
6647;47-59-44.520N;069-29-54.960W;32.16
6648;47-59-44.520N;069-29-54.600W;32.04
6649;47-59-44.520N;069-29-54.240W;31.94
6650;47-59-44.520N;069-29-53.880W;31.76
6651;47-59-44.520N;069-29-53.520W;31.68
6652;47-59-44.520N;069-29-53.160W;31.09
6653;47-59-44.520N;069-29-52.800W;30.72
6654;47-59-44.520N;069-29-52.440W;30.71
6655;47-59-44.520N;069-29-52.080W;30.64
6656;47-59-44.520N;069-29-51.720W;30.36
6657;47-59-44.520N;069-29-51.360W;30.27
6658;47-59-44.520N;069-29-51.000W;30.13
6659;47-59-44.520N;069-29-50.640W;30.04
6660;47-59-44.520N;069-29-50.280W;29.9
6661;47-59-44.520N;069-29-49.920W;29.71
6662;47-59-44.520N;069-29-49.560W;29.61
6663;47-59-44.520N;069-29-49.200W;29.36
6664;47-59-44.520N;069-29-48.840W;29.28
6665;47-59-44.520N;069-29-48.480W;29.04
6666;47-59-44.520N;069-29-48.120W;28.95
6667;47-59-44.520N;069-29-47.760W;28.65
6668;47-59-44.520N;069-29-47.400W;28.52
6669;47-59-44.520N;069-29-47.040W;28.23
6670;47-59-44.520N;069-29-46.680W;28.08
6671;47-59-44.520N;069-29-46.320W;27.87
6672;47-59-44.520N;069-29-45.960W;27.71
6673;47-59-44.520N;069-29-45.600W;27.47
6674;47-59-44.520N;069-29-45.240W;27.33
6675;47-59-44.520N;069-29-44.880W;27.1
6676;47-59-44.520N;069-29-44.520W;27.03
6677;47-59-44.520N;069-29-44.160W;26.94
6678;47-59-44.520N;069-29-43.800W;26.73
6679;47-59-44.520N;069-29-43.440W;26.53
6680;47-59-44.520N;069-29-43.080W;26.51
6681;47-59-44.520N;069-29-42.720W;26.38
6682;47-59-44.520N;069-29-42.360W;26.16
6683;47-59-44.520N;069-29-42.000W;25.87
6684;47-59-44.520N;069-29-41.640W;25.58
6685;47-59-44.520N;069-29-41.280W;25.33
6686;47-59-44.520N;069-29-40.920W;25.11
6687;47-59-44.520N;069-29-40.560W;24.94
6688;47-59-44.520N;069-29-40.200W;24.91
6689;47-59-44.520N;069-29-39.840W;24.8
6690;47-59-44.520N;069-29-39.480W;24.64
6691;47-59-44.520N;069-29-39.120W;24.52
6692;47-59-44.520N;069-29-38.760W;24.4
6693;47-59-44.520N;069-29-38.400W;24.38
6694;47-59-44.520N;069-29-38.040W;24.22
6695;47-59-44.520N;069-29-37.680W;24.02
6696;47-59-44.520N;069-29-37.320W;23.84
6697;47-59-44.520N;069-29-36.960W;23.58
6698;47-59-44.520N;069-29-36.600W;23.27
6699;47-59-44.520N;069-29-36.240W;23.07
6700;47-59-44.520N;069-29-35.880W;22.85
6701;47-59-44.520N;069-29-35.520W;22.63
6702;47-59-44.520N;069-29-35.160W;22.45
6703;47-59-44.520N;069-29-34.800W;22.29
6704;47-59-44.520N;069-29-34.440W;21.99
6705;47-59-44.520N;069-29-34.080W;21.88
6706;47-59-44.520N;069-29-33.720W;21.69
6707;47-59-44.520N;069-29-33.360W;21.64
6708;47-59-44.520N;069-29-33.000W;21.41
6709;47-59-44.520N;069-29-32.640W;21.39
6710;47-59-44.520N;069-29-32.280W;21.23
6711;47-59-44.520N;069-29-31.920W;21.14
6712;47-59-44.520N;069-29-31.560W;21.04
6713;47-59-44.520N;069-29-31.200W;20.96
6714;47-59-44.520N;069-29-30.840W;20.77
6715;47-59-44.520N;069-29-30.480W;20.85
6716;47-59-44.520N;069-29-30.120W;20.72
6717;47-59-44.520N;069-29-29.760W;20.75
6718;47-59-44.520N;069-29-29.400W;20.6
6719;47-59-44.520N;069-29-29.040W;20.5
6720;47-59-44.520N;069-29-28.680W;20.48
6721;47-59-44.520N;069-29-28.320W;20.51
6722;47-59-44.520N;069-29-27.960W;20.44
6723;47-59-44.520N;069-29-27.600W;20.38
6724;47-59-44.520N;069-29-27.240W;20.29
6725;47-59-44.520N;069-29-26.880W;20.33
6726;47-59-44.520N;069-29-26.520W;20.29
6727;47-59-44.520N;069-29-26.160W;20.27
6728;47-59-44.520N;069-29-25.800W;20.22
6729;47-59-44.520N;069-29-25.440W;20.13
6730;47-59-44.520N;069-29-25.080W;20.16
6731;47-59-44.520N;069-29-24.720W;20.14
6732;47-59-44.520N;069-29-24.360W;20.02
6733;47-59-44.520N;069-29-24.000W;19.84
6734;47-59-44.520N;069-29-23.640W;19.57
6735;47-59-44.520N;069-29-23.280W;19.5
6736;47-59-44.520N;069-29-22.920W;19.38
6737;47-59-44.520N;069-29-22.560W;19.21
6738;47-59-44.520N;069-29-22.200W;19.1
6739;47-59-44.520N;069-29-21.840W;19.0
6740;47-59-44.520N;069-29-21.480W;18.92
6741;47-59-44.520N;069-29-21.120W;18.78
6742;47-59-44.520N;069-29-20.760W;18.57
6743;47-59-44.520N;069-29-20.400W;18.34
6744;47-59-44.520N;069-29-20.040W;18.14
6745;47-59-44.520N;069-29-19.680W;17.99
6746;47-59-44.520N;069-29-19.320W;17.78
6747;47-59-44.520N;069-29-18.960W;17.47
6748;47-59-44.520N;069-29-18.600W;17.23
6749;47-59-44.520N;069-29-18.240W;16.99
6750;47-59-44.520N;069-29-17.880W;16.68
6751;47-59-44.520N;069-29-17.520W;16.35
6752;47-59-44.520N;069-29-17.160W;16.07
6753;47-59-44.520N;069-29-16.800W;15.86
6754;47-59-44.520N;069-29-16.440W;15.66
6755;47-59-44.520N;069-29-16.080W;15.33
6756;47-59-44.520N;069-29-15.720W;14.92
6757;47-59-44.520N;069-29-15.360W;14.39
6758;47-59-44.520N;069-29-15.000W;13.76
6759;47-59-44.520N;069-29-14.640W;13.18
6760;47-59-44.520N;069-29-14.280W;12.51
6761;47-59-44.520N;069-29-13.920W;11.93
6762;47-59-44.520N;069-29-13.560W;11.2
6763;47-59-44.520N;069-29-13.200W;10.6
6764;47-59-44.520N;069-29-12.840W;10.42
6765;47-59-44.520N;069-29-12.480W;10.23
6766;47-59-44.611N;069-28-15.884W;-1.8
6767;47-59-44.545N;069-28-03.591W;-1.8
6768;47-59-44.616N;069-27-20.587W;-1.2
6769;47-59-44.880N;069-29-59.640W;33.85
6770;47-59-44.880N;069-29-59.280W;33.7
6771;47-59-44.880N;069-29-58.920W;33.48
6772;47-59-44.880N;069-29-58.560W;33.41
6773;47-59-44.880N;069-29-58.200W;33.16
6774;47-59-44.880N;069-29-57.840W;33.07
6775;47-59-44.880N;069-29-57.480W;32.97
6776;47-59-44.880N;069-29-57.120W;32.86
6777;47-59-44.880N;069-29-56.760W;32.73
6778;47-59-44.880N;069-29-56.400W;32.72
6779;47-59-44.880N;069-29-56.040W;32.54
6780;47-59-44.880N;069-29-55.680W;32.44
6781;47-59-44.880N;069-29-55.320W;32.32
6782;47-59-44.880N;069-29-54.960W;32.26
6783;47-59-44.880N;069-29-54.600W;32.22
6784;47-59-44.880N;069-29-54.240W;32.14
6785;47-59-44.880N;069-29-53.880W;31.93
6786;47-59-44.880N;069-29-53.520W;31.81
6787;47-59-44.880N;069-29-53.160W;31.72
6788;47-59-44.880N;069-29-52.800W;31.5
6789;47-59-44.880N;069-29-52.440W;31.1
6790;47-59-44.880N;069-29-52.080W;30.96
6791;47-59-44.880N;069-29-51.720W;30.78
6792;47-59-44.880N;069-29-51.360W;30.48
6793;47-59-44.880N;069-29-51.000W;30.49
6794;47-59-44.880N;069-29-50.640W;30.31
6795;47-59-44.880N;069-29-50.280W;30.26
6796;47-59-44.880N;069-29-49.920W;30.19
6797;47-59-44.880N;069-29-49.560W;29.91
6798;47-59-44.880N;069-29-49.200W;29.86
6799;47-59-44.880N;069-29-48.840W;29.67
6800;47-59-44.880N;069-29-48.480W;29.48
6801;47-59-44.880N;069-29-48.120W;29.24
6802;47-59-44.880N;069-29-47.760W;29.04
6803;47-59-44.880N;069-29-47.400W;28.89
6804;47-59-44.880N;069-29-47.040W;28.65
6805;47-59-44.880N;069-29-46.680W;28.41
6806;47-59-44.880N;069-29-46.320W;28.2
6807;47-59-44.880N;069-29-45.960W;27.94
6808;47-59-44.880N;069-29-45.600W;27.68
6809;47-59-44.880N;069-29-45.240W;27.56
6810;47-59-44.880N;069-29-44.880W;27.4
6811;47-59-44.880N;069-29-44.520W;27.22
6812;47-59-44.880N;069-29-44.160W;26.91
6813;47-59-44.880N;069-29-43.800W;26.9
6814;47-59-44.880N;069-29-43.440W;26.7
6815;47-59-44.880N;069-29-43.080W;26.63
6816;47-59-44.880N;069-29-42.720W;26.52
6817;47-59-44.880N;069-29-42.360W;26.36
6818;47-59-44.880N;069-29-42.000W;26.04
6819;47-59-44.880N;069-29-41.640W;25.94
6820;47-59-44.880N;069-29-41.280W;25.48
6821;47-59-44.880N;069-29-40.920W;25.36
6822;47-59-44.880N;069-29-40.560W;25.02
6823;47-59-44.880N;069-29-40.200W;24.94
6824;47-59-44.880N;069-29-39.840W;24.89
6825;47-59-44.880N;069-29-39.480W;24.73
6826;47-59-44.880N;069-29-39.120W;24.61
6827;47-59-44.880N;069-29-38.760W;24.54
6828;47-59-44.880N;069-29-38.400W;24.43
6829;47-59-44.880N;069-29-38.040W;24.29
6830;47-59-44.880N;069-29-37.680W;24.16
6831;47-59-44.880N;069-29-37.320W;23.94
6832;47-59-44.880N;069-29-36.960W;23.78
6833;47-59-44.880N;069-29-36.600W;23.52
6834;47-59-44.880N;069-29-36.240W;23.27
6835;47-59-44.880N;069-29-35.880W;23.04
6836;47-59-44.880N;069-29-35.520W;22.97
6837;47-59-44.880N;069-29-35.160W;22.63
6838;47-59-44.880N;069-29-34.800W;22.42
6839;47-59-44.880N;069-29-34.440W;22.26
6840;47-59-44.880N;069-29-34.080W;21.98
6841;47-59-44.880N;069-29-33.720W;21.84
6842;47-59-44.880N;069-29-33.360W;21.72
6843;47-59-44.880N;069-29-33.000W;21.63
6844;47-59-44.880N;069-29-32.640W;21.59
6845;47-59-44.880N;069-29-32.280W;21.34
6846;47-59-44.880N;069-29-31.920W;21.22
6847;47-59-44.880N;069-29-31.560W;21.11
6848;47-59-44.880N;069-29-31.200W;21.05
6849;47-59-44.880N;069-29-30.840W;20.99
6850;47-59-44.880N;069-29-30.480W;20.95
6851;47-59-44.880N;069-29-30.120W;20.89
6852;47-59-44.880N;069-29-29.760W;20.78
6853;47-59-44.880N;069-29-29.400W;20.8
6854;47-59-44.880N;069-29-29.040W;20.79
6855;47-59-44.880N;069-29-28.680W;20.69
6856;47-59-44.880N;069-29-28.320W;20.6
6857;47-59-44.880N;069-29-27.960W;20.6
6858;47-59-44.880N;069-29-27.600W;20.52
6859;47-59-44.880N;069-29-27.240W;20.46
6860;47-59-44.880N;069-29-26.880W;20.43
6861;47-59-44.880N;069-29-26.520W;20.42
6862;47-59-44.880N;069-29-26.160W;20.39
6863;47-59-44.880N;069-29-25.800W;20.35
6864;47-59-44.880N;069-29-25.440W;20.3
6865;47-59-44.880N;069-29-25.080W;20.28
6866;47-59-44.880N;069-29-24.720W;20.28
6867;47-59-44.880N;069-29-24.360W;20.22
6868;47-59-44.880N;069-29-24.000W;20.09
6869;47-59-44.880N;069-29-23.640W;19.99
6870;47-59-44.880N;069-29-23.280W;19.69
6871;47-59-44.880N;069-29-22.920W;19.53
6872;47-59-44.880N;069-29-22.560W;19.44
6873;47-59-44.880N;069-29-22.200W;19.39
6874;47-59-44.880N;069-29-21.840W;19.27
6875;47-59-44.880N;069-29-21.480W;19.13
6876;47-59-44.880N;069-29-21.120W;19.05
6877;47-59-44.880N;069-29-20.760W;18.85
6878;47-59-44.880N;069-29-20.400W;18.67
6879;47-59-44.880N;069-29-20.040W;18.5
6880;47-59-44.880N;069-29-19.680W;18.25
6881;47-59-44.880N;069-29-19.320W;18.05
6882;47-59-44.880N;069-29-18.960W;17.81
6883;47-59-44.880N;069-29-18.600W;17.53
6884;47-59-44.880N;069-29-18.240W;17.22
6885;47-59-44.880N;069-29-17.880W;16.85
6886;47-59-44.880N;069-29-17.520W;16.71
6887;47-59-44.880N;069-29-17.160W;16.38
6888;47-59-44.880N;069-29-16.800W;16.03
6889;47-59-44.880N;069-29-16.440W;15.73
6890;47-59-44.880N;069-29-16.080W;15.54
6891;47-59-44.880N;069-29-15.720W;15.24
6892;47-59-44.880N;069-29-15.360W;14.95
6893;47-59-44.880N;069-29-15.000W;14.49
6894;47-59-44.880N;069-29-14.640W;13.87
6895;47-59-44.880N;069-29-14.280W;13.2
6896;47-59-44.880N;069-29-13.920W;12.6
6897;47-59-44.880N;069-29-13.560W;12.04
6898;47-59-44.880N;069-29-13.200W;11.44
6899;47-59-44.880N;069-29-12.840W;10.72
6900;47-59-44.880N;069-29-12.480W;9.92
6901;47-59-44.880N;069-29-12.120W;9.8
6902;47-59-44.721N;069-27-27.590W;-1.5
6903;47-59-44.934N;069-26-58.244W;0.3
6904;47-59-45.240N;069-29-59.640W;34.06
6905;47-59-45.240N;069-29-59.280W;33.88
6906;47-59-45.240N;069-29-58.920W;33.6
6907;47-59-45.240N;069-29-58.560W;33.51
6908;47-59-45.240N;069-29-58.200W;33.44
6909;47-59-45.240N;069-29-57.840W;33.25
6910;47-59-45.240N;069-29-57.480W;33.09
6911;47-59-45.240N;069-29-57.120W;33.05
6912;47-59-45.240N;069-29-56.760W;32.96
6913;47-59-45.240N;069-29-56.400W;32.83
6914;47-59-45.240N;069-29-56.040W;32.74
6915;47-59-45.240N;069-29-55.680W;32.56
6916;47-59-45.240N;069-29-55.320W;32.47
6917;47-59-45.240N;069-29-54.960W;32.39
6918;47-59-45.240N;069-29-54.600W;32.4
6919;47-59-45.240N;069-29-54.240W;32.32
6920;47-59-45.240N;069-29-53.880W;32.15
6921;47-59-45.240N;069-29-53.520W;31.99
6922;47-59-45.240N;069-29-53.160W;31.77
6923;47-59-45.240N;069-29-52.800W;31.71
6924;47-59-45.240N;069-29-52.440W;31.53
6925;47-59-45.240N;069-29-52.080W;31.21
6926;47-59-45.240N;069-29-51.720W;31.07
6927;47-59-45.240N;069-29-51.360W;30.85
6928;47-59-45.240N;069-29-51.000W;30.69
6929;47-59-45.240N;069-29-50.640W;30.46
6930;47-59-45.240N;069-29-50.280W;30.5
6931;47-59-45.240N;069-29-49.920W;30.39
6932;47-59-45.240N;069-29-49.560W;30.37
6933;47-59-45.240N;069-29-49.200W;30.04
6934;47-59-45.240N;069-29-48.840W;29.93
6935;47-59-45.240N;069-29-48.480W;29.8
6936;47-59-45.240N;069-29-48.120W;29.64
6937;47-59-45.240N;069-29-47.760W;29.41
6938;47-59-45.240N;069-29-47.400W;29.19
6939;47-59-45.240N;069-29-47.040W;28.86
6940;47-59-45.240N;069-29-46.680W;28.71
6941;47-59-45.240N;069-29-46.320W;28.38
6942;47-59-45.240N;069-29-45.960W;28.13
6943;47-59-45.240N;069-29-45.600W;28.01
6944;47-59-45.240N;069-29-45.240W;27.82
6945;47-59-45.240N;069-29-44.880W;27.65
6946;47-59-45.240N;069-29-44.520W;27.43
6947;47-59-45.240N;069-29-44.160W;27.21
6948;47-59-45.240N;069-29-43.800W;27.02
6949;47-59-45.240N;069-29-43.440W;26.78
6950;47-59-45.240N;069-29-43.080W;26.68
6951;47-59-45.240N;069-29-42.720W;26.63
6952;47-59-45.240N;069-29-42.360W;26.53
6953;47-59-45.240N;069-29-42.000W;26.37
6954;47-59-45.240N;069-29-41.640W;26.25
6955;47-59-45.240N;069-29-41.280W;25.87
6956;47-59-45.240N;069-29-40.920W;25.52
6957;47-59-45.240N;069-29-40.560W;25.33
6958;47-59-45.240N;069-29-40.200W;25.19
6959;47-59-45.240N;069-29-39.840W;25.05
6960;47-59-45.240N;069-29-39.480W;24.92
6961;47-59-45.240N;069-29-39.120W;24.72
6962;47-59-45.240N;069-29-38.760W;24.61
6963;47-59-45.240N;069-29-38.400W;24.49
6964;47-59-45.240N;069-29-38.040W;24.47
6965;47-59-45.240N;069-29-37.680W;24.33
6966;47-59-45.240N;069-29-37.320W;24.15
6967;47-59-45.240N;069-29-36.960W;23.94
6968;47-59-45.240N;069-29-36.600W;23.61
6969;47-59-45.240N;069-29-36.240W;23.52
6970;47-59-45.240N;069-29-35.880W;23.23
6971;47-59-45.240N;069-29-35.520W;23.09
6972;47-59-45.240N;069-29-35.160W;22.83
6973;47-59-45.240N;069-29-34.800W;22.7
6974;47-59-45.240N;069-29-34.440W;22.45
6975;47-59-45.240N;069-29-34.080W;22.28
6976;47-59-45.240N;069-29-33.720W;22.06
6977;47-59-45.240N;069-29-33.360W;21.88
6978;47-59-45.240N;069-29-33.000W;21.8
6979;47-59-45.240N;069-29-32.640W;21.68
6980;47-59-45.240N;069-29-32.280W;21.5
6981;47-59-45.240N;069-29-31.920W;21.4
6982;47-59-45.240N;069-29-31.560W;21.23
6983;47-59-45.240N;069-29-31.200W;21.11
6984;47-59-45.240N;069-29-30.840W;21.03
6985;47-59-45.240N;069-29-30.480W;21.02
6986;47-59-45.240N;069-29-30.120W;20.94
6987;47-59-45.240N;069-29-29.760W;20.9
6988;47-59-45.240N;069-29-29.400W;20.86
6989;47-59-45.240N;069-29-29.040W;20.86
6990;47-59-45.240N;069-29-28.680W;20.88
6991;47-59-45.240N;069-29-28.320W;20.82
6992;47-59-45.240N;069-29-27.960W;20.7
6993;47-59-45.240N;069-29-27.600W;20.66
6994;47-59-45.240N;069-29-27.240W;20.61
6995;47-59-45.240N;069-29-26.880W;20.55
6996;47-59-45.240N;069-29-26.520W;20.45
6997;47-59-45.240N;069-29-26.160W;20.48
6998;47-59-45.240N;069-29-25.800W;20.43
6999;47-59-45.240N;069-29-25.440W;20.32
7000;47-59-45.240N;069-29-25.080W;20.3
7001;47-59-45.240N;069-29-24.720W;20.28
7002;47-59-45.240N;069-29-24.360W;20.24
7003;47-59-45.240N;069-29-24.000W;20.19
7004;47-59-45.240N;069-29-23.640W;20.08
7005;47-59-45.240N;069-29-23.280W;20.0
7006;47-59-45.240N;069-29-22.920W;19.85
7007;47-59-45.240N;069-29-22.560W;19.6
7008;47-59-45.240N;069-29-22.200W;19.54
7009;47-59-45.240N;069-29-21.840W;19.45
7010;47-59-45.240N;069-29-21.480W;19.38
7011;47-59-45.240N;069-29-21.120W;19.27
7012;47-59-45.240N;069-29-20.760W;19.11
7013;47-59-45.240N;069-29-20.400W;18.94
7014;47-59-45.240N;069-29-20.040W;18.8
7015;47-59-45.240N;069-29-19.680W;18.59
7016;47-59-45.240N;069-29-19.320W;18.37
7017;47-59-45.240N;069-29-18.960W;17.77
7018;47-59-45.240N;069-29-18.600W;17.82
7019;47-59-45.240N;069-29-18.240W;17.49
7020;47-59-45.240N;069-29-17.880W;17.09
7021;47-59-45.240N;069-29-17.520W;16.84
7022;47-59-45.240N;069-29-17.160W;16.65
7023;47-59-45.240N;069-29-16.800W;16.44
7024;47-59-45.240N;069-29-16.440W;15.96
7025;47-59-45.240N;069-29-16.080W;15.64
7026;47-59-45.240N;069-29-15.720W;15.35
7027;47-59-45.240N;069-29-15.360W;15.17
7028;47-59-45.240N;069-29-15.000W;14.89
7029;47-59-45.240N;069-29-14.640W;14.53
7030;47-59-45.240N;069-29-14.280W;14.08
7031;47-59-45.240N;069-29-13.920W;13.36
7032;47-59-45.240N;069-29-13.560W;12.81
7033;47-59-45.240N;069-29-13.200W;12.27
7034;47-59-45.240N;069-29-12.840W;11.63
7035;47-59-45.240N;069-29-12.480W;10.5
7036;47-59-45.240N;069-29-12.120W;9.71
7037;47-59-45.240N;069-29-11.760W;9.47
7038;47-59-45.600N;069-29-59.640W;34.17
7039;47-59-45.600N;069-29-59.280W;34.03
7040;47-59-45.600N;069-29-58.920W;33.71
7041;47-59-45.600N;069-29-58.560W;33.69
7042;47-59-45.600N;069-29-58.200W;33.52
7043;47-59-45.600N;069-29-57.840W;33.46
7044;47-59-45.600N;069-29-57.480W;33.32
7045;47-59-45.600N;069-29-57.120W;33.32
7046;47-59-45.600N;069-29-56.760W;33.07
7047;47-59-45.600N;069-29-56.400W;33.01
7048;47-59-45.600N;069-29-56.040W;32.83
7049;47-59-45.600N;069-29-55.680W;32.79
7050;47-59-45.600N;069-29-55.320W;32.64
7051;47-59-45.600N;069-29-54.960W;32.54
7052;47-59-45.600N;069-29-54.600W;32.49
7053;47-59-45.600N;069-29-54.240W;32.52
7054;47-59-45.600N;069-29-53.880W;32.25
7055;47-59-45.600N;069-29-53.520W;32.08
7056;47-59-45.600N;069-29-53.160W;32.03
7057;47-59-45.600N;069-29-52.800W;31.87
7058;47-59-45.600N;069-29-52.440W;31.73
7059;47-59-45.600N;069-29-52.080W;31.51
7060;47-59-45.600N;069-29-51.720W;31.21
7061;47-59-45.600N;069-29-51.360W;31.17
7062;47-59-45.600N;069-29-51.000W;30.92
7063;47-59-45.600N;069-29-50.640W;30.72
7064;47-59-45.600N;069-29-50.280W;30.71
7065;47-59-45.600N;069-29-49.920W;30.6
7066;47-59-45.600N;069-29-49.560W;30.42
7067;47-59-45.600N;069-29-49.200W;30.4
7068;47-59-45.600N;069-29-48.840W;30.29
7069;47-59-45.600N;069-29-48.480W;30.04
7070;47-59-45.600N;069-29-48.120W;30.04
7071;47-59-45.600N;069-29-47.760W;29.64
7072;47-59-45.600N;069-29-47.400W;29.52
7073;47-59-45.600N;069-29-47.040W;29.3
7074;47-59-45.600N;069-29-46.680W;28.99
7075;47-59-45.600N;069-29-46.320W;28.8
7076;47-59-45.600N;069-29-45.960W;28.5
7077;47-59-45.600N;069-29-45.600W;28.25
7078;47-59-45.600N;069-29-45.240W;28.15
7079;47-59-45.600N;069-29-44.880W;27.93
7080;47-59-45.600N;069-29-44.520W;27.65
7081;47-59-45.600N;069-29-44.160W;27.5
7082;47-59-45.600N;069-29-43.800W;27.31
7083;47-59-45.600N;069-29-43.440W;27.01
7084;47-59-45.600N;069-29-43.080W;26.9
7085;47-59-45.600N;069-29-42.720W;26.71
7086;47-59-45.600N;069-29-42.360W;26.68
7087;47-59-45.600N;069-29-42.000W;26.59
7088;47-59-45.600N;069-29-41.640W;26.46
7089;47-59-45.600N;069-29-41.280W;26.04
7090;47-59-45.600N;069-29-40.920W;25.79
7091;47-59-45.600N;069-29-40.560W;25.57
7092;47-59-45.600N;069-29-40.200W;25.44
7093;47-59-45.600N;069-29-39.840W;25.29
7094;47-59-45.600N;069-29-39.480W;25.15
7095;47-59-45.600N;069-29-39.120W;24.82
7096;47-59-45.600N;069-29-38.760W;24.75
7097;47-59-45.600N;069-29-38.400W;24.59
7098;47-59-45.600N;069-29-38.040W;24.49
7099;47-59-45.600N;069-29-37.680W;24.4
7100;47-59-45.600N;069-29-37.320W;24.24
7101;47-59-45.600N;069-29-36.960W;24.15
7102;47-59-45.600N;069-29-36.600W;23.83
7103;47-59-45.600N;069-29-36.240W;23.66
7104;47-59-45.600N;069-29-35.880W;23.37
7105;47-59-45.600N;069-29-35.520W;23.18
7106;47-59-45.600N;069-29-35.160W;22.97
7107;47-59-45.600N;069-29-34.800W;22.82
7108;47-59-45.600N;069-29-34.440W;22.66
7109;47-59-45.600N;069-29-34.080W;22.45
7110;47-59-45.600N;069-29-33.720W;22.22
7111;47-59-45.600N;069-29-33.360W;21.94
7112;47-59-45.600N;069-29-33.000W;21.86
7113;47-59-45.600N;069-29-32.640W;21.84
7114;47-59-45.600N;069-29-32.280W;21.58
7115;47-59-45.600N;069-29-31.920W;21.52
7116;47-59-45.600N;069-29-31.560W;21.31
7117;47-59-45.600N;069-29-31.200W;21.26
7118;47-59-45.600N;069-29-30.840W;21.13
7119;47-59-45.600N;069-29-30.480W;21.06
7120;47-59-45.600N;069-29-30.120W;21.01
7121;47-59-45.600N;069-29-29.760W;20.94
7122;47-59-45.600N;069-29-29.400W;20.9
7123;47-59-45.600N;069-29-29.040W;20.88
7124;47-59-45.600N;069-29-28.680W;20.93
7125;47-59-45.600N;069-29-28.320W;20.94
7126;47-59-45.600N;069-29-27.960W;20.88
7127;47-59-45.600N;069-29-27.600W;20.82
7128;47-59-45.600N;069-29-27.240W;20.67
7129;47-59-45.600N;069-29-26.880W;20.59
7130;47-59-45.600N;069-29-26.520W;20.6
7131;47-59-45.600N;069-29-26.160W;20.58
7132;47-59-45.600N;069-29-25.800W;20.53
7133;47-59-45.600N;069-29-25.440W;20.43
7134;47-59-45.600N;069-29-25.080W;20.43
7135;47-59-45.600N;069-29-24.720W;20.35
7136;47-59-45.600N;069-29-24.360W;20.29
7137;47-59-45.600N;069-29-24.000W;20.32
7138;47-59-45.600N;069-29-23.640W;20.24
7139;47-59-45.600N;069-29-23.280W;20.13
7140;47-59-45.600N;069-29-22.920W;20.07
7141;47-59-45.600N;069-29-22.560W;19.96
7142;47-59-45.600N;069-29-22.200W;19.6
7143;47-59-45.600N;069-29-21.840W;19.63
7144;47-59-45.600N;069-29-21.480W;19.55
7145;47-59-45.600N;069-29-21.120W;19.46
7146;47-59-45.600N;069-29-20.760W;19.37
7147;47-59-45.600N;069-29-20.400W;19.23
7148;47-59-45.600N;069-29-20.040W;19.03
7149;47-59-45.600N;069-29-19.680W;18.89
7150;47-59-45.600N;069-29-19.320W;18.59
7151;47-59-45.600N;069-29-18.960W;18.34
7152;47-59-45.600N;069-29-18.600W;18.11
7153;47-59-45.600N;069-29-18.240W;17.86
7154;47-59-45.600N;069-29-17.880W;17.49
7155;47-59-45.600N;069-29-17.520W;17.13
7156;47-59-45.600N;069-29-17.160W;16.61
7157;47-59-45.600N;069-29-16.800W;16.64
7158;47-59-45.600N;069-29-16.440W;16.39
7159;47-59-45.600N;069-29-16.080W;15.98
7160;47-59-45.600N;069-29-15.720W;15.61
7161;47-59-45.600N;069-29-15.360W;15.28
7162;47-59-45.600N;069-29-15.000W;15.08
7163;47-59-45.600N;069-29-14.640W;14.8
7164;47-59-45.600N;069-29-14.280W;14.53
7165;47-59-45.600N;069-29-13.920W;14.15
7166;47-59-45.600N;069-29-13.560W;13.71
7167;47-59-45.600N;069-29-13.200W;13.08
7168;47-59-45.600N;069-29-12.840W;12.48
7169;47-59-45.600N;069-29-12.480W;11.41
7170;47-59-45.600N;069-29-12.120W;10.54
7171;47-59-45.600N;069-29-11.760W;9.5
7172;47-59-45.600N;069-29-11.400W;9.35
7173;47-59-45.600N;069-29-11.040W;9.27
7174;47-59-45.702N;069-28-28.871W;-1.8
7175;47-59-45.431N;069-27-55.926W;-1.8
7176;47-59-45.741N;069-27-48.251W;-1.8
7177;47-59-45.695N;069-27-05.868W;3.66
7178;47-59-45.960N;069-29-59.640W;34.35
7179;47-59-45.960N;069-29-59.280W;34.2
7180;47-59-45.960N;069-29-58.920W;33.92
7181;47-59-45.960N;069-29-58.560W;33.85
7182;47-59-45.960N;069-29-58.200W;33.64
7183;47-59-45.960N;069-29-57.840W;33.6
7184;47-59-45.960N;069-29-57.480W;33.47
7185;47-59-45.960N;069-29-57.120W;33.41
7186;47-59-45.960N;069-29-56.760W;33.25
7187;47-59-45.960N;069-29-56.400W;33.19
7188;47-59-45.960N;069-29-56.040W;33.07
7189;47-59-45.960N;069-29-55.680W;32.97
7190;47-59-45.960N;069-29-55.320W;32.85
7191;47-59-45.960N;069-29-54.960W;32.77
7192;47-59-45.960N;069-29-54.600W;32.53
7193;47-59-45.960N;069-29-54.240W;32.48
7194;47-59-45.960N;069-29-53.880W;32.52
7195;47-59-45.960N;069-29-53.520W;32.39
7196;47-59-45.960N;069-29-53.160W;32.24
7197;47-59-45.960N;069-29-52.800W;31.98
7198;47-59-45.960N;069-29-52.440W;31.75
7199;47-59-45.960N;069-29-52.080W;31.86
7200;47-59-45.960N;069-29-51.720W;31.74
7201;47-59-45.960N;069-29-51.360W;31.52
7202;47-59-45.960N;069-29-51.000W;31.11
7203;47-59-45.960N;069-29-50.640W;31.01
7204;47-59-45.960N;069-29-50.280W;30.91
7205;47-59-45.960N;069-29-49.920W;30.67
7206;47-59-45.960N;069-29-49.560W;30.63
7207;47-59-45.960N;069-29-49.200W;30.44
7208;47-59-45.960N;069-29-48.840W;30.45
7209;47-59-45.960N;069-29-48.480W;30.3
7210;47-59-45.960N;069-29-48.120W;30.19
7211;47-59-45.960N;069-29-47.760W;30.04
7212;47-59-45.960N;069-29-47.400W;29.97
7213;47-59-45.960N;069-29-47.040W;29.76
7214;47-59-45.960N;069-29-46.680W;29.49
7215;47-59-45.960N;069-29-46.320W;29.12
7216;47-59-45.960N;069-29-45.960W;28.9
7217;47-59-45.960N;069-29-45.600W;28.62
7218;47-59-45.960N;069-29-45.240W;28.41
7219;47-59-45.960N;069-29-44.880W;28.17
7220;47-59-45.960N;069-29-44.520W;28.06
7221;47-59-45.960N;069-29-44.160W;27.73
7222;47-59-45.960N;069-29-43.800W;27.57
7223;47-59-45.960N;069-29-43.440W;27.35
7224;47-59-45.960N;069-29-43.080W;27.12
7225;47-59-45.960N;069-29-42.720W;26.9
7226;47-59-45.960N;069-29-42.360W;26.81
7227;47-59-45.960N;069-29-42.000W;26.57
7228;47-59-45.960N;069-29-41.640W;26.45
7229;47-59-45.960N;069-29-41.280W;26.45
7230;47-59-45.960N;069-29-40.920W;26.26
7231;47-59-45.960N;069-29-40.560W;26.0
7232;47-59-45.960N;069-29-40.200W;25.83
7233;47-59-45.960N;069-29-39.840W;25.46
7234;47-59-45.960N;069-29-39.480W;25.3
7235;47-59-45.960N;069-29-39.120W;24.98
7236;47-59-45.960N;069-29-38.760W;24.85
7237;47-59-45.960N;069-29-38.400W;24.76
7238;47-59-45.960N;069-29-38.040W;24.55
7239;47-59-45.960N;069-29-37.680W;24.4
7240;47-59-45.960N;069-29-37.320W;24.39
7241;47-59-45.960N;069-29-36.960W;24.28
7242;47-59-45.960N;069-29-36.600W;24.0
7243;47-59-45.960N;069-29-36.240W;23.81
7244;47-59-45.960N;069-29-35.880W;23.59
7245;47-59-45.960N;069-29-35.520W;23.38
7246;47-59-45.960N;069-29-35.160W;23.15
7247;47-59-45.960N;069-29-34.800W;23.04
7248;47-59-45.960N;069-29-34.440W;22.75
7249;47-59-45.960N;069-29-34.080W;22.64
7250;47-59-45.960N;069-29-33.720W;22.43
7251;47-59-45.960N;069-29-33.360W;22.26
7252;47-59-45.960N;069-29-33.000W;22.04
7253;47-59-45.960N;069-29-32.640W;22.0
7254;47-59-45.960N;069-29-32.280W;21.76
7255;47-59-45.960N;069-29-31.920W;21.58
7256;47-59-45.960N;069-29-31.560W;21.47
7257;47-59-45.960N;069-29-31.200W;21.39
7258;47-59-45.960N;069-29-30.840W;21.28
7259;47-59-45.960N;069-29-30.480W;21.22
7260;47-59-45.960N;069-29-30.120W;21.14
7261;47-59-45.960N;069-29-29.760W;21.17
7262;47-59-45.960N;069-29-29.400W;21.05
7263;47-59-45.960N;069-29-29.040W;21.05
7264;47-59-45.960N;069-29-28.680W;20.98
7265;47-59-45.960N;069-29-28.320W;21.03
7266;47-59-45.960N;069-29-27.960W;21.03
7267;47-59-45.960N;069-29-27.600W;21.01
7268;47-59-45.960N;069-29-27.240W;20.87
7269;47-59-45.960N;069-29-26.880W;20.9
7270;47-59-45.960N;069-29-26.520W;20.77
7271;47-59-45.960N;069-29-26.160W;20.72
7272;47-59-45.960N;069-29-25.800W;20.64
7273;47-59-45.960N;069-29-25.440W;20.56
7274;47-59-45.960N;069-29-25.080W;20.53
7275;47-59-45.960N;069-29-24.720W;20.47
7276;47-59-45.960N;069-29-24.360W;20.39
7277;47-59-45.960N;069-29-24.000W;20.34
7278;47-59-45.960N;069-29-23.640W;20.28
7279;47-59-45.960N;069-29-23.280W;20.28
7280;47-59-45.960N;069-29-22.920W;20.21
7281;47-59-45.960N;069-29-22.560W;20.15
7282;47-59-45.960N;069-29-22.200W;20.02
7283;47-59-45.960N;069-29-21.840W;19.68
7284;47-59-45.960N;069-29-21.480W;19.68
7285;47-59-45.960N;069-29-21.120W;19.6
7286;47-59-45.960N;069-29-20.760W;19.56
7287;47-59-45.960N;069-29-20.400W;19.46
7288;47-59-45.960N;069-29-20.040W;19.26
7289;47-59-45.960N;069-29-19.680W;19.14
7290;47-59-45.960N;069-29-19.320W;18.97
7291;47-59-45.960N;069-29-18.960W;18.7
7292;47-59-45.960N;069-29-18.600W;18.35
7293;47-59-45.960N;069-29-18.240W;18.15
7294;47-59-45.960N;069-29-17.880W;17.86
7295;47-59-45.960N;069-29-17.520W;17.57
7296;47-59-45.960N;069-29-17.160W;17.05
7297;47-59-45.960N;069-29-16.800W;16.78
7298;47-59-45.960N;069-29-16.440W;16.55
7299;47-59-45.960N;069-29-16.080W;16.35
7300;47-59-45.960N;069-29-15.720W;16.0
7301;47-59-45.960N;069-29-15.360W;15.61
7302;47-59-45.960N;069-29-15.000W;15.25
7303;47-59-45.960N;069-29-14.640W;14.98
7304;47-59-45.960N;069-29-14.280W;14.77
7305;47-59-45.960N;069-29-13.920W;14.47
7306;47-59-45.960N;069-29-13.560W;14.15
7307;47-59-45.960N;069-29-13.200W;13.75
7308;47-59-45.960N;069-29-12.840W;13.21
7309;47-59-45.960N;069-29-12.480W;12.54
7310;47-59-45.960N;069-29-12.120W;11.62
7311;47-59-45.960N;069-29-11.760W;10.78
7312;47-59-45.960N;069-29-11.400W;9.71
7313;47-59-45.960N;069-29-11.040W;9.24
7314;47-59-45.960N;069-29-10.680W;9.28
7315;47-59-45.969N;069-27-40.697W;-1.8
7316;47-59-45.796N;069-27-13.666W;0.91
7317;47-59-46.320N;069-29-59.640W;34.48
7318;47-59-46.320N;069-29-59.280W;34.36
7319;47-59-46.320N;069-29-58.920W;34.06
7320;47-59-46.320N;069-29-58.560W;33.96
7321;47-59-46.320N;069-29-58.200W;33.79
7322;47-59-46.320N;069-29-57.840W;33.84
7323;47-59-46.320N;069-29-57.480W;33.77
7324;47-59-46.320N;069-29-57.120W;33.59
7325;47-59-46.320N;069-29-56.760W;33.51
7326;47-59-46.320N;069-29-56.400W;33.46
7327;47-59-46.320N;069-29-56.040W;33.48
7328;47-59-46.320N;069-29-55.680W;33.11
7329;47-59-46.320N;069-29-55.320W;33.19
7330;47-59-46.320N;069-29-54.960W;32.99
7331;47-59-46.320N;069-29-54.600W;32.93
7332;47-59-46.320N;069-29-54.240W;32.76
7333;47-59-46.320N;069-29-53.880W;32.68
7334;47-59-46.320N;069-29-53.520W;32.48
7335;47-59-46.320N;069-29-53.160W;32.51
7336;47-59-46.320N;069-29-52.800W;32.12
7337;47-59-46.320N;069-29-52.440W;32.03
7338;47-59-46.320N;069-29-52.080W;31.94
7339;47-59-46.320N;069-29-51.720W;31.9
7340;47-59-46.320N;069-29-51.360W;31.68
7341;47-59-46.320N;069-29-51.000W;31.65
7342;47-59-46.320N;069-29-50.640W;31.26
7343;47-59-46.320N;069-29-50.280W;31.08
7344;47-59-46.320N;069-29-49.920W;30.91
7345;47-59-46.320N;069-29-49.560W;30.74
7346;47-59-46.320N;069-29-49.200W;30.6
7347;47-59-46.320N;069-29-48.840W;30.53
7348;47-59-46.320N;069-29-48.480W;30.44
7349;47-59-46.320N;069-29-48.120W;30.46
7350;47-59-46.320N;069-29-47.760W;30.34
7351;47-59-46.320N;069-29-47.400W;30.29
7352;47-59-46.320N;069-29-47.040W;30.11
7353;47-59-46.320N;069-29-46.680W;29.79
7354;47-59-46.320N;069-29-46.320W;29.5
7355;47-59-46.320N;069-29-45.960W;29.28
7356;47-59-46.320N;069-29-45.600W;28.97
7357;47-59-46.320N;069-29-45.240W;28.73
7358;47-59-46.320N;069-29-44.880W;28.54
7359;47-59-46.320N;069-29-44.520W;28.37
7360;47-59-46.320N;069-29-44.160W;27.98
7361;47-59-46.320N;069-29-43.800W;27.82
7362;47-59-46.320N;069-29-43.440W;27.57
7363;47-59-46.320N;069-29-43.080W;27.43
7364;47-59-46.320N;069-29-42.720W;27.13
7365;47-59-46.320N;069-29-42.360W;26.91
7366;47-59-46.320N;069-29-42.000W;26.76
7367;47-59-46.320N;069-29-41.640W;26.65
7368;47-59-46.320N;069-29-41.280W;26.47
7369;47-59-46.320N;069-29-40.920W;26.45
7370;47-59-46.320N;069-29-40.560W;26.19
7371;47-59-46.320N;069-29-40.200W;26.13
7372;47-59-46.320N;069-29-39.840W;25.69
7373;47-59-46.320N;069-29-39.480W;25.59
7374;47-59-46.320N;069-29-39.120W;25.21
7375;47-59-46.320N;069-29-38.760W;25.05
7376;47-59-46.320N;069-29-38.400W;24.8
7377;47-59-46.320N;069-29-38.040W;24.77
7378;47-59-46.320N;069-29-37.680W;24.68
7379;47-59-46.320N;069-29-37.320W;24.64
7380;47-59-46.320N;069-29-36.960W;24.39
7381;47-59-46.320N;069-29-36.600W;24.19
7382;47-59-46.320N;069-29-36.240W;23.92
7383;47-59-46.320N;069-29-35.880W;23.73
7384;47-59-46.320N;069-29-35.520W;23.42
7385;47-59-46.320N;069-29-35.160W;23.3
7386;47-59-46.320N;069-29-34.800W;23.26
7387;47-59-46.320N;069-29-34.440W;23.1
7388;47-59-46.320N;069-29-34.080W;22.88
7389;47-59-46.320N;069-29-33.720W;22.62
7390;47-59-46.320N;069-29-33.360W;22.48
7391;47-59-46.320N;069-29-33.000W;22.24
7392;47-59-46.320N;069-29-32.640W;22.17
7393;47-59-46.320N;069-29-32.280W;21.89
7394;47-59-46.320N;069-29-31.920W;21.72
7395;47-59-46.320N;069-29-31.560W;21.61
7396;47-59-46.320N;069-29-31.200W;21.56
7397;47-59-46.320N;069-29-30.840W;21.46
7398;47-59-46.320N;069-29-30.480W;21.38
7399;47-59-46.320N;069-29-30.120W;21.31
7400;47-59-46.320N;069-29-29.760W;21.33
7401;47-59-46.320N;069-29-29.400W;21.25
7402;47-59-46.320N;069-29-29.040W;21.13
7403;47-59-46.320N;069-29-28.680W;21.14
7404;47-59-46.320N;069-29-28.320W;21.09
7405;47-59-46.320N;069-29-27.960W;21.08
7406;47-59-46.320N;069-29-27.600W;21.11
7407;47-59-46.320N;069-29-27.240W;21.02
7408;47-59-46.320N;069-29-26.880W;21.05
7409;47-59-46.320N;069-29-26.520W;20.94
7410;47-59-46.320N;069-29-26.160W;20.85
7411;47-59-46.320N;069-29-25.800W;20.77
7412;47-59-46.320N;069-29-25.440W;20.75
7413;47-59-46.320N;069-29-25.080W;20.59
7414;47-59-46.320N;069-29-24.720W;20.51
7415;47-59-46.320N;069-29-24.360W;20.5
7416;47-59-46.320N;069-29-24.000W;20.4
7417;47-59-46.320N;069-29-23.640W;20.32
7418;47-59-46.320N;069-29-23.280W;20.29
7419;47-59-46.320N;069-29-22.920W;20.26
7420;47-59-46.320N;069-29-22.560W;20.23
7421;47-59-46.320N;069-29-22.200W;20.12
7422;47-59-46.320N;069-29-21.840W;20.02
7423;47-59-46.320N;069-29-21.480W;19.95
7424;47-59-46.320N;069-29-21.120W;19.76
7425;47-59-46.320N;069-29-20.760W;19.69
7426;47-59-46.320N;069-29-20.400W;19.64
7427;47-59-46.320N;069-29-20.040W;19.48
7428;47-59-46.320N;069-29-19.680W;19.42
7429;47-59-46.320N;069-29-19.320W;19.31
7430;47-59-46.320N;069-29-18.960W;19.07
7431;47-59-46.320N;069-29-18.600W;18.79
7432;47-59-46.320N;069-29-18.240W;18.53
7433;47-59-46.320N;069-29-17.880W;18.26
7434;47-59-46.320N;069-29-17.520W;17.9
7435;47-59-46.320N;069-29-17.160W;17.64
7436;47-59-46.320N;069-29-16.800W;16.98
7437;47-59-46.320N;069-29-16.440W;16.67
7438;47-59-46.320N;069-29-16.080W;16.55
7439;47-59-46.320N;069-29-15.720W;16.35
7440;47-59-46.320N;069-29-15.360W;15.97
7441;47-59-46.320N;069-29-15.000W;15.63
7442;47-59-46.320N;069-29-14.640W;15.17
7443;47-59-46.320N;069-29-14.280W;14.86
7444;47-59-46.320N;069-29-13.920W;14.66
7445;47-59-46.320N;069-29-13.560W;14.4
7446;47-59-46.320N;069-29-13.200W;14.06
7447;47-59-46.320N;069-29-12.840W;13.72
7448;47-59-46.320N;069-29-12.480W;13.26
7449;47-59-46.320N;069-29-12.120W;12.59
7450;47-59-46.320N;069-29-11.760W;11.92
7451;47-59-46.320N;069-29-11.400W;11.02
7452;47-59-46.320N;069-29-11.040W;10.16
7453;47-59-46.320N;069-29-10.680W;9.37
7454;47-59-46.320N;069-29-10.320W;9.27
7455;47-59-46.320N;069-29-09.960W;9.16
7456;47-59-46.469N;069-28-20.219W;-1.8
7457;47-59-46.321N;069-28-07.925W;-1.8
7458;47-59-46.680N;069-29-59.640W;34.74
7459;47-59-46.680N;069-29-59.280W;34.7
7460;47-59-46.680N;069-29-58.920W;34.25
7461;47-59-46.680N;069-29-58.560W;34.11
7462;47-59-46.680N;069-29-58.200W;33.95
7463;47-59-46.680N;069-29-57.840W;33.91
7464;47-59-46.680N;069-29-57.480W;33.96
7465;47-59-46.680N;069-29-57.120W;33.85
7466;47-59-46.680N;069-29-56.760W;33.71
7467;47-59-46.680N;069-29-56.400W;33.53
7468;47-59-46.680N;069-29-56.040W;33.58
7469;47-59-46.680N;069-29-55.680W;33.38
7470;47-59-46.680N;069-29-55.320W;33.17
7471;47-59-46.680N;069-29-54.960W;33.22
7472;47-59-46.680N;069-29-54.600W;33.14
7473;47-59-46.680N;069-29-54.240W;32.97
7474;47-59-46.680N;069-29-53.880W;32.92
7475;47-59-46.680N;069-29-53.520W;32.54
7476;47-59-46.680N;069-29-53.160W;32.46
7477;47-59-46.680N;069-29-52.800W;32.36
7478;47-59-46.680N;069-29-52.440W;32.24
7479;47-59-46.680N;069-29-52.080W;32.1
7480;47-59-46.680N;069-29-51.720W;32.08
7481;47-59-46.680N;069-29-51.360W;31.86
7482;47-59-46.680N;069-29-51.000W;31.89
7483;47-59-46.680N;069-29-50.640W;31.61
7484;47-59-46.680N;069-29-50.280W;31.36
7485;47-59-46.680N;069-29-49.920W;31.04
7486;47-59-46.680N;069-29-49.560W;30.85
7487;47-59-46.680N;069-29-49.200W;30.73
7488;47-59-46.680N;069-29-48.840W;30.66
7489;47-59-46.680N;069-29-48.480W;30.49
7490;47-59-46.680N;069-29-48.120W;30.49
7491;47-59-46.680N;069-29-47.760W;30.49
7492;47-59-46.680N;069-29-47.400W;30.5
7493;47-59-46.680N;069-29-47.040W;30.27
7494;47-59-46.680N;069-29-46.680W;30.19
7495;47-59-46.680N;069-29-46.320W;29.87
7496;47-59-46.680N;069-29-45.960W;29.73
7497;47-59-46.680N;069-29-45.600W;29.38
7498;47-59-46.680N;069-29-45.240W;29.28
7499;47-59-46.680N;069-29-44.880W;28.93
7500;47-59-46.680N;069-29-44.520W;28.76
7501;47-59-46.680N;069-29-44.160W;28.38
7502;47-59-46.680N;069-29-43.800W;28.14
7503;47-59-46.680N;069-29-43.440W;27.91
7504;47-59-46.680N;069-29-43.080W;27.69
7505;47-59-46.680N;069-29-42.720W;27.44
7506;47-59-46.680N;069-29-42.360W;27.24
7507;47-59-46.680N;069-29-42.000W;26.98
7508;47-59-46.680N;069-29-41.640W;26.83
7509;47-59-46.680N;069-29-41.280W;26.7
7510;47-59-46.680N;069-29-40.920W;26.44
7511;47-59-46.680N;069-29-40.560W;26.44
7512;47-59-46.680N;069-29-40.200W;26.34
7513;47-59-46.680N;069-29-39.840W;26.03
7514;47-59-46.680N;069-29-39.480W;25.77
7515;47-59-46.680N;069-29-39.120W;25.52
7516;47-59-46.680N;069-29-38.760W;25.25
7517;47-59-46.680N;069-29-38.400W;25.12
7518;47-59-46.680N;069-29-38.040W;24.86
7519;47-59-46.680N;069-29-37.680W;24.83
7520;47-59-46.680N;069-29-37.320W;24.68
7521;47-59-46.680N;069-29-36.960W;24.48
7522;47-59-46.680N;069-29-36.600W;24.33
7523;47-59-46.680N;069-29-36.240W;24.0
7524;47-59-46.680N;069-29-35.880W;23.87
7525;47-59-46.680N;069-29-35.520W;23.73
7526;47-59-46.680N;069-29-35.160W;23.64
7527;47-59-46.680N;069-29-34.800W;23.48
7528;47-59-46.680N;069-29-34.440W;23.24
7529;47-59-46.680N;069-29-34.080W;23.0
7530;47-59-46.680N;069-29-33.720W;22.82
7531;47-59-46.680N;069-29-33.360W;22.71
7532;47-59-46.680N;069-29-33.000W;22.51
7533;47-59-46.680N;069-29-32.640W;22.34
7534;47-59-46.680N;069-29-32.280W;22.11
7535;47-59-46.680N;069-29-31.920W;22.03
7536;47-59-46.680N;069-29-31.560W;21.76
7537;47-59-46.680N;069-29-31.200W;21.72
7538;47-59-46.680N;069-29-30.840W;21.58
7539;47-59-46.680N;069-29-30.480W;21.48
7540;47-59-46.680N;069-29-30.120W;21.45
7541;47-59-46.680N;069-29-29.760W;21.38
7542;47-59-46.680N;069-29-29.400W;21.31
7543;47-59-46.680N;069-29-29.040W;21.25
7544;47-59-46.680N;069-29-28.680W;21.22
7545;47-59-46.680N;069-29-28.320W;21.13
7546;47-59-46.680N;069-29-27.960W;21.17
7547;47-59-46.680N;069-29-27.600W;21.13
7548;47-59-46.680N;069-29-27.240W;21.1
7549;47-59-46.680N;069-29-26.880W;21.13
7550;47-59-46.680N;069-29-26.520W;21.01
7551;47-59-46.680N;069-29-26.160W;20.98
7552;47-59-46.680N;069-29-25.800W;20.87
7553;47-59-46.680N;069-29-25.440W;20.73
7554;47-59-46.680N;069-29-25.080W;20.7
7555;47-59-46.680N;069-29-24.720W;20.61
7556;47-59-46.680N;069-29-24.360W;20.58
7557;47-59-46.680N;069-29-24.000W;20.57
7558;47-59-46.680N;069-29-23.640W;20.42
7559;47-59-46.680N;069-29-23.280W;20.37
7560;47-59-46.680N;069-29-22.920W;20.29
7561;47-59-46.680N;069-29-22.560W;20.28
7562;47-59-46.680N;069-29-22.200W;20.27
7563;47-59-46.680N;069-29-21.840W;20.16
7564;47-59-46.680N;069-29-21.480W;20.11
7565;47-59-46.680N;069-29-21.120W;20.04
7566;47-59-46.680N;069-29-20.760W;19.82
7567;47-59-46.680N;069-29-20.400W;19.78
7568;47-59-46.680N;069-29-20.040W;19.77
7569;47-59-46.680N;069-29-19.680W;19.69
7570;47-59-46.680N;069-29-19.320W;19.52
7571;47-59-46.680N;069-29-18.960W;19.36
7572;47-59-46.680N;069-29-18.600W;19.14
7573;47-59-46.680N;069-29-18.240W;18.85
7574;47-59-46.680N;069-29-17.880W;18.58
7575;47-59-46.680N;069-29-17.520W;18.25
7576;47-59-46.680N;069-29-17.160W;18.03
7577;47-59-46.680N;069-29-16.800W;17.67
7578;47-59-46.680N;069-29-16.440W;17.33
7579;47-59-46.680N;069-29-16.080W;16.68
7580;47-59-46.680N;069-29-15.720W;16.57
7581;47-59-46.680N;069-29-15.360W;16.38
7582;47-59-46.680N;069-29-15.000W;16.05
7583;47-59-46.680N;069-29-14.640W;15.62
7584;47-59-46.680N;069-29-14.280W;15.17
7585;47-59-46.680N;069-29-13.920W;14.89
7586;47-59-46.680N;069-29-13.560W;14.52
7587;47-59-46.680N;069-29-13.200W;14.31
7588;47-59-46.680N;069-29-12.840W;13.97
7589;47-59-46.680N;069-29-12.480W;13.64
7590;47-59-46.680N;069-29-12.120W;13.27
7591;47-59-46.680N;069-29-11.760W;12.81
7592;47-59-46.680N;069-29-11.400W;12.17
7593;47-59-46.680N;069-29-11.040W;11.6
7594;47-59-46.680N;069-29-10.680W;10.83
7595;47-59-46.680N;069-29-10.320W;9.93
7596;47-59-46.680N;069-29-09.960W;9.21
7597;47-59-46.680N;069-29-09.600W;9.17
7598;47-59-47.040N;069-29-59.640W;35.22
7599;47-59-47.040N;069-29-59.280W;34.98
7600;47-59-47.040N;069-29-58.920W;34.81
7601;47-59-47.040N;069-29-58.560W;34.48
7602;47-59-47.040N;069-29-58.200W;34.4
7603;47-59-47.040N;069-29-57.840W;34.16
7604;47-59-47.040N;069-29-57.480W;33.99
7605;47-59-47.040N;069-29-57.120W;33.89
7606;47-59-47.040N;069-29-56.760W;33.82
7607;47-59-47.040N;069-29-56.400W;33.86
7608;47-59-47.040N;069-29-56.040W;33.53
7609;47-59-47.040N;069-29-55.680W;33.58
7610;47-59-47.040N;069-29-55.320W;33.61
7611;47-59-47.040N;069-29-54.960W;33.3
7612;47-59-47.040N;069-29-54.600W;33.35
7613;47-59-47.040N;069-29-54.240W;33.09
7614;47-59-47.040N;069-29-53.880W;33.02
7615;47-59-47.040N;069-29-53.520W;32.85
7616;47-59-47.040N;069-29-53.160W;32.64
7617;47-59-47.040N;069-29-52.800W;32.61
7618;47-59-47.040N;069-29-52.440W;32.57
7619;47-59-47.040N;069-29-52.080W;32.38
7620;47-59-47.040N;069-29-51.720W;32.21
7621;47-59-47.040N;069-29-51.360W;32.09
7622;47-59-47.040N;069-29-51.000W;32.01
7623;47-59-47.040N;069-29-50.640W;31.81
7624;47-59-47.040N;069-29-50.280W;31.67
7625;47-59-47.040N;069-29-49.920W;31.36
7626;47-59-47.040N;069-29-49.560W;31.02
7627;47-59-47.040N;069-29-49.200W;31.02
7628;47-59-47.040N;069-29-48.840W;30.67
7629;47-59-47.040N;069-29-48.480W;30.57
7630;47-59-47.040N;069-29-48.120W;30.55
7631;47-59-47.040N;069-29-47.760W;30.49
7632;47-59-47.040N;069-29-47.400W;30.49
7633;47-59-47.040N;069-29-47.040W;30.38
7634;47-59-47.040N;069-29-46.680W;30.36
7635;47-59-47.040N;069-29-46.320W;30.11
7636;47-59-47.040N;069-29-45.960W;30.0
7637;47-59-47.040N;069-29-45.600W;29.76
7638;47-59-47.040N;069-29-45.240W;29.49
7639;47-59-47.040N;069-29-44.880W;29.25
7640;47-59-47.040N;069-29-44.520W;29.09
7641;47-59-47.040N;069-29-44.160W;28.74
7642;47-59-47.040N;069-29-43.800W;28.58
7643;47-59-47.040N;069-29-43.440W;28.3
7644;47-59-47.040N;069-29-43.080W;28.09
7645;47-59-47.040N;069-29-42.720W;27.68
7646;47-59-47.040N;069-29-42.360W;27.46
7647;47-59-47.040N;069-29-42.000W;27.25
7648;47-59-47.040N;069-29-41.640W;27.09
7649;47-59-47.040N;069-29-41.280W;26.86
7650;47-59-47.040N;069-29-40.920W;26.74
7651;47-59-47.040N;069-29-40.560W;26.46
7652;47-59-47.040N;069-29-40.200W;26.45
7653;47-59-47.040N;069-29-39.840W;26.28
7654;47-59-47.040N;069-29-39.480W;26.08
7655;47-59-47.040N;069-29-39.120W;25.85
7656;47-59-47.040N;069-29-38.760W;25.57
7657;47-59-47.040N;069-29-38.400W;25.38
7658;47-59-47.040N;069-29-38.040W;25.23
7659;47-59-47.040N;069-29-37.680W;25.01
7660;47-59-47.040N;069-29-37.320W;24.78
7661;47-59-47.040N;069-29-36.960W;24.67
7662;47-59-47.040N;069-29-36.600W;24.43
7663;47-59-47.040N;069-29-36.240W;24.15
7664;47-59-47.040N;069-29-35.880W;24.03
7665;47-59-47.040N;069-29-35.520W;23.73
7666;47-59-47.040N;069-29-35.160W;23.64
7667;47-59-47.040N;069-29-34.800W;23.57
7668;47-59-47.040N;069-29-34.440W;23.38
7669;47-59-47.040N;069-29-34.080W;23.14
7670;47-59-47.040N;069-29-33.720W;22.99
7671;47-59-47.040N;069-29-33.360W;22.79
7672;47-59-47.040N;069-29-33.000W;22.68
7673;47-59-47.040N;069-29-32.640W;22.47
7674;47-59-47.040N;069-29-32.280W;22.19
7675;47-59-47.040N;069-29-31.920W;22.09
7676;47-59-47.040N;069-29-31.560W;21.94
7677;47-59-47.040N;069-29-31.200W;22.0
7678;47-59-47.040N;069-29-30.840W;21.73
7679;47-59-47.040N;069-29-30.480W;21.71
7680;47-59-47.040N;069-29-30.120W;21.61
7681;47-59-47.040N;069-29-29.760W;21.58
7682;47-59-47.040N;069-29-29.400W;21.55
7683;47-59-47.040N;069-29-29.040W;21.51
7684;47-59-47.040N;069-29-28.680W;21.39
7685;47-59-47.040N;069-29-28.320W;21.27
7686;47-59-47.040N;069-29-27.960W;21.28
7687;47-59-47.040N;069-29-27.600W;21.29
7688;47-59-47.040N;069-29-27.240W;21.16
7689;47-59-47.040N;069-29-26.880W;21.23
7690;47-59-47.040N;069-29-26.520W;21.22
7691;47-59-47.040N;069-29-26.160W;21.18
7692;47-59-47.040N;069-29-25.800W;21.07
7693;47-59-47.040N;069-29-25.440W;21.01
7694;47-59-47.040N;069-29-25.080W;20.83
7695;47-59-47.040N;069-29-24.720W;20.69
7696;47-59-47.040N;069-29-24.360W;20.71
7697;47-59-47.040N;069-29-24.000W;20.64
7698;47-59-47.040N;069-29-23.640W;20.49
7699;47-59-47.040N;069-29-23.280W;20.43
7700;47-59-47.040N;069-29-22.920W;20.35
7701;47-59-47.040N;069-29-22.560W;20.3
7702;47-59-47.040N;069-29-22.200W;20.31
7703;47-59-47.040N;069-29-21.840W;20.32
7704;47-59-47.040N;069-29-21.480W;20.32
7705;47-59-47.040N;069-29-21.120W;20.21
7706;47-59-47.040N;069-29-20.760W;20.15
7707;47-59-47.040N;069-29-20.400W;19.84
7708;47-59-47.040N;069-29-20.040W;19.73
7709;47-59-47.040N;069-29-19.680W;19.72
7710;47-59-47.040N;069-29-19.320W;19.66
7711;47-59-47.040N;069-29-18.960W;19.56
7712;47-59-47.040N;069-29-18.600W;19.38
7713;47-59-47.040N;069-29-18.240W;19.1
7714;47-59-47.040N;069-29-17.880W;18.92
7715;47-59-47.040N;069-29-17.520W;18.58
7716;47-59-47.040N;069-29-17.160W;18.27
7717;47-59-47.040N;069-29-16.800W;18.0
7718;47-59-47.040N;069-29-16.440W;17.66
7719;47-59-47.040N;069-29-16.080W;17.36
7720;47-59-47.040N;069-29-15.720W;16.86
7721;47-59-47.040N;069-29-15.360W;16.47
7722;47-59-47.040N;069-29-15.000W;16.35
7723;47-59-47.040N;069-29-14.640W;16.05
7724;47-59-47.040N;069-29-14.280W;15.53
7725;47-59-47.040N;069-29-13.920W;15.18
7726;47-59-47.040N;069-29-13.560W;14.75
7727;47-59-47.040N;069-29-13.200W;14.38
7728;47-59-47.040N;069-29-12.840W;14.2
7729;47-59-47.040N;069-29-12.480W;13.98
7730;47-59-47.040N;069-29-12.120W;13.67
7731;47-59-47.040N;069-29-11.760W;13.29
7732;47-59-47.040N;069-29-11.400W;13.01
7733;47-59-47.040N;069-29-11.040W;12.49
7734;47-59-47.040N;069-29-10.680W;12.04
7735;47-59-47.040N;069-29-10.320W;11.2
7736;47-59-47.040N;069-29-09.960W;10.24
7737;47-59-47.040N;069-29-09.600W;9.29
7738;47-59-47.040N;069-29-09.240W;9.21
7739;47-59-47.040N;069-29-08.880W;9.39
7740;47-59-46.993N;069-28-01.115W;-1.8
7741;47-59-47.400N;069-29-59.640W;35.73
7742;47-59-47.400N;069-29-59.280W;35.31
7743;47-59-47.400N;069-29-58.920W;35.16
7744;47-59-47.400N;069-29-58.560W;34.74
7745;47-59-47.400N;069-29-58.200W;34.57
7746;47-59-47.400N;069-29-57.840W;34.4
7747;47-59-47.400N;069-29-57.480W;34.31
7748;47-59-47.400N;069-29-57.120W;34.14
7749;47-59-47.400N;069-29-56.760W;34.07
7750;47-59-47.400N;069-29-56.400W;33.95
7751;47-59-47.400N;069-29-56.040W;33.95
7752;47-59-47.400N;069-29-55.680W;33.76
7753;47-59-47.400N;069-29-55.320W;33.66
7754;47-59-47.400N;069-29-54.960W;33.44
7755;47-59-47.400N;069-29-54.600W;33.41
7756;47-59-47.400N;069-29-54.240W;33.33
7757;47-59-47.400N;069-29-53.880W;33.23
7758;47-59-47.400N;069-29-53.520W;32.96
7759;47-59-47.400N;069-29-53.160W;32.91
7760;47-59-47.400N;069-29-52.800W;32.76
7761;47-59-47.400N;069-29-52.440W;32.68
7762;47-59-47.400N;069-29-52.080W;32.64
7763;47-59-47.400N;069-29-51.720W;32.64
7764;47-59-47.400N;069-29-51.360W;32.39
7765;47-59-47.400N;069-29-51.000W;32.32
7766;47-59-47.400N;069-29-50.640W;32.07
7767;47-59-47.400N;069-29-50.280W;31.91
7768;47-59-47.400N;069-29-49.920W;31.64
7769;47-59-47.400N;069-29-49.560W;31.67
7770;47-59-47.400N;069-29-49.200W;31.29
7771;47-59-47.400N;069-29-48.840W;31.04
7772;47-59-47.400N;069-29-48.480W;30.82
7773;47-59-47.400N;069-29-48.120W;30.63
7774;47-59-47.400N;069-29-47.760W;30.63
7775;47-59-47.400N;069-29-47.400W;30.58
7776;47-59-47.400N;069-29-47.040W;30.45
7777;47-59-47.400N;069-29-46.680W;30.41
7778;47-59-47.400N;069-29-46.320W;30.15
7779;47-59-47.400N;069-29-45.960W;30.04
7780;47-59-47.400N;069-29-45.600W;29.9
7781;47-59-47.400N;069-29-45.240W;29.59
7782;47-59-47.400N;069-29-44.880W;29.35
7783;47-59-47.400N;069-29-44.520W;29.19
7784;47-59-47.400N;069-29-44.160W;28.95
7785;47-59-47.400N;069-29-43.800W;28.73
7786;47-59-47.400N;069-29-43.440W;28.52
7787;47-59-47.400N;069-29-43.080W;28.32
7788;47-59-47.400N;069-29-42.720W;27.98
7789;47-59-47.400N;069-29-42.360W;27.69
7790;47-59-47.400N;069-29-42.000W;27.48
7791;47-59-47.400N;069-29-41.640W;27.28
7792;47-59-47.400N;069-29-41.280W;26.94
7793;47-59-47.400N;069-29-40.920W;26.95
7794;47-59-47.400N;069-29-40.560W;26.72
7795;47-59-47.400N;069-29-40.200W;26.69
7796;47-59-47.400N;069-29-39.840W;26.5
7797;47-59-47.400N;069-29-39.480W;26.31
7798;47-59-47.400N;069-29-39.120W;26.13
7799;47-59-47.400N;069-29-38.760W;25.91
7800;47-59-47.400N;069-29-38.400W;25.56
7801;47-59-47.400N;069-29-38.040W;25.54
7802;47-59-47.400N;069-29-37.680W;25.23
7803;47-59-47.400N;069-29-37.320W;25.1
7804;47-59-47.400N;069-29-36.960W;24.83
7805;47-59-47.400N;069-29-36.600W;24.7
7806;47-59-47.400N;069-29-36.240W;24.49
7807;47-59-47.400N;069-29-35.880W;24.23
7808;47-59-47.400N;069-29-35.520W;23.98
7809;47-59-47.400N;069-29-35.160W;23.78
7810;47-59-47.400N;069-29-34.800W;23.62
7811;47-59-47.400N;069-29-34.440W;23.52
7812;47-59-47.400N;069-29-34.080W;23.35
7813;47-59-47.400N;069-29-33.720W;23.16
7814;47-59-47.400N;069-29-33.360W;23.03
7815;47-59-47.400N;069-29-33.000W;22.89
7816;47-59-47.400N;069-29-32.640W;22.76
7817;47-59-47.400N;069-29-32.280W;22.55
7818;47-59-47.400N;069-29-31.920W;22.31
7819;47-59-47.400N;069-29-31.560W;22.06
7820;47-59-47.400N;069-29-31.200W;22.06
7821;47-59-47.400N;069-29-30.840W;21.93
7822;47-59-47.400N;069-29-30.480W;21.88
7823;47-59-47.400N;069-29-30.120W;21.71
7824;47-59-47.400N;069-29-29.760W;21.73
7825;47-59-47.400N;069-29-29.400W;21.71
7826;47-59-47.400N;069-29-29.040W;21.67
7827;47-59-47.400N;069-29-28.680W;21.67
7828;47-59-47.400N;069-29-28.320W;21.61
7829;47-59-47.400N;069-29-27.960W;21.52
7830;47-59-47.400N;069-29-27.600W;21.46
7831;47-59-47.400N;069-29-27.240W;21.34
7832;47-59-47.400N;069-29-26.880W;21.3
7833;47-59-47.400N;069-29-26.520W;21.3
7834;47-59-47.400N;069-29-26.160W;21.34
7835;47-59-47.400N;069-29-25.800W;21.25
7836;47-59-47.400N;069-29-25.440W;21.23
7837;47-59-47.400N;069-29-25.080W;21.11
7838;47-59-47.400N;069-29-24.720W;20.96
7839;47-59-47.400N;069-29-24.360W;20.86
7840;47-59-47.400N;069-29-24.000W;20.73
7841;47-59-47.400N;069-29-23.640W;20.67
7842;47-59-47.400N;069-29-23.280W;20.57
7843;47-59-47.400N;069-29-22.920W;20.45
7844;47-59-47.400N;069-29-22.560W;20.37
7845;47-59-47.400N;069-29-22.200W;20.33
7846;47-59-47.400N;069-29-21.840W;20.31
7847;47-59-47.400N;069-29-21.480W;20.28
7848;47-59-47.400N;069-29-21.120W;20.28
7849;47-59-47.400N;069-29-20.760W;20.24
7850;47-59-47.400N;069-29-20.400W;20.1
7851;47-59-47.400N;069-29-20.040W;19.8
7852;47-59-47.400N;069-29-19.680W;19.78
7853;47-59-47.400N;069-29-19.320W;19.8
7854;47-59-47.400N;069-29-18.960W;19.68
7855;47-59-47.400N;069-29-18.600W;19.57
7856;47-59-47.400N;069-29-18.240W;19.36
7857;47-59-47.400N;069-29-17.880W;19.14
7858;47-59-47.400N;069-29-17.520W;18.93
7859;47-59-47.400N;069-29-17.160W;18.62
7860;47-59-47.400N;069-29-16.800W;18.35
7861;47-59-47.400N;069-29-16.440W;17.94
7862;47-59-47.400N;069-29-16.080W;17.67
7863;47-59-47.400N;069-29-15.720W;17.31
7864;47-59-47.400N;069-29-15.360W;16.98
7865;47-59-47.400N;069-29-15.000W;16.44
7866;47-59-47.400N;069-29-14.640W;16.32
7867;47-59-47.400N;069-29-14.280W;15.95
7868;47-59-47.400N;069-29-13.920W;15.52
7869;47-59-47.400N;069-29-13.560W;15.12
7870;47-59-47.400N;069-29-13.200W;14.74
7871;47-59-47.400N;069-29-12.840W;14.44
7872;47-59-47.400N;069-29-12.480W;14.18
7873;47-59-47.400N;069-29-12.120W;13.98
7874;47-59-47.400N;069-29-11.760W;13.73
7875;47-59-47.400N;069-29-11.400W;13.43
7876;47-59-47.400N;069-29-11.040W;13.01
7877;47-59-47.400N;069-29-10.680W;12.66
7878;47-59-47.400N;069-29-10.320W;12.18
7879;47-59-47.400N;069-29-09.960W;11.55
7880;47-59-47.400N;069-29-09.600W;10.78
7881;47-59-47.400N;069-29-09.240W;10.1
7882;47-59-47.400N;069-29-08.880W;9.43
7883;47-59-47.400N;069-29-08.520W;9.49
7884;47-59-47.400N;069-29-08.160W;9.52
7885;47-59-47.230N;069-27-32.487W;-1.8
7886;47-59-47.578N;069-27-25.367W;-1.8
7887;47-59-47.760N;069-29-59.640W;35.77
7888;47-59-47.760N;069-29-59.280W;35.57
7889;47-59-47.760N;069-29-58.920W;35.28
7890;47-59-47.760N;069-29-58.560W;34.99
7891;47-59-47.760N;069-29-58.200W;34.95
7892;47-59-47.760N;069-29-57.840W;34.71
7893;47-59-47.760N;069-29-57.480W;34.57
7894;47-59-47.760N;069-29-57.120W;34.44
7895;47-59-47.760N;069-29-56.760W;34.33
7896;47-59-47.760N;069-29-56.400W;34.16
7897;47-59-47.760N;069-29-56.040W;34.11
7898;47-59-47.760N;069-29-55.680W;33.97
7899;47-59-47.760N;069-29-55.320W;33.84
7900;47-59-47.760N;069-29-54.960W;33.68
7901;47-59-47.760N;069-29-54.600W;33.59
7902;47-59-47.760N;069-29-54.240W;33.35
7903;47-59-47.760N;069-29-53.880W;33.27
7904;47-59-47.760N;069-29-53.520W;33.14
7905;47-59-47.760N;069-29-53.160W;33.14
7906;47-59-47.760N;069-29-52.800W;32.93
7907;47-59-47.760N;069-29-52.440W;32.96
7908;47-59-47.760N;069-29-52.080W;32.79
7909;47-59-47.760N;069-29-51.720W;32.76
7910;47-59-47.760N;069-29-51.360W;32.71
7911;47-59-47.760N;069-29-51.000W;32.63
7912;47-59-47.760N;069-29-50.640W;32.22
7913;47-59-47.760N;069-29-50.280W;32.17
7914;47-59-47.760N;069-29-49.920W;32.03
7915;47-59-47.760N;069-29-49.560W;31.82
7916;47-59-47.760N;069-29-49.200W;31.59
7917;47-59-47.760N;069-29-48.840W;31.08
7918;47-59-47.760N;069-29-48.480W;31.02
7919;47-59-47.760N;069-29-48.120W;30.96
7920;47-59-47.760N;069-29-47.760W;30.71
7921;47-59-47.760N;069-29-47.400W;30.59
7922;47-59-47.760N;069-29-47.040W;30.45
7923;47-59-47.760N;069-29-46.680W;30.37
7924;47-59-47.760N;069-29-46.320W;30.26
7925;47-59-47.760N;069-29-45.960W;30.13
7926;47-59-47.760N;069-29-45.600W;29.78
7927;47-59-47.760N;069-29-45.240W;29.77
7928;47-59-47.760N;069-29-44.880W;29.47
7929;47-59-47.760N;069-29-44.520W;29.34
7930;47-59-47.760N;069-29-44.160W;29.15
7931;47-59-47.760N;069-29-43.800W;28.98
7932;47-59-47.760N;069-29-43.440W;28.62
7933;47-59-47.760N;069-29-43.080W;28.43
7934;47-59-47.760N;069-29-42.720W;28.23
7935;47-59-47.760N;069-29-42.360W;28.03
7936;47-59-47.760N;069-29-42.000W;27.84
7937;47-59-47.760N;069-29-41.640W;27.71
7938;47-59-47.760N;069-29-41.280W;27.5
7939;47-59-47.760N;069-29-40.920W;27.43
7940;47-59-47.760N;069-29-40.560W;27.15
7941;47-59-47.760N;069-29-40.200W;26.99
7942;47-59-47.760N;069-29-39.840W;26.68
7943;47-59-47.760N;069-29-39.480W;26.56
7944;47-59-47.760N;069-29-39.120W;26.35
7945;47-59-47.760N;069-29-38.760W;26.13
7946;47-59-47.760N;069-29-38.400W;25.96
7947;47-59-47.760N;069-29-38.040W;25.77
7948;47-59-47.760N;069-29-37.680W;25.59
7949;47-59-47.760N;069-29-37.320W;25.4
7950;47-59-47.760N;069-29-36.960W;25.24
7951;47-59-47.760N;069-29-36.600W;25.02
7952;47-59-47.760N;069-29-36.240W;24.61
7953;47-59-47.760N;069-29-35.880W;24.42
7954;47-59-47.760N;069-29-35.520W;24.18
7955;47-59-47.760N;069-29-35.160W;24.03
7956;47-59-47.760N;069-29-34.800W;23.81
7957;47-59-47.760N;069-29-34.440W;23.74
7958;47-59-47.760N;069-29-34.080W;23.4
7959;47-59-47.760N;069-29-33.720W;23.27
7960;47-59-47.760N;069-29-33.360W;23.17
7961;47-59-47.760N;069-29-33.000W;22.98
7962;47-59-47.760N;069-29-32.640W;22.9
7963;47-59-47.760N;069-29-32.280W;22.69
7964;47-59-47.760N;069-29-31.920W;22.55
7965;47-59-47.760N;069-29-31.560W;22.29
7966;47-59-47.760N;069-29-31.200W;22.34
7967;47-59-47.760N;069-29-30.840W;22.15
7968;47-59-47.760N;069-29-30.480W;22.08
7969;47-59-47.760N;069-29-30.120W;21.99
7970;47-59-47.760N;069-29-29.760W;21.94
7971;47-59-47.760N;069-29-29.400W;21.78
7972;47-59-47.760N;069-29-29.040W;21.88
7973;47-59-47.760N;069-29-28.680W;21.85
7974;47-59-47.760N;069-29-28.320W;21.78
7975;47-59-47.760N;069-29-27.960W;21.71
7976;47-59-47.760N;069-29-27.600W;21.69
7977;47-59-47.760N;069-29-27.240W;21.53
7978;47-59-47.760N;069-29-26.880W;21.39
7979;47-59-47.760N;069-29-26.520W;21.43
7980;47-59-47.760N;069-29-26.160W;21.45
7981;47-59-47.760N;069-29-25.800W;21.4
7982;47-59-47.760N;069-29-25.440W;21.37
7983;47-59-47.760N;069-29-25.080W;21.29
7984;47-59-47.760N;069-29-24.720W;21.18
7985;47-59-47.760N;069-29-24.360W;20.98
7986;47-59-47.760N;069-29-24.000W;20.81
7987;47-59-47.760N;069-29-23.640W;20.69
7988;47-59-47.760N;069-29-23.280W;20.67
7989;47-59-47.760N;069-29-22.920W;20.56
7990;47-59-47.760N;069-29-22.560W;20.5
7991;47-59-47.760N;069-29-22.200W;20.39
7992;47-59-47.760N;069-29-21.840W;20.36
7993;47-59-47.760N;069-29-21.480W;20.35
7994;47-59-47.760N;069-29-21.120W;20.28
7995;47-59-47.760N;069-29-20.760W;20.22
7996;47-59-47.760N;069-29-20.400W;20.15
7997;47-59-47.760N;069-29-20.040W;20.17
7998;47-59-47.760N;069-29-19.680W;19.82
7999;47-59-47.760N;069-29-19.320W;19.76
8000;47-59-47.760N;069-29-18.960W;19.78
8001;47-59-47.760N;069-29-18.600W;19.66
8002;47-59-47.760N;069-29-18.240W;19.53
8003;47-59-47.760N;069-29-17.880W;19.37
8004;47-59-47.760N;069-29-17.520W;19.16
8005;47-59-47.760N;069-29-17.160W;18.91
8006;47-59-47.760N;069-29-16.800W;18.6
8007;47-59-47.760N;069-29-16.440W;18.26
8008;47-59-47.760N;069-29-16.080W;17.95
8009;47-59-47.760N;069-29-15.720W;17.6
8010;47-59-47.760N;069-29-15.360W;17.35
8011;47-59-47.760N;069-29-15.000W;17.02
8012;47-59-47.760N;069-29-14.640W;16.64
8013;47-59-47.760N;069-29-14.280W;16.27
8014;47-59-47.760N;069-29-13.920W;15.84
8015;47-59-47.760N;069-29-13.560W;15.48
8016;47-59-47.760N;069-29-13.200W;15.02
8017;47-59-47.760N;069-29-12.840W;14.71
8018;47-59-47.760N;069-29-12.480W;14.41
8019;47-59-47.760N;069-29-12.120W;14.19
8020;47-59-47.760N;069-29-11.760W;13.94
8021;47-59-47.760N;069-29-11.400W;13.83
8022;47-59-47.760N;069-29-11.040W;13.52
8023;47-59-47.760N;069-29-10.680W;13.11
8024;47-59-47.760N;069-29-10.320W;12.77
8025;47-59-47.760N;069-29-09.960W;12.22
8026;47-59-47.760N;069-29-09.600W;11.84
8027;47-59-47.760N;069-29-09.240W;11.18
8028;47-59-47.760N;069-29-08.880W;10.64
8029;47-59-47.760N;069-29-08.520W;9.99
8030;47-59-47.760N;069-29-08.160W;9.47
8031;47-59-47.760N;069-29-07.800W;9.29
8032;47-59-47.915N;069-28-24.732W;-2.1
8033;47-59-47.634N;069-28-13.480W;-1.8
8034;47-59-47.717N;069-27-53.017W;-1.8
8035;47-59-47.876N;069-27-10.570W;0.61
8036;47-59-47.650N;069-27-02.831W;3.35
8037;47-59-48.120N;069-29-59.640W;36.12
8038;47-59-48.120N;069-29-59.280W;35.7
8039;47-59-48.120N;069-29-58.920W;35.68
8040;47-59-48.120N;069-29-58.560W;35.45
8041;47-59-48.120N;069-29-58.200W;35.35
8042;47-59-48.120N;069-29-57.840W;35.22
8043;47-59-48.120N;069-29-57.480W;35.02
8044;47-59-48.120N;069-29-57.120W;34.83
8045;47-59-48.120N;069-29-56.760W;34.83
8046;47-59-48.120N;069-29-56.400W;34.4
8047;47-59-48.120N;069-29-56.040W;34.25
8048;47-59-48.120N;069-29-55.680W;34.11
8049;47-59-48.120N;069-29-55.320W;34.02
8050;47-59-48.120N;069-29-54.960W;33.77
8051;47-59-48.120N;069-29-54.600W;33.73
8052;47-59-48.120N;069-29-54.240W;33.5
8053;47-59-48.120N;069-29-53.880W;33.36
8054;47-59-48.120N;069-29-53.520W;33.29
8055;47-59-48.120N;069-29-53.160W;33.26
8056;47-59-48.120N;069-29-52.800W;33.04
8057;47-59-48.120N;069-29-52.440W;33.1
8058;47-59-48.120N;069-29-52.080W;33.03
8059;47-59-48.120N;069-29-51.720W;32.98
8060;47-59-48.120N;069-29-51.360W;32.81
8061;47-59-48.120N;069-29-51.000W;32.81
8062;47-59-48.120N;069-29-50.640W;32.47
8063;47-59-48.120N;069-29-50.280W;32.28
8064;47-59-48.120N;069-29-49.920W;32.23
8065;47-59-48.120N;069-29-49.560W;32.07
8066;47-59-48.120N;069-29-49.200W;31.81
8067;47-59-48.120N;069-29-48.840W;31.71
8068;47-59-48.120N;069-29-48.480W;31.49
8069;47-59-48.120N;069-29-48.120W;31.01
8070;47-59-48.120N;069-29-47.760W;30.87
8071;47-59-48.120N;069-29-47.400W;30.71
8072;47-59-48.120N;069-29-47.040W;30.65
8073;47-59-48.120N;069-29-46.680W;30.57
8074;47-59-48.120N;069-29-46.320W;30.44
8075;47-59-48.120N;069-29-45.960W;30.24
8076;47-59-48.120N;069-29-45.600W;30.0
8077;47-59-48.120N;069-29-45.240W;29.88
8078;47-59-48.120N;069-29-44.880W;29.7
8079;47-59-48.120N;069-29-44.520W;29.53
8080;47-59-48.120N;069-29-44.160W;29.36
8081;47-59-48.120N;069-29-43.800W;29.21
8082;47-59-48.120N;069-29-43.440W;28.96
8083;47-59-48.120N;069-29-43.080W;28.8
8084;47-59-48.120N;069-29-42.720W;28.53
8085;47-59-48.120N;069-29-42.360W;28.42
8086;47-59-48.120N;069-29-42.000W;28.21
8087;47-59-48.120N;069-29-41.640W;28.1
8088;47-59-48.120N;069-29-41.280W;27.94
8089;47-59-48.120N;069-29-40.920W;27.74
8090;47-59-48.120N;069-29-40.560W;27.52
8091;47-59-48.120N;069-29-40.200W;27.22
8092;47-59-48.120N;069-29-39.840W;26.92
8093;47-59-48.120N;069-29-39.480W;26.79
8094;47-59-48.120N;069-29-39.120W;26.54
8095;47-59-48.120N;069-29-38.760W;26.41
8096;47-59-48.120N;069-29-38.400W;26.28
8097;47-59-48.120N;069-29-38.040W;26.15
8098;47-59-48.120N;069-29-37.680W;25.75
8099;47-59-48.120N;069-29-37.320W;25.65
8100;47-59-48.120N;069-29-36.960W;25.52
8101;47-59-48.120N;069-29-36.600W;25.2
8102;47-59-48.120N;069-29-36.240W;24.91
8103;47-59-48.120N;069-29-35.880W;24.61
8104;47-59-48.120N;069-29-35.520W;24.33
8105;47-59-48.120N;069-29-35.160W;24.18
8106;47-59-48.120N;069-29-34.800W;23.88
8107;47-59-48.120N;069-29-34.440W;23.78
8108;47-59-48.120N;069-29-34.080W;23.61
8109;47-59-48.120N;069-29-33.720W;23.41
8110;47-59-48.120N;069-29-33.360W;23.3
8111;47-59-48.120N;069-29-33.000W;23.04
8112;47-59-48.120N;069-29-32.640W;22.96
8113;47-59-48.120N;069-29-32.280W;22.84
8114;47-59-48.120N;069-29-31.920W;22.7
8115;47-59-48.120N;069-29-31.560W;22.55
8116;47-59-48.120N;069-29-31.200W;22.42
8117;47-59-48.120N;069-29-30.840W;22.38
8118;47-59-48.120N;069-29-30.480W;22.2
8119;47-59-48.120N;069-29-30.120W;22.15
8120;47-59-48.120N;069-29-29.760W;22.11
8121;47-59-48.120N;069-29-29.400W;22.04
8122;47-59-48.120N;069-29-29.040W;21.99
8123;47-59-48.120N;069-29-28.680W;22.01
8124;47-59-48.120N;069-29-28.320W;22.01
8125;47-59-48.120N;069-29-27.960W;21.92
8126;47-59-48.120N;069-29-27.600W;21.89
8127;47-59-48.120N;069-29-27.240W;21.81
8128;47-59-48.120N;069-29-26.880W;21.77
8129;47-59-48.120N;069-29-26.520W;21.64
8130;47-59-48.120N;069-29-26.160W;21.58
8131;47-59-48.120N;069-29-25.800W;21.54
8132;47-59-48.120N;069-29-25.440W;21.51
8133;47-59-48.120N;069-29-25.080W;21.45
8134;47-59-48.120N;069-29-24.720W;21.36
8135;47-59-48.120N;069-29-24.360W;21.28
8136;47-59-48.120N;069-29-24.000W;21.17
8137;47-59-48.120N;069-29-23.640W;20.84
8138;47-59-48.120N;069-29-23.280W;20.76
8139;47-59-48.120N;069-29-22.920W;20.66
8140;47-59-48.120N;069-29-22.560W;20.61
8141;47-59-48.120N;069-29-22.200W;20.49
8142;47-59-48.120N;069-29-21.840W;20.5
8143;47-59-48.120N;069-29-21.480W;20.4
8144;47-59-48.120N;069-29-21.120W;20.34
8145;47-59-48.120N;069-29-20.760W;20.27
8146;47-59-48.120N;069-29-20.400W;20.26
8147;47-59-48.120N;069-29-20.040W;20.14
8148;47-59-48.120N;069-29-19.680W;20.16
8149;47-59-48.120N;069-29-19.320W;20.06
8150;47-59-48.120N;069-29-18.960W;19.83
8151;47-59-48.120N;069-29-18.600W;19.75
8152;47-59-48.120N;069-29-18.240W;19.68
8153;47-59-48.120N;069-29-17.880W;19.52
8154;47-59-48.120N;069-29-17.520W;19.36
8155;47-59-48.120N;069-29-17.160W;19.11
8156;47-59-48.120N;069-29-16.800W;18.84
8157;47-59-48.120N;069-29-16.440W;18.58
8158;47-59-48.120N;069-29-16.080W;18.26
8159;47-59-48.120N;069-29-15.720W;17.91
8160;47-59-48.120N;069-29-15.360W;17.6
8161;47-59-48.120N;069-29-15.000W;17.31
8162;47-59-48.120N;069-29-14.640W;16.97
8163;47-59-48.120N;069-29-14.280W;16.49
8164;47-59-48.120N;069-29-13.920W;16.11
8165;47-59-48.120N;069-29-13.560W;15.79
8166;47-59-48.120N;069-29-13.200W;15.36
8167;47-59-48.120N;069-29-12.840W;15.0
8168;47-59-48.120N;069-29-12.480W;14.69
8169;47-59-48.120N;069-29-12.120W;14.45
8170;47-59-48.120N;069-29-11.760W;14.28
8171;47-59-48.120N;069-29-11.400W;14.03
8172;47-59-48.120N;069-29-11.040W;13.93
8173;47-59-48.120N;069-29-10.680W;13.71
8174;47-59-48.120N;069-29-10.320W;13.24
8175;47-59-48.120N;069-29-09.960W;12.74
8176;47-59-48.120N;069-29-09.600W;12.33
8177;47-59-48.120N;069-29-09.240W;11.76
8178;47-59-48.120N;069-29-08.880W;11.26
8179;47-59-48.120N;069-29-08.520W;10.6
8180;47-59-48.120N;069-29-08.160W;9.98
8181;47-59-48.120N;069-29-07.800W;9.24
8182;47-59-48.120N;069-29-07.440W;9.04
8183;47-59-48.120N;069-29-07.080W;9.1
8184;47-59-48.480N;069-29-59.640W;36.11
8185;47-59-48.480N;069-29-59.280W;35.94
8186;47-59-48.480N;069-29-58.920W;35.78
8187;47-59-48.480N;069-29-58.560W;35.75
8188;47-59-48.480N;069-29-58.200W;35.7
8189;47-59-48.480N;069-29-57.840W;35.48
8190;47-59-48.480N;069-29-57.480W;35.37
8191;47-59-48.480N;069-29-57.120W;35.08
8192;47-59-48.480N;069-29-56.760W;34.97
8193;47-59-48.480N;069-29-56.400W;34.79
8194;47-59-48.480N;069-29-56.040W;34.67
8195;47-59-48.480N;069-29-55.680W;34.42
8196;47-59-48.480N;069-29-55.320W;34.28
8197;47-59-48.480N;069-29-54.960W;33.96
8198;47-59-48.480N;069-29-54.600W;33.86
8199;47-59-48.480N;069-29-54.240W;33.64
8200;47-59-48.480N;069-29-53.880W;33.66
8201;47-59-48.480N;069-29-53.520W;33.35
8202;47-59-48.480N;069-29-53.160W;33.22
8203;47-59-48.480N;069-29-52.800W;33.09
8204;47-59-48.480N;069-29-52.440W;33.12
8205;47-59-48.480N;069-29-52.080W;33.18
8206;47-59-48.480N;069-29-51.720W;33.11
8207;47-59-48.480N;069-29-51.360W;33.0
8208;47-59-48.480N;069-29-51.000W;32.9
8209;47-59-48.480N;069-29-50.640W;32.69
8210;47-59-48.480N;069-29-50.280W;32.59
8211;47-59-48.480N;069-29-49.920W;32.38
8212;47-59-48.480N;069-29-49.560W;32.18
8213;47-59-48.480N;069-29-49.200W;32.04
8214;47-59-48.480N;069-29-48.840W;31.96
8215;47-59-48.480N;069-29-48.480W;31.76
8216;47-59-48.480N;069-29-48.120W;31.68
8217;47-59-48.480N;069-29-47.760W;31.21
8218;47-59-48.480N;069-29-47.400W;31.11
8219;47-59-48.480N;069-29-47.040W;30.94
8220;47-59-48.480N;069-29-46.680W;30.57
8221;47-59-48.480N;069-29-46.320W;30.44
8222;47-59-48.480N;069-29-45.960W;30.38
8223;47-59-48.480N;069-29-45.600W;30.1
8224;47-59-48.480N;069-29-45.240W;30.03
8225;47-59-48.480N;069-29-44.880W;29.84
8226;47-59-48.480N;069-29-44.520W;29.73
8227;47-59-48.480N;069-29-44.160W;29.6
8228;47-59-48.480N;069-29-43.800W;29.42
8229;47-59-48.480N;069-29-43.440W;29.22
8230;47-59-48.480N;069-29-43.080W;29.09
8231;47-59-48.480N;069-29-42.720W;28.75
8232;47-59-48.480N;069-29-42.360W;28.56
8233;47-59-48.480N;069-29-42.000W;28.3
8234;47-59-48.480N;069-29-41.640W;28.27
8235;47-59-48.480N;069-29-41.280W;28.1
8236;47-59-48.480N;069-29-40.920W;27.97
8237;47-59-48.480N;069-29-40.560W;27.66
8238;47-59-48.480N;069-29-40.200W;27.53
8239;47-59-48.480N;069-29-39.840W;27.06
8240;47-59-48.480N;069-29-39.480W;26.89
8241;47-59-48.480N;069-29-39.120W;26.67
8242;47-59-48.480N;069-29-38.760W;26.56
8243;47-59-48.480N;069-29-38.400W;26.35
8244;47-59-48.480N;069-29-38.040W;26.15
8245;47-59-48.480N;069-29-37.680W;26.12
8246;47-59-48.480N;069-29-37.320W;25.92
8247;47-59-48.480N;069-29-36.960W;25.74
8248;47-59-48.480N;069-29-36.600W;25.51
8249;47-59-48.480N;069-29-36.240W;24.95
8250;47-59-48.480N;069-29-35.880W;24.87
8251;47-59-48.480N;069-29-35.520W;24.48
8252;47-59-48.480N;069-29-35.160W;24.4
8253;47-59-48.480N;069-29-34.800W;24.09
8254;47-59-48.480N;069-29-34.440W;23.91
8255;47-59-48.480N;069-29-34.080W;23.72
8256;47-59-48.480N;069-29-33.720W;23.57
8257;47-59-48.480N;069-29-33.360W;23.45
8258;47-59-48.480N;069-29-33.000W;23.34
8259;47-59-48.480N;069-29-32.640W;23.18
8260;47-59-48.480N;069-29-32.280W;23.01
8261;47-59-48.480N;069-29-31.920W;22.84
8262;47-59-48.480N;069-29-31.560W;22.74
8263;47-59-48.480N;069-29-31.200W;22.66
8264;47-59-48.480N;069-29-30.840W;22.43
8265;47-59-48.480N;069-29-30.480W;22.34
8266;47-59-48.480N;069-29-30.120W;22.22
8267;47-59-48.480N;069-29-29.760W;22.18
8268;47-59-48.480N;069-29-29.400W;22.15
8269;47-59-48.480N;069-29-29.040W;22.19
8270;47-59-48.480N;069-29-28.680W;22.1
8271;47-59-48.480N;069-29-28.320W;22.14
8272;47-59-48.480N;069-29-27.960W;22.1
8273;47-59-48.480N;069-29-27.600W;22.13
8274;47-59-48.480N;069-29-27.240W;22.03
8275;47-59-48.480N;069-29-26.880W;22.0
8276;47-59-48.480N;069-29-26.520W;21.88
8277;47-59-48.480N;069-29-26.160W;21.82
8278;47-59-48.480N;069-29-25.800W;21.75
8279;47-59-48.480N;069-29-25.440W;21.65
8280;47-59-48.480N;069-29-25.080W;21.63
8281;47-59-48.480N;069-29-24.720W;21.58
8282;47-59-48.480N;069-29-24.360W;21.42
8283;47-59-48.480N;069-29-24.000W;21.33
8284;47-59-48.480N;069-29-23.640W;21.22
8285;47-59-48.480N;069-29-23.280W;21.11
8286;47-59-48.480N;069-29-22.920W;20.83
8287;47-59-48.480N;069-29-22.560W;20.73
8288;47-59-48.480N;069-29-22.200W;20.67
8289;47-59-48.480N;069-29-21.840W;20.58
8290;47-59-48.480N;069-29-21.480W;20.42
8291;47-59-48.480N;069-29-21.120W;20.47
8292;47-59-48.480N;069-29-20.760W;20.34
8293;47-59-48.480N;069-29-20.400W;20.22
8294;47-59-48.480N;069-29-20.040W;20.19
8295;47-59-48.480N;069-29-19.680W;20.18
8296;47-59-48.480N;069-29-19.320W;20.04
8297;47-59-48.480N;069-29-18.960W;20.02
8298;47-59-48.480N;069-29-18.600W;19.77
8299;47-59-48.480N;069-29-18.240W;19.68
8300;47-59-48.480N;069-29-17.880W;19.6
8301;47-59-48.480N;069-29-17.520W;19.44
8302;47-59-48.480N;069-29-17.160W;19.2
8303;47-59-48.480N;069-29-16.800W;18.97
8304;47-59-48.480N;069-29-16.440W;18.74
8305;47-59-48.480N;069-29-16.080W;18.47
8306;47-59-48.480N;069-29-15.720W;18.15
8307;47-59-48.480N;069-29-15.360W;17.88
8308;47-59-48.480N;069-29-15.000W;17.65
8309;47-59-48.480N;069-29-14.640W;17.39
8310;47-59-48.480N;069-29-14.280W;16.87
8311;47-59-48.480N;069-29-13.920W;16.11
8312;47-59-48.480N;069-29-13.560W;15.73
8313;47-59-48.480N;069-29-13.200W;15.6
8314;47-59-48.480N;069-29-12.840W;15.28
8315;47-59-48.480N;069-29-12.480W;15.01
8316;47-59-48.480N;069-29-12.120W;14.67
8317;47-59-48.480N;069-29-11.760W;14.47
8318;47-59-48.480N;069-29-11.400W;14.35
8319;47-59-48.480N;069-29-11.040W;14.19
8320;47-59-48.480N;069-29-10.680W;14.01
8321;47-59-48.480N;069-29-10.320W;13.88
8322;47-59-48.480N;069-29-09.960W;13.41
8323;47-59-48.480N;069-29-09.600W;12.93
8324;47-59-48.480N;069-29-09.240W;12.35
8325;47-59-48.480N;069-29-08.880W;11.79
8326;47-59-48.480N;069-29-08.520W;11.23
8327;47-59-48.480N;069-29-08.160W;10.63
8328;47-59-48.480N;069-29-07.800W;9.96
8329;47-59-48.480N;069-29-07.440W;9.34
8330;47-59-48.480N;069-29-07.080W;9.12
8331;47-59-48.480N;069-29-06.720W;9.07
8332;47-59-48.643N;069-27-45.598W;-1.8
8333;47-59-48.450N;069-27-19.424W;-0.9
8334;47-59-48.840N;069-29-59.640W;36.03
8335;47-59-48.840N;069-29-59.280W;36.08
8336;47-59-48.840N;069-29-58.920W;36.19
8337;47-59-48.840N;069-29-58.560W;35.94
8338;47-59-48.840N;069-29-58.200W;35.89
8339;47-59-48.840N;069-29-57.840W;35.63
8340;47-59-48.840N;069-29-57.480W;35.59
8341;47-59-48.840N;069-29-57.120W;35.32
8342;47-59-48.840N;069-29-56.760W;35.22
8343;47-59-48.840N;069-29-56.400W;35.07
8344;47-59-48.840N;069-29-56.040W;35.0
8345;47-59-48.840N;069-29-55.680W;34.75
8346;47-59-48.840N;069-29-55.320W;34.61
8347;47-59-48.840N;069-29-54.960W;34.27
8348;47-59-48.840N;069-29-54.600W;34.1
8349;47-59-48.840N;069-29-54.240W;33.96
8350;47-59-48.840N;069-29-53.880W;33.83
8351;47-59-48.840N;069-29-53.520W;33.68
8352;47-59-48.840N;069-29-53.160W;33.59
8353;47-59-48.840N;069-29-52.800W;33.36
8354;47-59-48.840N;069-29-52.440W;33.31
8355;47-59-48.840N;069-29-52.080W;33.26
8356;47-59-48.840N;069-29-51.720W;33.2
8357;47-59-48.840N;069-29-51.360W;33.14
8358;47-59-48.840N;069-29-51.000W;33.04
8359;47-59-48.840N;069-29-50.640W;32.84
8360;47-59-48.840N;069-29-50.280W;32.76
8361;47-59-48.840N;069-29-49.920W;32.52
8362;47-59-48.840N;069-29-49.560W;32.4
8363;47-59-48.840N;069-29-49.200W;32.25
8364;47-59-48.840N;069-29-48.840W;32.18
8365;47-59-48.840N;069-29-48.480W;32.03
8366;47-59-48.840N;069-29-48.120W;32.01
8367;47-59-48.840N;069-29-47.760W;31.74
8368;47-59-48.840N;069-29-47.400W;31.27
8369;47-59-48.840N;069-29-47.040W;31.12
8370;47-59-48.840N;069-29-46.680W;30.91
8371;47-59-48.840N;069-29-46.320W;30.67
8372;47-59-48.840N;069-29-45.960W;30.45
8373;47-59-48.840N;069-29-45.600W;30.39
8374;47-59-48.840N;069-29-45.240W;30.2
8375;47-59-48.840N;069-29-44.880W;30.1
8376;47-59-48.840N;069-29-44.520W;29.91
8377;47-59-48.840N;069-29-44.160W;29.79
8378;47-59-48.840N;069-29-43.800W;29.65
8379;47-59-48.840N;069-29-43.440W;29.3
8380;47-59-48.840N;069-29-43.080W;29.23
8381;47-59-48.840N;069-29-42.720W;28.93
8382;47-59-48.840N;069-29-42.360W;28.72
8383;47-59-48.840N;069-29-42.000W;28.56
8384;47-59-48.840N;069-29-41.640W;28.39
8385;47-59-48.840N;069-29-41.280W;28.26
8386;47-59-48.840N;069-29-40.920W;28.18
8387;47-59-48.840N;069-29-40.560W;28.0
8388;47-59-48.840N;069-29-40.200W;27.69
8389;47-59-48.840N;069-29-39.840W;27.44
8390;47-59-48.840N;069-29-39.480W;27.24
8391;47-59-48.840N;069-29-39.120W;26.97
8392;47-59-48.840N;069-29-38.760W;26.83
8393;47-59-48.840N;069-29-38.400W;26.65
8394;47-59-48.840N;069-29-38.040W;26.6
8395;47-59-48.840N;069-29-37.680W;26.36
8396;47-59-48.840N;069-29-37.320W;26.19
8397;47-59-48.840N;069-29-36.960W;26.0
8398;47-59-48.840N;069-29-36.600W;25.81
8399;47-59-48.840N;069-29-36.240W;25.45
8400;47-59-48.840N;069-29-35.880W;25.19
8401;47-59-48.840N;069-29-35.520W;24.75
8402;47-59-48.840N;069-29-35.160W;24.57
8403;47-59-48.840N;069-29-34.800W;24.3
8404;47-59-48.840N;069-29-34.440W;24.17
8405;47-59-48.840N;069-29-34.080W;23.98
8406;47-59-48.840N;069-29-33.720W;23.78
8407;47-59-48.840N;069-29-33.360W;23.55
8408;47-59-48.840N;069-29-33.000W;23.53
8409;47-59-48.840N;069-29-32.640W;23.26
8410;47-59-48.840N;069-29-32.280W;23.2
8411;47-59-48.840N;069-29-31.920W;22.98
8412;47-59-48.840N;069-29-31.560W;22.83
8413;47-59-48.840N;069-29-31.200W;22.76
8414;47-59-48.840N;069-29-30.840W;22.67
8415;47-59-48.840N;069-29-30.480W;22.6
8416;47-59-48.840N;069-29-30.120W;22.45
8417;47-59-48.840N;069-29-29.760W;22.42
8418;47-59-48.840N;069-29-29.400W;22.32
8419;47-59-48.840N;069-29-29.040W;22.35
8420;47-59-48.840N;069-29-28.680W;22.33
8421;47-59-48.840N;069-29-28.320W;22.2
8422;47-59-48.840N;069-29-27.960W;22.16
8423;47-59-48.840N;069-29-27.600W;22.18
8424;47-59-48.840N;069-29-27.240W;22.13
8425;47-59-48.840N;069-29-26.880W;22.15
8426;47-59-48.840N;069-29-26.520W;22.13
8427;47-59-48.840N;069-29-26.160W;22.01
8428;47-59-48.840N;069-29-25.800W;21.93
8429;47-59-48.840N;069-29-25.440W;21.86
8430;47-59-48.840N;069-29-25.080W;21.76
8431;47-59-48.840N;069-29-24.720W;21.66
8432;47-59-48.840N;069-29-24.360W;21.6
8433;47-59-48.840N;069-29-24.000W;21.55
8434;47-59-48.840N;069-29-23.640W;21.47
8435;47-59-48.840N;069-29-23.280W;21.35
8436;47-59-48.840N;069-29-22.920W;21.02
8437;47-59-48.840N;069-29-22.560W;20.86
8438;47-59-48.840N;069-29-22.200W;20.74
8439;47-59-48.840N;069-29-21.840W;20.59
8440;47-59-48.840N;069-29-21.480W;20.56
8441;47-59-48.840N;069-29-21.120W;20.51
8442;47-59-48.840N;069-29-20.760W;20.36
8443;47-59-48.840N;069-29-20.400W;20.34
8444;47-59-48.840N;069-29-20.040W;20.3
8445;47-59-48.840N;069-29-19.680W;20.2
8446;47-59-48.840N;069-29-19.320W;20.17
8447;47-59-48.840N;069-29-18.960W;20.14
8448;47-59-48.840N;069-29-18.600W;19.99
8449;47-59-48.840N;069-29-18.240W;19.63
8450;47-59-48.840N;069-29-17.880W;19.58
8451;47-59-48.840N;069-29-17.520W;19.45
8452;47-59-48.840N;069-29-17.160W;19.36
8453;47-59-48.840N;069-29-16.800W;19.03
8454;47-59-48.840N;069-29-16.440W;18.77
8455;47-59-48.840N;069-29-16.080W;18.49
8456;47-59-48.840N;069-29-15.720W;18.31
8457;47-59-48.840N;069-29-15.360W;18.1
8458;47-59-48.840N;069-29-15.000W;17.92
8459;47-59-48.840N;069-29-14.640W;17.65
8460;47-59-48.840N;069-29-14.280W;17.17
8461;47-59-48.840N;069-29-13.920W;16.65
8462;47-59-48.840N;069-29-13.560W;16.1
8463;47-59-48.840N;069-29-13.200W;15.63
8464;47-59-48.840N;069-29-12.840W;15.37
8465;47-59-48.840N;069-29-12.480W;15.15
8466;47-59-48.840N;069-29-12.120W;15.02
8467;47-59-48.840N;069-29-11.760W;14.76
8468;47-59-48.840N;069-29-11.400W;14.64
8469;47-59-48.840N;069-29-11.040W;14.5
8470;47-59-48.840N;069-29-10.680W;14.31
8471;47-59-48.840N;069-29-10.320W;14.1
8472;47-59-48.840N;069-29-09.960W;13.98
8473;47-59-48.840N;069-29-09.600W;13.68
8474;47-59-48.840N;069-29-09.240W;13.21
8475;47-59-48.840N;069-29-08.880W;12.53
8476;47-59-48.840N;069-29-08.520W;11.94
8477;47-59-48.840N;069-29-08.160W;11.31
8478;47-59-48.840N;069-29-07.800W;10.73
8479;47-59-48.840N;069-29-07.440W;10.17
8480;47-59-48.840N;069-29-07.080W;9.7
8481;47-59-48.840N;069-29-06.720W;9.01
8482;47-59-48.840N;069-29-06.360W;8.93
8483;47-59-48.840N;069-29-06.000W;8.82
8484;47-59-48.845N;069-28-06.127W;-1.8
8485;47-59-49.200N;069-29-59.640W;36.14
8486;47-59-49.200N;069-29-59.280W;36.09
8487;47-59-49.200N;069-29-58.920W;36.07
8488;47-59-49.200N;069-29-58.560W;36.03
8489;47-59-49.200N;069-29-58.200W;36.0
8490;47-59-49.200N;069-29-57.840W;36.11
8491;47-59-49.200N;069-29-57.480W;35.79
8492;47-59-49.200N;069-29-57.120W;35.47
8493;47-59-49.200N;069-29-56.760W;35.45
8494;47-59-49.200N;069-29-56.400W;35.27
8495;47-59-49.200N;069-29-56.040W;35.23
8496;47-59-49.200N;069-29-55.680W;34.84
8497;47-59-49.200N;069-29-55.320W;34.78
8498;47-59-49.200N;069-29-54.960W;34.56
8499;47-59-49.200N;069-29-54.600W;34.56
8500;47-59-49.200N;069-29-54.240W;34.51
8501;47-59-49.200N;069-29-53.880W;34.35
8502;47-59-49.200N;069-29-53.520W;34.07
8503;47-59-49.200N;069-29-53.160W;33.92
8504;47-59-49.200N;069-29-52.800W;33.78
8505;47-59-49.200N;069-29-52.440W;33.82
8506;47-59-49.200N;069-29-52.080W;33.51
8507;47-59-49.200N;069-29-51.720W;33.45
8508;47-59-49.200N;069-29-51.360W;33.32
8509;47-59-49.200N;069-29-51.000W;33.25
8510;47-59-49.200N;069-29-50.640W;32.98
8511;47-59-49.200N;069-29-50.280W;32.81
8512;47-59-49.200N;069-29-49.920W;32.62
8513;47-59-49.200N;069-29-49.560W;32.61
8514;47-59-49.200N;069-29-49.200W;32.41
8515;47-59-49.200N;069-29-48.840W;32.42
8516;47-59-49.200N;069-29-48.480W;32.33
8517;47-59-49.200N;069-29-48.120W;32.24
8518;47-59-49.200N;069-29-47.760W;31.98
8519;47-59-49.200N;069-29-47.400W;31.8
8520;47-59-49.200N;069-29-47.040W;31.46
8521;47-59-49.200N;069-29-46.680W;31.15
8522;47-59-49.200N;069-29-46.320W;30.94
8523;47-59-49.200N;069-29-45.960W;30.67
8524;47-59-49.200N;069-29-45.600W;30.63
8525;47-59-49.200N;069-29-45.240W;30.32
8526;47-59-49.200N;069-29-44.880W;30.25
8527;47-59-49.200N;069-29-44.520W;30.14
8528;47-59-49.200N;069-29-44.160W;29.97
8529;47-59-49.200N;069-29-43.800W;29.95
8530;47-59-49.200N;069-29-43.440W;29.73
8531;47-59-49.200N;069-29-43.080W;29.48
8532;47-59-49.200N;069-29-42.720W;29.28
8533;47-59-49.200N;069-29-42.360W;29.09
8534;47-59-49.200N;069-29-42.000W;28.83
8535;47-59-49.200N;069-29-41.640W;28.65
8536;47-59-49.200N;069-29-41.280W;28.54
8537;47-59-49.200N;069-29-40.920W;28.48
8538;47-59-49.200N;069-29-40.560W;28.25
8539;47-59-49.200N;069-29-40.200W;28.08
8540;47-59-49.200N;069-29-39.840W;27.7
8541;47-59-49.200N;069-29-39.480W;27.65
8542;47-59-49.200N;069-29-39.120W;27.4
8543;47-59-49.200N;069-29-38.760W;27.1
8544;47-59-49.200N;069-29-38.400W;26.94
8545;47-59-49.200N;069-29-38.040W;26.85
8546;47-59-49.200N;069-29-37.680W;26.64
8547;47-59-49.200N;069-29-37.320W;26.56
8548;47-59-49.200N;069-29-36.960W;26.22
8549;47-59-49.200N;069-29-36.600W;26.1
8550;47-59-49.200N;069-29-36.240W;25.72
8551;47-59-49.200N;069-29-35.880W;25.45
8552;47-59-49.200N;069-29-35.520W;25.16
8553;47-59-49.200N;069-29-35.160W;24.9
8554;47-59-49.200N;069-29-34.800W;24.6
8555;47-59-49.200N;069-29-34.440W;24.46
8556;47-59-49.200N;069-29-34.080W;24.06
8557;47-59-49.200N;069-29-33.720W;23.97
8558;47-59-49.200N;069-29-33.360W;23.82
8559;47-59-49.200N;069-29-33.000W;23.63
8560;47-59-49.200N;069-29-32.640W;23.41
8561;47-59-49.200N;069-29-32.280W;23.26
8562;47-59-49.200N;069-29-31.920W;23.06
8563;47-59-49.200N;069-29-31.560W;22.95
8564;47-59-49.200N;069-29-31.200W;22.83
8565;47-59-49.200N;069-29-30.840W;22.77
8566;47-59-49.200N;069-29-30.480W;22.72
8567;47-59-49.200N;069-29-30.120W;22.65
8568;47-59-49.200N;069-29-29.760W;22.56
8569;47-59-49.200N;069-29-29.400W;22.53
8570;47-59-49.200N;069-29-29.040W;22.47
8571;47-59-49.200N;069-29-28.680W;22.43
8572;47-59-49.200N;069-29-28.320W;22.37
8573;47-59-49.200N;069-29-27.960W;22.34
8574;47-59-49.200N;069-29-27.600W;22.32
8575;47-59-49.200N;069-29-27.240W;22.22
8576;47-59-49.200N;069-29-26.880W;22.34
8577;47-59-49.200N;069-29-26.520W;22.22
8578;47-59-49.200N;069-29-26.160W;22.24
8579;47-59-49.200N;069-29-25.800W;22.16
8580;47-59-49.200N;069-29-25.440W;22.03
8581;47-59-49.200N;069-29-25.080W;21.91
8582;47-59-49.200N;069-29-24.720W;21.89
8583;47-59-49.200N;069-29-24.360W;21.8
8584;47-59-49.200N;069-29-24.000W;21.69
8585;47-59-49.200N;069-29-23.640W;21.61
8586;47-59-49.200N;069-29-23.280W;21.53
8587;47-59-49.200N;069-29-22.920W;21.42
8588;47-59-49.200N;069-29-22.560W;21.15
8589;47-59-49.200N;069-29-22.200W;20.96
8590;47-59-49.200N;069-29-21.840W;20.81
8591;47-59-49.200N;069-29-21.480W;20.71
8592;47-59-49.200N;069-29-21.120W;20.64
8593;47-59-49.200N;069-29-20.760W;20.5
8594;47-59-49.200N;069-29-20.400W;20.43
8595;47-59-49.200N;069-29-20.040W;20.33
8596;47-59-49.200N;069-29-19.680W;20.29
8597;47-59-49.200N;069-29-19.320W;20.22
8598;47-59-49.200N;069-29-18.960W;20.17
8599;47-59-49.200N;069-29-18.600W;20.02
8600;47-59-49.200N;069-29-18.240W;19.88
8601;47-59-49.200N;069-29-17.880W;19.62
8602;47-59-49.200N;069-29-17.520W;19.38
8603;47-59-49.200N;069-29-17.160W;19.24
8604;47-59-49.200N;069-29-16.800W;19.04
8605;47-59-49.200N;069-29-16.440W;18.67
8606;47-59-49.200N;069-29-16.080W;18.36
8607;47-59-49.200N;069-29-15.720W;18.31
8608;47-59-49.200N;069-29-15.360W;18.26
8609;47-59-49.200N;069-29-15.000W;18.09
8610;47-59-49.200N;069-29-14.640W;17.94
8611;47-59-49.200N;069-29-14.280W;17.61
8612;47-59-49.200N;069-29-13.920W;17.09
8613;47-59-49.200N;069-29-13.560W;16.39
8614;47-59-49.200N;069-29-13.200W;15.83
8615;47-59-49.200N;069-29-12.840W;15.2
8616;47-59-49.200N;069-29-12.480W;15.16
8617;47-59-49.200N;069-29-12.120W;15.21
8618;47-59-49.200N;069-29-11.760W;15.13
8619;47-59-49.200N;069-29-11.400W;14.98
8620;47-59-49.200N;069-29-11.040W;14.81
8621;47-59-49.200N;069-29-10.680W;14.65
8622;47-59-49.200N;069-29-10.320W;14.43
8623;47-59-49.200N;069-29-09.960W;14.23
8624;47-59-49.200N;069-29-09.600W;13.93
8625;47-59-49.200N;069-29-09.240W;13.77
8626;47-59-49.200N;069-29-08.880W;13.37
8627;47-59-49.200N;069-29-08.520W;12.79
8628;47-59-49.200N;069-29-08.160W;12.13
8629;47-59-49.200N;069-29-07.800W;11.6
8630;47-59-49.200N;069-29-07.440W;11.09
8631;47-59-49.200N;069-29-07.080W;10.51
8632;47-59-49.200N;069-29-06.720W;9.91
8633;47-59-49.200N;069-29-06.360W;8.98
8634;47-59-49.200N;069-29-06.000W;8.73
8635;47-59-49.200N;069-29-05.640W;8.62
8636;47-59-49.359N;069-27-58.577W;-1.8
8637;47-59-49.366N;069-27-37.808W;-1.8
8638;47-59-49.560N;069-29-59.640W;36.44
8639;47-59-49.560N;069-29-59.280W;36.27
8640;47-59-49.560N;069-29-58.920W;36.15
8641;47-59-49.560N;069-29-58.560W;36.0
8642;47-59-49.560N;069-29-58.200W;35.97
8643;47-59-49.560N;069-29-57.840W;36.09
8644;47-59-49.560N;069-29-57.480W;35.95
8645;47-59-49.560N;069-29-57.120W;35.74
8646;47-59-49.560N;069-29-56.760W;35.67
8647;47-59-49.560N;069-29-56.400W;35.38
8648;47-59-49.560N;069-29-56.040W;35.38
8649;47-59-49.560N;069-29-55.680W;35.07
8650;47-59-49.560N;069-29-55.320W;34.97
8651;47-59-49.560N;069-29-54.960W;34.69
8652;47-59-49.560N;069-29-54.600W;34.63
8653;47-59-49.560N;069-29-54.240W;34.48
8654;47-59-49.560N;069-29-53.880W;34.48
8655;47-59-49.560N;069-29-53.520W;34.23
8656;47-59-49.560N;069-29-53.160W;34.1
8657;47-59-49.560N;069-29-52.800W;34.0
8658;47-59-49.560N;069-29-52.440W;33.94
8659;47-59-49.560N;069-29-52.080W;33.62
8660;47-59-49.560N;069-29-51.720W;33.57
8661;47-59-49.560N;069-29-51.360W;33.45
8662;47-59-49.560N;069-29-51.000W;33.32
8663;47-59-49.560N;069-29-50.640W;33.22
8664;47-59-49.560N;069-29-50.280W;32.96
8665;47-59-49.560N;069-29-49.920W;32.72
8666;47-59-49.560N;069-29-49.560W;32.77
8667;47-59-49.560N;069-29-49.200W;32.6
8668;47-59-49.560N;069-29-48.840W;32.67
8669;47-59-49.560N;069-29-48.480W;32.55
8670;47-59-49.560N;069-29-48.120W;32.47
8671;47-59-49.560N;069-29-47.760W;32.15
8672;47-59-49.560N;069-29-47.400W;31.97
8673;47-59-49.560N;069-29-47.040W;31.7
8674;47-59-49.560N;069-29-46.680W;31.54
8675;47-59-49.560N;069-29-46.320W;31.05
8676;47-59-49.560N;069-29-45.960W;30.89
8677;47-59-49.560N;069-29-45.600W;30.77
8678;47-59-49.560N;069-29-45.240W;30.64
8679;47-59-49.560N;069-29-44.880W;30.53
8680;47-59-49.560N;069-29-44.520W;30.41
8681;47-59-49.560N;069-29-44.160W;30.36
8682;47-59-49.560N;069-29-43.800W;30.32
8683;47-59-49.560N;069-29-43.440W;30.11
8684;47-59-49.560N;069-29-43.080W;29.81
8685;47-59-49.560N;069-29-42.720W;29.54
8686;47-59-49.560N;069-29-42.360W;29.31
8687;47-59-49.560N;069-29-42.000W;29.21
8688;47-59-49.560N;069-29-41.640W;29.02
8689;47-59-49.560N;069-29-41.280W;28.73
8690;47-59-49.560N;069-29-40.920W;28.73
8691;47-59-49.560N;069-29-40.560W;28.63
8692;47-59-49.560N;069-29-40.200W;28.44
8693;47-59-49.560N;069-29-39.840W;28.11
8694;47-59-49.560N;069-29-39.480W;27.85
8695;47-59-49.560N;069-29-39.120W;27.71
8696;47-59-49.560N;069-29-38.760W;27.54
8697;47-59-49.560N;069-29-38.400W;27.23
8698;47-59-49.560N;069-29-38.040W;27.0
8699;47-59-49.560N;069-29-37.680W;26.8
8700;47-59-49.560N;069-29-37.320W;26.67
8701;47-59-49.560N;069-29-36.960W;26.41
8702;47-59-49.560N;069-29-36.600W;26.28
8703;47-59-49.560N;069-29-36.240W;25.95
8704;47-59-49.560N;069-29-35.880W;25.65
8705;47-59-49.560N;069-29-35.520W;25.11
8706;47-59-49.560N;069-29-35.160W;25.0
8707;47-59-49.560N;069-29-34.800W;24.77
8708;47-59-49.560N;069-29-34.440W;24.56
8709;47-59-49.560N;069-29-34.080W;24.27
8710;47-59-49.560N;069-29-33.720W;24.04
8711;47-59-49.560N;069-29-33.360W;23.86
8712;47-59-49.560N;069-29-33.000W;23.86
8713;47-59-49.560N;069-29-32.640W;23.53
8714;47-59-49.560N;069-29-32.280W;23.41
8715;47-59-49.560N;069-29-31.920W;23.22
8716;47-59-49.560N;069-29-31.560W;23.18
8717;47-59-49.560N;069-29-31.200W;23.05
8718;47-59-49.560N;069-29-30.840W;22.93
8719;47-59-49.560N;069-29-30.480W;22.96
8720;47-59-49.560N;069-29-30.120W;22.85
8721;47-59-49.560N;069-29-29.760W;22.81
8722;47-59-49.560N;069-29-29.400W;22.69
8723;47-59-49.560N;069-29-29.040W;22.64
8724;47-59-49.560N;069-29-28.680W;22.66
8725;47-59-49.560N;069-29-28.320W;22.64
8726;47-59-49.560N;069-29-27.960W;22.58
8727;47-59-49.560N;069-29-27.600W;22.61
8728;47-59-49.560N;069-29-27.240W;22.53
8729;47-59-49.560N;069-29-26.880W;22.47
8730;47-59-49.560N;069-29-26.520W;22.41
8731;47-59-49.560N;069-29-26.160W;22.4
8732;47-59-49.560N;069-29-25.800W;22.33
8733;47-59-49.560N;069-29-25.440W;22.3
8734;47-59-49.560N;069-29-25.080W;22.13
8735;47-59-49.560N;069-29-24.720W;22.11
8736;47-59-49.560N;069-29-24.360W;21.95
8737;47-59-49.560N;069-29-24.000W;21.87
8738;47-59-49.560N;069-29-23.640W;21.78
8739;47-59-49.560N;069-29-23.280W;21.63
8740;47-59-49.560N;069-29-22.920W;21.6
8741;47-59-49.560N;069-29-22.560W;21.47
8742;47-59-49.560N;069-29-22.200W;21.31
8743;47-59-49.560N;069-29-21.840W;21.11
8744;47-59-49.560N;069-29-21.480W;20.96
8745;47-59-49.560N;069-29-21.120W;20.81
8746;47-59-49.560N;069-29-20.760W;20.67
8747;47-59-49.560N;069-29-20.400W;20.62
8748;47-59-49.560N;069-29-20.040W;20.52
8749;47-59-49.560N;069-29-19.680W;20.43
8750;47-59-49.560N;069-29-19.320W;20.34
8751;47-59-49.560N;069-29-18.960W;20.24
8752;47-59-49.560N;069-29-18.600W;20.11
8753;47-59-49.560N;069-29-18.240W;19.99
8754;47-59-49.560N;069-29-17.880W;19.82
8755;47-59-49.560N;069-29-17.520W;19.61
8756;47-59-49.560N;069-29-17.160W;19.21
8757;47-59-49.560N;069-29-16.800W;18.98
8758;47-59-49.560N;069-29-16.440W;18.64
8759;47-59-49.560N;069-29-16.080W;18.39
8760;47-59-49.560N;069-29-15.720W;18.29
8761;47-59-49.560N;069-29-15.360W;18.26
8762;47-59-49.560N;069-29-15.000W;18.23
8763;47-59-49.560N;069-29-14.640W;18.2
8764;47-59-49.560N;069-29-14.280W;18.0
8765;47-59-49.560N;069-29-13.920W;17.61
8766;47-59-49.560N;069-29-13.560W;16.74
8767;47-59-49.560N;069-29-13.200W;16.02
8768;47-59-49.560N;069-29-12.840W;15.35
8769;47-59-49.560N;069-29-12.480W;15.07
8770;47-59-49.560N;069-29-12.120W;15.25
8771;47-59-49.560N;069-29-11.760W;15.35
8772;47-59-49.560N;069-29-11.400W;15.31
8773;47-59-49.560N;069-29-11.040W;15.24
8774;47-59-49.560N;069-29-10.680W;15.0
8775;47-59-49.560N;069-29-10.320W;14.75
8776;47-59-49.560N;069-29-09.960W;14.57
8777;47-59-49.560N;069-29-09.600W;14.22
8778;47-59-49.560N;069-29-09.240W;13.98
8779;47-59-49.560N;069-29-08.880W;13.72
8780;47-59-49.560N;069-29-08.520W;13.49
8781;47-59-49.560N;069-29-08.160W;13.02
8782;47-59-49.560N;069-29-07.800W;12.47
8783;47-59-49.560N;069-29-07.440W;11.92
8784;47-59-49.560N;069-29-07.080W;11.39
8785;47-59-49.560N;069-29-06.720W;10.82
8786;47-59-49.560N;069-29-06.360W;9.9
8787;47-59-49.560N;069-29-06.000W;9.2
8788;47-59-49.560N;069-29-05.640W;8.66
8789;47-59-49.560N;069-29-05.280W;8.54
8790;47-59-49.560N;069-29-04.920W;8.49
8791;47-59-49.920N;069-29-59.640W;36.87
8792;47-59-49.920N;069-29-59.280W;36.62
8793;47-59-49.920N;069-29-58.920W;36.5
8794;47-59-49.920N;069-29-58.560W;36.34
8795;47-59-49.920N;069-29-58.200W;36.15
8796;47-59-49.920N;069-29-57.840W;36.03
8797;47-59-49.920N;069-29-57.480W;35.98
8798;47-59-49.920N;069-29-57.120W;35.75
8799;47-59-49.920N;069-29-56.760W;35.76
8800;47-59-49.920N;069-29-56.400W;35.53
8801;47-59-49.920N;069-29-56.040W;35.4
8802;47-59-49.920N;069-29-55.680W;35.19
8803;47-59-49.920N;069-29-55.320W;35.11
8804;47-59-49.920N;069-29-54.960W;34.85
8805;47-59-49.920N;069-29-54.600W;34.72
8806;47-59-49.920N;069-29-54.240W;34.63
8807;47-59-49.920N;069-29-53.880W;34.6
8808;47-59-49.920N;069-29-53.520W;34.43
8809;47-59-49.920N;069-29-53.160W;34.33
8810;47-59-49.920N;069-29-52.800W;34.09
8811;47-59-49.920N;069-29-52.440W;34.01
8812;47-59-49.920N;069-29-52.080W;33.77
8813;47-59-49.920N;069-29-51.720W;33.72
8814;47-59-49.920N;069-29-51.360W;33.58
8815;47-59-49.920N;069-29-51.000W;33.54
8816;47-59-49.920N;069-29-50.640W;33.28
8817;47-59-49.920N;069-29-50.280W;33.21
8818;47-59-49.920N;069-29-49.920W;32.98
8819;47-59-49.920N;069-29-49.560W;32.89
8820;47-59-49.920N;069-29-49.200W;32.82
8821;47-59-49.920N;069-29-48.840W;32.96
8822;47-59-49.920N;069-29-48.480W;32.81
8823;47-59-49.920N;069-29-48.120W;32.71
8824;47-59-49.920N;069-29-47.760W;32.49
8825;47-59-49.920N;069-29-47.400W;32.23
8826;47-59-49.920N;069-29-47.040W;32.07
8827;47-59-49.920N;069-29-46.680W;31.88
8828;47-59-49.920N;069-29-46.320W;31.6
8829;47-59-49.920N;069-29-45.960W;31.29
8830;47-59-49.920N;069-29-45.600W;31.15
8831;47-59-49.920N;069-29-45.240W;30.98
8832;47-59-49.920N;069-29-44.880W;30.71
8833;47-59-49.920N;069-29-44.520W;30.69
8834;47-59-49.920N;069-29-44.160W;30.5
8835;47-59-49.920N;069-29-43.800W;30.4
8836;47-59-49.920N;069-29-43.440W;30.4
8837;47-59-49.920N;069-29-43.080W;30.16
8838;47-59-49.920N;069-29-42.720W;29.9
8839;47-59-49.920N;069-29-42.360W;29.68
8840;47-59-49.920N;069-29-42.000W;29.45
8841;47-59-49.920N;069-29-41.640W;29.3
8842;47-59-49.920N;069-29-41.280W;29.07
8843;47-59-49.920N;069-29-40.920W;28.96
8844;47-59-49.920N;069-29-40.560W;28.85
8845;47-59-49.920N;069-29-40.200W;28.74
8846;47-59-49.920N;069-29-39.840W;28.36
8847;47-59-49.920N;069-29-39.480W;28.26
8848;47-59-49.920N;069-29-39.120W;27.9
8849;47-59-49.920N;069-29-38.760W;27.81
8850;47-59-49.920N;069-29-38.400W;27.6
8851;47-59-49.920N;069-29-38.040W;27.37
8852;47-59-49.920N;069-29-37.680W;27.14
8853;47-59-49.920N;069-29-37.320W;26.92
8854;47-59-49.920N;069-29-36.960W;26.5
8855;47-59-49.920N;069-29-36.600W;26.31
8856;47-59-49.920N;069-29-36.240W;26.15
8857;47-59-49.920N;069-29-35.880W;25.85
8858;47-59-49.920N;069-29-35.520W;25.58
8859;47-59-49.920N;069-29-35.160W;25.29
8860;47-59-49.920N;069-29-34.800W;25.11
8861;47-59-49.920N;069-29-34.440W;25.0
8862;47-59-49.920N;069-29-34.080W;24.53
8863;47-59-49.920N;069-29-33.720W;24.33
8864;47-59-49.920N;069-29-33.360W;24.14
8865;47-59-49.920N;069-29-33.000W;23.98
8866;47-59-49.920N;069-29-32.640W;23.78
8867;47-59-49.920N;069-29-32.280W;23.6
8868;47-59-49.920N;069-29-31.920W;23.38
8869;47-59-49.920N;069-29-31.560W;23.37
8870;47-59-49.920N;069-29-31.200W;23.22
8871;47-59-49.920N;069-29-30.840W;23.18
8872;47-59-49.920N;069-29-30.480W;23.12
8873;47-59-49.920N;069-29-30.120W;23.01
8874;47-59-49.920N;069-29-29.760W;22.94
8875;47-59-49.920N;069-29-29.400W;22.9
8876;47-59-49.920N;069-29-29.040W;22.87
8877;47-59-49.920N;069-29-28.680W;22.85
8878;47-59-49.920N;069-29-28.320W;22.81
8879;47-59-49.920N;069-29-27.960W;22.77
8880;47-59-49.920N;069-29-27.600W;22.72
8881;47-59-49.920N;069-29-27.240W;22.75
8882;47-59-49.920N;069-29-26.880W;22.7
8883;47-59-49.920N;069-29-26.520W;22.5
8884;47-59-49.920N;069-29-26.160W;22.47
8885;47-59-49.920N;069-29-25.800W;22.46
8886;47-59-49.920N;069-29-25.440W;22.52
8887;47-59-49.920N;069-29-25.080W;22.48
8888;47-59-49.920N;069-29-24.720W;22.43
8889;47-59-49.920N;069-29-24.360W;22.24
8890;47-59-49.920N;069-29-24.000W;22.11
8891;47-59-49.920N;069-29-23.640W;21.92
8892;47-59-49.920N;069-29-23.280W;21.85
8893;47-59-49.920N;069-29-22.920W;21.72
8894;47-59-49.920N;069-29-22.560W;21.66
8895;47-59-49.920N;069-29-22.200W;21.54
8896;47-59-49.920N;069-29-21.840W;21.37
8897;47-59-49.920N;069-29-21.480W;21.19
8898;47-59-49.920N;069-29-21.120W;21.07
8899;47-59-49.920N;069-29-20.760W;20.89
8900;47-59-49.920N;069-29-20.400W;20.71
8901;47-59-49.920N;069-29-20.040W;20.61
8902;47-59-49.920N;069-29-19.680W;20.56
8903;47-59-49.920N;069-29-19.320W;20.43
8904;47-59-49.920N;069-29-18.960W;20.36
8905;47-59-49.920N;069-29-18.600W;20.23
8906;47-59-49.920N;069-29-18.240W;20.18
8907;47-59-49.920N;069-29-17.880W;19.92
8908;47-59-49.920N;069-29-17.520W;19.82
8909;47-59-49.920N;069-29-17.160W;19.49
8910;47-59-49.920N;069-29-16.800W;19.0
8911;47-59-49.920N;069-29-16.440W;18.74
8912;47-59-49.920N;069-29-16.080W;18.51
8913;47-59-49.920N;069-29-15.720W;18.38
8914;47-59-49.920N;069-29-15.360W;18.34
8915;47-59-49.920N;069-29-15.000W;18.34
8916;47-59-49.920N;069-29-14.640W;18.3
8917;47-59-49.920N;069-29-14.280W;18.24
8918;47-59-49.920N;069-29-13.920W;17.97
8919;47-59-49.920N;069-29-13.560W;17.53
8920;47-59-49.920N;069-29-13.200W;16.41
8921;47-59-49.920N;069-29-12.840W;15.69
8922;47-59-49.920N;069-29-12.480W;15.46
8923;47-59-49.920N;069-29-12.120W;15.39
8924;47-59-49.920N;069-29-11.760W;15.36
8925;47-59-49.920N;069-29-11.400W;15.59
8926;47-59-49.920N;069-29-11.040W;15.49
8927;47-59-49.920N;069-29-10.680W;15.35
8928;47-59-49.920N;069-29-10.320W;15.1
8929;47-59-49.920N;069-29-09.960W;14.84
8930;47-59-49.920N;069-29-09.600W;14.58
8931;47-59-49.920N;069-29-09.240W;14.26
8932;47-59-49.920N;069-29-08.880W;14.02
8933;47-59-49.920N;069-29-08.520W;13.72
8934;47-59-49.920N;069-29-08.160W;13.47
8935;47-59-49.920N;069-29-07.800W;13.21
8936;47-59-49.920N;069-29-07.440W;12.79
8937;47-59-49.920N;069-29-07.080W;12.16
8938;47-59-49.920N;069-29-06.720W;11.58
8939;47-59-49.920N;069-29-06.360W;10.86
8940;47-59-49.920N;069-29-06.000W;10.03
8941;47-59-49.920N;069-29-05.640W;9.26
8942;47-59-49.920N;069-29-05.280W;8.61
8943;47-59-49.920N;069-29-04.920W;8.55
8944;47-59-49.920N;069-29-04.560W;8.56
8945;47-59-50.280N;069-29-59.640W;37.05
8946;47-59-50.280N;069-29-59.280W;36.83
8947;47-59-50.280N;069-29-58.920W;36.97
8948;47-59-50.280N;069-29-58.560W;36.67
8949;47-59-50.280N;069-29-58.200W;36.7
8950;47-59-50.280N;069-29-57.840W;36.26
8951;47-59-50.280N;069-29-57.480W;36.16
8952;47-59-50.280N;069-29-57.120W;36.06
8953;47-59-50.280N;069-29-56.760W;35.98
8954;47-59-50.280N;069-29-56.400W;35.66
8955;47-59-50.280N;069-29-56.040W;35.56
8956;47-59-50.280N;069-29-55.680W;35.29
8957;47-59-50.280N;069-29-55.320W;35.26
8958;47-59-50.280N;069-29-54.960W;34.96
8959;47-59-50.280N;069-29-54.600W;34.95
8960;47-59-50.280N;069-29-54.240W;34.77
8961;47-59-50.280N;069-29-53.880W;34.68
8962;47-59-50.280N;069-29-53.520W;34.49
8963;47-59-50.280N;069-29-53.160W;34.34
8964;47-59-50.280N;069-29-52.800W;34.14
8965;47-59-50.280N;069-29-52.440W;34.17
8966;47-59-50.280N;069-29-52.080W;34.0
8967;47-59-50.280N;069-29-51.720W;33.74
8968;47-59-50.280N;069-29-51.360W;33.79
8969;47-59-50.280N;069-29-51.000W;33.69
8970;47-59-50.280N;069-29-50.640W;33.54
8971;47-59-50.280N;069-29-50.280W;33.41
8972;47-59-50.280N;069-29-49.920W;33.15
8973;47-59-50.280N;069-29-49.560W;33.05
8974;47-59-50.280N;069-29-49.200W;32.97
8975;47-59-50.280N;069-29-48.840W;33.11
8976;47-59-50.280N;069-29-48.480W;33.02
8977;47-59-50.280N;069-29-48.120W;32.99
8978;47-59-50.280N;069-29-47.760W;32.81
8979;47-59-50.280N;069-29-47.400W;32.51
8980;47-59-50.280N;069-29-47.040W;32.35
8981;47-59-50.280N;069-29-46.680W;32.34
8982;47-59-50.280N;069-29-46.320W;32.24
8983;47-59-50.280N;069-29-45.960W;31.89
8984;47-59-50.280N;069-29-45.600W;31.65
8985;47-59-50.280N;069-29-45.240W;31.15
8986;47-59-50.280N;069-29-44.880W;31.23
8987;47-59-50.280N;069-29-44.520W;30.85
8988;47-59-50.280N;069-29-44.160W;30.8
8989;47-59-50.280N;069-29-43.800W;30.79
8990;47-59-50.280N;069-29-43.440W;30.65
8991;47-59-50.280N;069-29-43.080W;30.44
8992;47-59-50.280N;069-29-42.720W;30.23
8993;47-59-50.280N;069-29-42.360W;30.04
8994;47-59-50.280N;069-29-42.000W;29.81
8995;47-59-50.280N;069-29-41.640W;29.62
8996;47-59-50.280N;069-29-41.280W;29.54
8997;47-59-50.280N;069-29-40.920W;29.51
8998;47-59-50.280N;069-29-40.560W;29.21
8999;47-59-50.280N;069-29-40.200W;29.07
9000;47-59-50.280N;069-29-39.840W;28.64
9001;47-59-50.280N;069-29-39.480W;28.44
9002;47-59-50.280N;069-29-39.120W;28.24
9003;47-59-50.280N;069-29-38.760W;28.04
9004;47-59-50.280N;069-29-38.400W;27.73
9005;47-59-50.280N;069-29-38.040W;27.62
9006;47-59-50.280N;069-29-37.680W;27.34
9007;47-59-50.280N;069-29-37.320W;27.13
9008;47-59-50.280N;069-29-36.960W;26.73
9009;47-59-50.280N;069-29-36.600W;26.52
9010;47-59-50.280N;069-29-36.240W;26.24
9011;47-59-50.280N;069-29-35.880W;26.04
9012;47-59-50.280N;069-29-35.520W;25.75
9013;47-59-50.280N;069-29-35.160W;25.56
9014;47-59-50.280N;069-29-34.800W;25.26
9015;47-59-50.280N;069-29-34.440W;25.15
9016;47-59-50.280N;069-29-34.080W;24.91
9017;47-59-50.280N;069-29-33.720W;24.62
9018;47-59-50.280N;069-29-33.360W;24.38
9019;47-59-50.280N;069-29-33.000W;24.26
9020;47-59-50.280N;069-29-32.640W;23.93
9021;47-59-50.280N;069-29-32.280W;23.77
9022;47-59-50.280N;069-29-31.920W;23.64
9023;47-59-50.280N;069-29-31.560W;23.5
9024;47-59-50.280N;069-29-31.200W;23.5
9025;47-59-50.280N;069-29-30.840W;23.48
9026;47-59-50.280N;069-29-30.480W;23.3
9027;47-59-50.280N;069-29-30.120W;23.24
9028;47-59-50.280N;069-29-29.760W;23.07
9029;47-59-50.280N;069-29-29.400W;23.15
9030;47-59-50.280N;069-29-29.040W;23.06
9031;47-59-50.280N;069-29-28.680W;23.05
9032;47-59-50.280N;069-29-28.320W;22.97
9033;47-59-50.280N;069-29-27.960W;22.87
9034;47-59-50.280N;069-29-27.600W;22.91
9035;47-59-50.280N;069-29-27.240W;22.83
9036;47-59-50.280N;069-29-26.880W;22.91
9037;47-59-50.280N;069-29-26.520W;22.84
9038;47-59-50.280N;069-29-26.160W;22.81
9039;47-59-50.280N;069-29-25.800W;22.75
9040;47-59-50.280N;069-29-25.440W;22.63
9041;47-59-50.280N;069-29-25.080W;22.58
9042;47-59-50.280N;069-29-24.720W;22.5
9043;47-59-50.280N;069-29-24.360W;22.42
9044;47-59-50.280N;069-29-24.000W;22.24
9045;47-59-50.280N;069-29-23.640W;22.19
9046;47-59-50.280N;069-29-23.280W;22.12
9047;47-59-50.280N;069-29-22.920W;22.05
9048;47-59-50.280N;069-29-22.560W;21.85
9049;47-59-50.280N;069-29-22.200W;21.9
9050;47-59-50.280N;069-29-21.840W;21.71
9051;47-59-50.280N;069-29-21.480W;21.55
9052;47-59-50.280N;069-29-21.120W;21.41
9053;47-59-50.280N;069-29-20.760W;21.2
9054;47-59-50.280N;069-29-20.400W;20.94
9055;47-59-50.280N;069-29-20.040W;20.82
9056;47-59-50.280N;069-29-19.680W;20.75
9057;47-59-50.280N;069-29-19.320W;20.58
9058;47-59-50.280N;069-29-18.960W;20.45
9059;47-59-50.280N;069-29-18.600W;20.42
9060;47-59-50.280N;069-29-18.240W;20.34
9061;47-59-50.280N;069-29-17.880W;20.19
9062;47-59-50.280N;069-29-17.520W;20.0
9063;47-59-50.280N;069-29-17.160W;19.81
9064;47-59-50.280N;069-29-16.800W;19.54
9065;47-59-50.280N;069-29-16.440W;18.94
9066;47-59-50.280N;069-29-16.080W;18.75
9067;47-59-50.280N;069-29-15.720W;18.53
9068;47-59-50.280N;069-29-15.360W;18.45
9069;47-59-50.280N;069-29-15.000W;18.41
9070;47-59-50.280N;069-29-14.640W;18.37
9071;47-59-50.280N;069-29-14.280W;18.31
9072;47-59-50.280N;069-29-13.920W;18.22
9073;47-59-50.280N;069-29-13.560W;17.88
9074;47-59-50.280N;069-29-13.200W;17.22
9075;47-59-50.280N;069-29-12.840W;16.23
9076;47-59-50.280N;069-29-12.480W;15.72
9077;47-59-50.280N;069-29-12.120W;15.68
9078;47-59-50.280N;069-29-11.760W;15.76
9079;47-59-50.280N;069-29-11.400W;15.48
9080;47-59-50.280N;069-29-11.040W;15.64
9081;47-59-50.280N;069-29-10.680W;15.56
9082;47-59-50.280N;069-29-10.320W;15.43
9083;47-59-50.280N;069-29-09.960W;15.22
9084;47-59-50.280N;069-29-09.600W;14.88
9085;47-59-50.280N;069-29-09.240W;14.57
9086;47-59-50.280N;069-29-08.880W;14.27
9087;47-59-50.280N;069-29-08.520W;13.95
9088;47-59-50.280N;069-29-08.160W;13.7
9089;47-59-50.280N;069-29-07.800W;13.39
9090;47-59-50.280N;069-29-07.440W;13.21
9091;47-59-50.280N;069-29-07.080W;12.84
9092;47-59-50.280N;069-29-06.720W;12.35
9093;47-59-50.280N;069-29-06.360W;11.69
9094;47-59-50.280N;069-29-06.000W;11.03
9095;47-59-50.280N;069-29-05.640W;10.25
9096;47-59-50.280N;069-29-05.280W;9.52
9097;47-59-50.280N;069-29-04.920W;8.95
9098;47-59-50.280N;069-29-04.560W;8.6
9099;47-59-50.280N;069-29-04.200W;8.6
9100;47-59-50.282N;069-28-11.561W;-1.8
9101;47-59-50.172N;069-27-29.835W;-1.8
9102;47-59-50.281N;069-27-07.969W;0.91
9103;47-59-50.342N;069-27-00.175W;4.57
9104;47-59-50.640N;069-29-59.640W;37.32
9105;47-59-50.640N;069-29-59.280W;37.21
9106;47-59-50.640N;069-29-58.920W;37.17
9107;47-59-50.640N;069-29-58.560W;36.94
9108;47-59-50.640N;069-29-58.200W;37.0
9109;47-59-50.640N;069-29-57.840W;36.58
9110;47-59-50.640N;069-29-57.480W;36.35
9111;47-59-50.640N;069-29-57.120W;36.07
9112;47-59-50.640N;069-29-56.760W;36.12
9113;47-59-50.640N;069-29-56.400W;35.89
9114;47-59-50.640N;069-29-56.040W;35.81
9115;47-59-50.640N;069-29-55.680W;35.45
9116;47-59-50.640N;069-29-55.320W;35.42
9117;47-59-50.640N;069-29-54.960W;35.23
9118;47-59-50.640N;069-29-54.600W;35.08
9119;47-59-50.640N;069-29-54.240W;34.99
9120;47-59-50.640N;069-29-53.880W;34.85
9121;47-59-50.640N;069-29-53.520W;34.63
9122;47-59-50.640N;069-29-53.160W;34.52
9123;47-59-50.640N;069-29-52.800W;34.34
9124;47-59-50.640N;069-29-52.440W;34.42
9125;47-59-50.640N;069-29-52.080W;34.18
9126;47-59-50.640N;069-29-51.720W;34.16
9127;47-59-50.640N;069-29-51.360W;34.01
9128;47-59-50.640N;069-29-51.000W;33.82
9129;47-59-50.640N;069-29-50.640W;33.8
9130;47-59-50.640N;069-29-50.280W;33.68
9131;47-59-50.640N;069-29-49.920W;33.44
9132;47-59-50.640N;069-29-49.560W;33.45
9133;47-59-50.640N;069-29-49.200W;33.24
9134;47-59-50.640N;069-29-48.840W;33.14
9135;47-59-50.640N;069-29-48.480W;33.1
9136;47-59-50.640N;069-29-48.120W;33.09
9137;47-59-50.640N;069-29-47.760W;33.01
9138;47-59-50.640N;069-29-47.400W;32.67
9139;47-59-50.640N;069-29-47.040W;32.69
9140;47-59-50.640N;069-29-46.680W;32.5
9141;47-59-50.640N;069-29-46.320W;32.42
9142;47-59-50.640N;069-29-45.960W;32.11
9143;47-59-50.640N;069-29-45.600W;31.96
9144;47-59-50.640N;069-29-45.240W;31.73
9145;47-59-50.640N;069-29-44.880W;31.4
9146;47-59-50.640N;069-29-44.520W;31.24
9147;47-59-50.640N;069-29-44.160W;31.09
9148;47-59-50.640N;069-29-43.800W;31.02
9149;47-59-50.640N;069-29-43.440W;30.88
9150;47-59-50.640N;069-29-43.080W;30.66
9151;47-59-50.640N;069-29-42.720W;30.5
9152;47-59-50.640N;069-29-42.360W;30.15
9153;47-59-50.640N;069-29-42.000W;29.98
9154;47-59-50.640N;069-29-41.640W;29.98
9155;47-59-50.640N;069-29-41.280W;29.78
9156;47-59-50.640N;069-29-40.920W;29.67
9157;47-59-50.640N;069-29-40.560W;29.45
9158;47-59-50.640N;069-29-40.200W;29.27
9159;47-59-50.640N;069-29-39.840W;29.04
9160;47-59-50.640N;069-29-39.480W;28.76
9161;47-59-50.640N;069-29-39.120W;28.47
9162;47-59-50.640N;069-29-38.760W;28.37
9163;47-59-50.640N;069-29-38.400W;28.11
9164;47-59-50.640N;069-29-38.040W;27.89
9165;47-59-50.640N;069-29-37.680W;27.72
9166;47-59-50.640N;069-29-37.320W;27.52
9167;47-59-50.640N;069-29-36.960W;27.08
9168;47-59-50.640N;069-29-36.600W;26.7
9169;47-59-50.640N;069-29-36.240W;26.46
9170;47-59-50.640N;069-29-35.880W;26.3
9171;47-59-50.640N;069-29-35.520W;25.84
9172;47-59-50.640N;069-29-35.160W;25.62
9173;47-59-50.640N;069-29-34.800W;25.35
9174;47-59-50.640N;069-29-34.440W;25.32
9175;47-59-50.640N;069-29-34.080W;24.97
9176;47-59-50.640N;069-29-33.720W;24.86
9177;47-59-50.640N;069-29-33.360W;24.63
9178;47-59-50.640N;069-29-33.000W;24.44
9179;47-59-50.640N;069-29-32.640W;24.13
9180;47-59-50.640N;069-29-32.280W;23.97
9181;47-59-50.640N;069-29-31.920W;23.83
9182;47-59-50.640N;069-29-31.560W;23.77
9183;47-59-50.640N;069-29-31.200W;23.62
9184;47-59-50.640N;069-29-30.840W;23.57
9185;47-59-50.640N;069-29-30.480W;23.5
9186;47-59-50.640N;069-29-30.120W;23.36
9187;47-59-50.640N;069-29-29.760W;23.34
9188;47-59-50.640N;069-29-29.400W;23.3
9189;47-59-50.640N;069-29-29.040W;23.21
9190;47-59-50.640N;069-29-28.680W;23.1
9191;47-59-50.640N;069-29-28.320W;23.16
9192;47-59-50.640N;069-29-27.960W;23.18
9193;47-59-50.640N;069-29-27.600W;23.13
9194;47-59-50.640N;069-29-27.240W;23.09
9195;47-59-50.640N;069-29-26.880W;23.1
9196;47-59-50.640N;069-29-26.520W;23.07
9197;47-59-50.640N;069-29-26.160W;23.03
9198;47-59-50.640N;069-29-25.800W;22.86
9199;47-59-50.640N;069-29-25.440W;22.86
9200;47-59-50.640N;069-29-25.080W;22.83
9201;47-59-50.640N;069-29-24.720W;22.77
9202;47-59-50.640N;069-29-24.360W;22.62
9203;47-59-50.640N;069-29-24.000W;22.58
9204;47-59-50.640N;069-29-23.640W;22.42
9205;47-59-50.640N;069-29-23.280W;22.37
9206;47-59-50.640N;069-29-22.920W;22.17
9207;47-59-50.640N;069-29-22.560W;22.17
9208;47-59-50.640N;069-29-22.200W;21.99
9209;47-59-50.640N;069-29-21.840W;21.93
9210;47-59-50.640N;069-29-21.480W;21.78
9211;47-59-50.640N;069-29-21.120W;21.69
9212;47-59-50.640N;069-29-20.760W;21.47
9213;47-59-50.640N;069-29-20.400W;21.3
9214;47-59-50.640N;069-29-20.040W;20.94
9215;47-59-50.640N;069-29-19.680W;21.11
9216;47-59-50.640N;069-29-19.320W;20.81
9217;47-59-50.640N;069-29-18.960W;20.71
9218;47-59-50.640N;069-29-18.600W;20.62
9219;47-59-50.640N;069-29-18.240W;20.52
9220;47-59-50.640N;069-29-17.880W;20.4
9221;47-59-50.640N;069-29-17.520W;20.32
9222;47-59-50.640N;069-29-17.160W;20.13
9223;47-59-50.640N;069-29-16.800W;19.9
9224;47-59-50.640N;069-29-16.440W;19.57
9225;47-59-50.640N;069-29-16.080W;19.15
9226;47-59-50.640N;069-29-15.720W;18.88
9227;47-59-50.640N;069-29-15.360W;18.71
9228;47-59-50.640N;069-29-15.000W;18.6
9229;47-59-50.640N;069-29-14.640W;18.55
9230;47-59-50.640N;069-29-14.280W;18.48
9231;47-59-50.640N;069-29-13.920W;18.34
9232;47-59-50.640N;069-29-13.560W;18.17
9233;47-59-50.640N;069-29-13.200W;17.79
9234;47-59-50.640N;069-29-12.840W;17.07
9235;47-59-50.640N;069-29-12.480W;16.2
9236;47-59-50.640N;069-29-12.120W;16.04
9237;47-59-50.640N;069-29-11.760W;15.88
9238;47-59-50.640N;069-29-11.400W;15.82
9239;47-59-50.640N;069-29-11.040W;15.76
9240;47-59-50.640N;069-29-10.680W;15.74
9241;47-59-50.640N;069-29-10.320W;15.57
9242;47-59-50.640N;069-29-09.960W;15.33
9243;47-59-50.640N;069-29-09.600W;15.17
9244;47-59-50.640N;069-29-09.240W;14.81
9245;47-59-50.640N;069-29-08.880W;14.55
9246;47-59-50.640N;069-29-08.520W;14.22
9247;47-59-50.640N;069-29-08.160W;13.95
9248;47-59-50.640N;069-29-07.800W;13.71
9249;47-59-50.640N;069-29-07.440W;13.42
9250;47-59-50.640N;069-29-07.080W;13.19
9251;47-59-50.640N;069-29-06.720W;12.85
9252;47-59-50.640N;069-29-06.360W;12.51
9253;47-59-50.640N;069-29-06.000W;11.94
9254;47-59-50.640N;069-29-05.640W;11.37
9255;47-59-50.640N;069-29-05.280W;10.5
9256;47-59-50.640N;069-29-04.920W;10.02
9257;47-59-50.640N;069-29-04.560W;9.39
9258;47-59-50.640N;069-29-04.200W;8.85
9259;47-59-50.640N;069-29-03.840W;8.8
9260;47-59-50.640N;069-29-03.480W;8.83
9261;47-59-51.000N;069-29-59.640W;37.85
9262;47-59-51.000N;069-29-59.280W;37.53
9263;47-59-51.000N;069-29-58.920W;37.43
9264;47-59-51.000N;069-29-58.560W;37.2
9265;47-59-51.000N;069-29-58.200W;37.1
9266;47-59-51.000N;069-29-57.840W;36.73
9267;47-59-51.000N;069-29-57.480W;36.62
9268;47-59-51.000N;069-29-57.120W;36.25
9269;47-59-51.000N;069-29-56.760W;36.18
9270;47-59-51.000N;069-29-56.400W;36.01
9271;47-59-51.000N;069-29-56.040W;36.0
9272;47-59-51.000N;069-29-55.680W;35.72
9273;47-59-51.000N;069-29-55.320W;35.69
9274;47-59-51.000N;069-29-54.960W;35.6
9275;47-59-51.000N;069-29-54.600W;35.45
9276;47-59-51.000N;069-29-54.240W;35.17
9277;47-59-51.000N;069-29-53.880W;34.98
9278;47-59-51.000N;069-29-53.520W;34.76
9279;47-59-51.000N;069-29-53.160W;34.63
9280;47-59-51.000N;069-29-52.800W;34.5
9281;47-59-51.000N;069-29-52.440W;34.45
9282;47-59-51.000N;069-29-52.080W;34.42
9283;47-59-51.000N;069-29-51.720W;34.41
9284;47-59-51.000N;069-29-51.360W;34.35
9285;47-59-51.000N;069-29-51.000W;34.29
9286;47-59-51.000N;069-29-50.640W;34.11
9287;47-59-51.000N;069-29-50.280W;34.0
9288;47-59-51.000N;069-29-49.920W;33.69
9289;47-59-51.000N;069-29-49.560W;33.58
9290;47-59-51.000N;069-29-49.200W;33.5
9291;47-59-51.000N;069-29-48.840W;33.43
9292;47-59-51.000N;069-29-48.480W;33.27
9293;47-59-51.000N;069-29-48.120W;33.02
9294;47-59-51.000N;069-29-47.760W;32.99
9295;47-59-51.000N;069-29-47.400W;32.75
9296;47-59-51.000N;069-29-47.040W;32.7
9297;47-59-51.000N;069-29-46.680W;32.51
9298;47-59-51.000N;069-29-46.320W;32.42
9299;47-59-51.000N;069-29-45.960W;32.36
9300;47-59-51.000N;069-29-45.600W;32.32
9301;47-59-51.000N;069-29-45.240W;31.91
9302;47-59-51.000N;069-29-44.880W;31.86
9303;47-59-51.000N;069-29-44.520W;31.5
9304;47-59-51.000N;069-29-44.160W;31.32
9305;47-59-51.000N;069-29-43.800W;31.16
9306;47-59-51.000N;069-29-43.440W;31.03
9307;47-59-51.000N;069-29-43.080W;30.92
9308;47-59-51.000N;069-29-42.720W;30.67
9309;47-59-51.000N;069-29-42.360W;30.46
9310;47-59-51.000N;069-29-42.000W;30.24
9311;47-59-51.000N;069-29-41.640W;30.15
9312;47-59-51.000N;069-29-41.280W;30.03
9313;47-59-51.000N;069-29-40.920W;29.88
9314;47-59-51.000N;069-29-40.560W;29.64
9315;47-59-51.000N;069-29-40.200W;29.44
9316;47-59-51.000N;069-29-39.840W;29.21
9317;47-59-51.000N;069-29-39.480W;28.98
9318;47-59-51.000N;069-29-39.120W;28.69
9319;47-59-51.000N;069-29-38.760W;28.52
9320;47-59-51.000N;069-29-38.400W;28.35
9321;47-59-51.000N;069-29-38.040W;28.11
9322;47-59-51.000N;069-29-37.680W;27.88
9323;47-59-51.000N;069-29-37.320W;27.8
9324;47-59-51.000N;069-29-36.960W;27.35
9325;47-59-51.000N;069-29-36.600W;26.92
9326;47-59-51.000N;069-29-36.240W;26.5
9327;47-59-51.000N;069-29-35.880W;26.37
9328;47-59-51.000N;069-29-35.520W;26.08
9329;47-59-51.000N;069-29-35.160W;25.83
9330;47-59-51.000N;069-29-34.800W;25.5
9331;47-59-51.000N;069-29-34.440W;25.39
9332;47-59-51.000N;069-29-34.080W;25.34
9333;47-59-51.000N;069-29-33.720W;25.12
9334;47-59-51.000N;069-29-33.360W;24.89
9335;47-59-51.000N;069-29-33.000W;24.6
9336;47-59-51.000N;069-29-32.640W;24.31
9337;47-59-51.000N;069-29-32.280W;24.19
9338;47-59-51.000N;069-29-31.920W;24.06
9339;47-59-51.000N;069-29-31.560W;23.91
9340;47-59-51.000N;069-29-31.200W;23.84
9341;47-59-51.000N;069-29-30.840W;23.81
9342;47-59-51.000N;069-29-30.480W;23.7
9343;47-59-51.000N;069-29-30.120W;23.63
9344;47-59-51.000N;069-29-29.760W;23.59
9345;47-59-51.000N;069-29-29.400W;23.52
9346;47-59-51.000N;069-29-29.040W;23.48
9347;47-59-51.000N;069-29-28.680W;23.38
9348;47-59-51.000N;069-29-28.320W;23.39
9349;47-59-51.000N;069-29-27.960W;23.38
9350;47-59-51.000N;069-29-27.600W;23.47
9351;47-59-51.000N;069-29-27.240W;23.34
9352;47-59-51.000N;069-29-26.880W;23.42
9353;47-59-51.000N;069-29-26.520W;23.33
9354;47-59-51.000N;069-29-26.160W;23.35
9355;47-59-51.000N;069-29-25.800W;23.2
9356;47-59-51.000N;069-29-25.440W;23.14
9357;47-59-51.000N;069-29-25.080W;23.01
9358;47-59-51.000N;069-29-24.720W;22.93
9359;47-59-51.000N;069-29-24.360W;22.89
9360;47-59-51.000N;069-29-24.000W;22.75
9361;47-59-51.000N;069-29-23.640W;22.7
9362;47-59-51.000N;069-29-23.280W;22.55
9363;47-59-51.000N;069-29-22.920W;22.41
9364;47-59-51.000N;069-29-22.560W;22.34
9365;47-59-51.000N;069-29-22.200W;22.22
9366;47-59-51.000N;069-29-21.840W;22.1
9367;47-59-51.000N;069-29-21.480W;21.96
9368;47-59-51.000N;069-29-21.120W;21.92
9369;47-59-51.000N;069-29-20.760W;21.77
9370;47-59-51.000N;069-29-20.400W;21.57
9371;47-59-51.000N;069-29-20.040W;21.34
9372;47-59-51.000N;069-29-19.680W;21.1
9373;47-59-51.000N;069-29-19.320W;20.98
9374;47-59-51.000N;069-29-18.960W;20.99
9375;47-59-51.000N;069-29-18.600W;20.77
9376;47-59-51.000N;069-29-18.240W;20.71
9377;47-59-51.000N;069-29-17.880W;20.59
9378;47-59-51.000N;069-29-17.520W;20.48
9379;47-59-51.000N;069-29-17.160W;20.26
9380;47-59-51.000N;069-29-16.800W;20.14
9381;47-59-51.000N;069-29-16.440W;19.82
9382;47-59-51.000N;069-29-16.080W;19.68
9383;47-59-51.000N;069-29-15.720W;19.39
9384;47-59-51.000N;069-29-15.360W;19.0
9385;47-59-51.000N;069-29-15.000W;18.86
9386;47-59-51.000N;069-29-14.640W;18.68
9387;47-59-51.000N;069-29-14.280W;18.64
9388;47-59-51.000N;069-29-13.920W;18.55
9389;47-59-51.000N;069-29-13.560W;18.37
9390;47-59-51.000N;069-29-13.200W;18.1
9391;47-59-51.000N;069-29-12.840W;17.49
9392;47-59-51.000N;069-29-12.480W;16.98
9393;47-59-51.000N;069-29-12.120W;16.56
9394;47-59-51.000N;069-29-11.760W;16.3
9395;47-59-51.000N;069-29-11.400W;16.1
9396;47-59-51.000N;069-29-11.040W;15.95
9397;47-59-51.000N;069-29-10.680W;15.56
9398;47-59-51.000N;069-29-10.320W;15.57
9399;47-59-51.000N;069-29-09.960W;15.44
9400;47-59-51.000N;069-29-09.600W;15.29
9401;47-59-51.000N;069-29-09.240W;15.1
9402;47-59-51.000N;069-29-08.880W;14.86
9403;47-59-51.000N;069-29-08.520W;14.56
9404;47-59-51.000N;069-29-08.160W;14.3
9405;47-59-51.000N;069-29-07.800W;14.11
9406;47-59-51.000N;069-29-07.440W;13.74
9407;47-59-51.000N;069-29-07.080W;13.5
9408;47-59-51.000N;069-29-06.720W;13.1
9409;47-59-51.000N;069-29-06.360W;12.83
9410;47-59-51.000N;069-29-06.000W;12.52
9411;47-59-51.000N;069-29-05.640W;12.18
9412;47-59-51.000N;069-29-05.280W;11.73
9413;47-59-51.000N;069-29-04.920W;11.14
9414;47-59-51.000N;069-29-04.560W;10.45
9415;47-59-51.000N;069-29-04.200W;9.8
9416;47-59-51.000N;069-29-03.840W;9.16
9417;47-59-51.000N;069-29-03.480W;8.91
9418;47-59-51.000N;069-29-03.120W;8.95
9419;47-59-50.906N;069-28-21.099W;-2.1
9420;47-59-50.860N;069-27-51.168W;-2.1
9421;47-59-50.835N;069-27-24.502W;-1.2
9422;47-59-50.821N;069-27-16.210W;-0.9
9423;47-59-51.360N;069-29-59.640W;38.25
9424;47-59-51.360N;069-29-59.280W;37.98
9425;47-59-51.360N;069-29-58.920W;37.92
9426;47-59-51.360N;069-29-58.560W;37.58
9427;47-59-51.360N;069-29-58.200W;37.54
9428;47-59-51.360N;069-29-57.840W;37.36
9429;47-59-51.360N;069-29-57.480W;37.25
9430;47-59-51.360N;069-29-57.120W;36.76
9431;47-59-51.360N;069-29-56.760W;36.6
9432;47-59-51.360N;069-29-56.400W;36.19
9433;47-59-51.360N;069-29-56.040W;36.29
9434;47-59-51.360N;069-29-55.680W;36.18
9435;47-59-51.360N;069-29-55.320W;36.15
9436;47-59-51.360N;069-29-54.960W;35.8
9437;47-59-51.360N;069-29-54.600W;35.62
9438;47-59-51.360N;069-29-54.240W;35.35
9439;47-59-51.360N;069-29-53.880W;35.23
9440;47-59-51.360N;069-29-53.520W;34.83
9441;47-59-51.360N;069-29-53.160W;34.8
9442;47-59-51.360N;069-29-52.800W;34.62
9443;47-59-51.360N;069-29-52.440W;34.59
9444;47-59-51.360N;069-29-52.080W;34.64
9445;47-59-51.360N;069-29-51.720W;34.6
9446;47-59-51.360N;069-29-51.360W;34.57
9447;47-59-51.360N;069-29-51.000W;34.51
9448;47-59-51.360N;069-29-50.640W;34.39
9449;47-59-51.360N;069-29-50.280W;34.17
9450;47-59-51.360N;069-29-49.920W;33.92
9451;47-59-51.360N;069-29-49.560W;33.74
9452;47-59-51.360N;069-29-49.200W;33.76
9453;47-59-51.360N;069-29-48.840W;33.57
9454;47-59-51.360N;069-29-48.480W;33.45
9455;47-59-51.360N;069-29-48.120W;33.27
9456;47-59-51.360N;069-29-47.760W;33.09
9457;47-59-51.360N;069-29-47.400W;32.96
9458;47-59-51.360N;069-29-47.040W;32.86
9459;47-59-51.360N;069-29-46.680W;32.6
9460;47-59-51.360N;069-29-46.320W;32.49
9461;47-59-51.360N;069-29-45.960W;32.5
9462;47-59-51.360N;069-29-45.600W;32.44
9463;47-59-51.360N;069-29-45.240W;32.21
9464;47-59-51.360N;069-29-44.880W;32.11
9465;47-59-51.360N;069-29-44.520W;31.8
9466;47-59-51.360N;069-29-44.160W;31.62
9467;47-59-51.360N;069-29-43.800W;31.39
9468;47-59-51.360N;069-29-43.440W;31.35
9469;47-59-51.360N;069-29-43.080W;31.07
9470;47-59-51.360N;069-29-42.720W;30.86
9471;47-59-51.360N;069-29-42.360W;30.67
9472;47-59-51.360N;069-29-42.000W;30.48
9473;47-59-51.360N;069-29-41.640W;30.38
9474;47-59-51.360N;069-29-41.280W;30.28
9475;47-59-51.360N;069-29-40.920W;30.01
9476;47-59-51.360N;069-29-40.560W;29.85
9477;47-59-51.360N;069-29-40.200W;29.6
9478;47-59-51.360N;069-29-39.840W;29.37
9479;47-59-51.360N;069-29-39.480W;29.16
9480;47-59-51.360N;069-29-39.120W;28.91
9481;47-59-51.360N;069-29-38.760W;28.77
9482;47-59-51.360N;069-29-38.400W;28.57
9483;47-59-51.360N;069-29-38.040W;28.42
9484;47-59-51.360N;069-29-37.680W;28.24
9485;47-59-51.360N;069-29-37.320W;28.02
9486;47-59-51.360N;069-29-36.960W;27.74
9487;47-59-51.360N;069-29-36.600W;27.36
9488;47-59-51.360N;069-29-36.240W;26.68
9489;47-59-51.360N;069-29-35.880W;26.51
9490;47-59-51.360N;069-29-35.520W;26.15
9491;47-59-51.360N;069-29-35.160W;25.87
9492;47-59-51.360N;069-29-34.800W;25.8
9493;47-59-51.360N;069-29-34.440W;25.77
9494;47-59-51.360N;069-29-34.080W;25.38
9495;47-59-51.360N;069-29-33.720W;25.46
9496;47-59-51.360N;069-29-33.360W;25.08
9497;47-59-51.360N;069-29-33.000W;24.9
9498;47-59-51.360N;069-29-32.640W;24.67
9499;47-59-51.360N;069-29-32.280W;24.55
9500;47-59-51.360N;069-29-31.920W;24.35
9501;47-59-51.360N;069-29-31.560W;24.27
9502;47-59-51.360N;069-29-31.200W;24.06
9503;47-59-51.360N;069-29-30.840W;24.01
9504;47-59-51.360N;069-29-30.480W;23.96
9505;47-59-51.360N;069-29-30.120W;23.94
9506;47-59-51.360N;069-29-29.760W;23.9
9507;47-59-51.360N;069-29-29.400W;23.81
9508;47-59-51.360N;069-29-29.040W;23.72
9509;47-59-51.360N;069-29-28.680W;23.71
9510;47-59-51.360N;069-29-28.320W;23.61
9511;47-59-51.360N;069-29-27.960W;23.62
9512;47-59-51.360N;069-29-27.600W;23.6
9513;47-59-51.360N;069-29-27.240W;23.67
9514;47-59-51.360N;069-29-26.880W;23.55
9515;47-59-51.360N;069-29-26.520W;23.6
9516;47-59-51.360N;069-29-26.160W;23.57
9517;47-59-51.360N;069-29-25.800W;23.34
9518;47-59-51.360N;069-29-25.440W;23.26
9519;47-59-51.360N;069-29-25.080W;23.25
9520;47-59-51.360N;069-29-24.720W;23.22
9521;47-59-51.360N;069-29-24.360W;23.02
9522;47-59-51.360N;069-29-24.000W;22.95
9523;47-59-51.360N;069-29-23.640W;22.86
9524;47-59-51.360N;069-29-23.280W;22.77
9525;47-59-51.360N;069-29-22.920W;22.62
9526;47-59-51.360N;069-29-22.560W;22.53
9527;47-59-51.360N;069-29-22.200W;22.33
9528;47-59-51.360N;069-29-21.840W;22.27
9529;47-59-51.360N;069-29-21.480W;22.07
9530;47-59-51.360N;069-29-21.120W;21.95
9531;47-59-51.360N;069-29-20.760W;21.95
9532;47-59-51.360N;069-29-20.400W;21.86
9533;47-59-51.360N;069-29-20.040W;21.69
9534;47-59-51.360N;069-29-19.680W;21.57
9535;47-59-51.360N;069-29-19.320W;21.52
9536;47-59-51.360N;069-29-18.960W;21.2
9537;47-59-51.360N;069-29-18.600W;21.05
9538;47-59-51.360N;069-29-18.240W;20.94
9539;47-59-51.360N;069-29-17.880W;20.74
9540;47-59-51.360N;069-29-17.520W;20.73
9541;47-59-51.360N;069-29-17.160W;20.55
9542;47-59-51.360N;069-29-16.800W;20.37
9543;47-59-51.360N;069-29-16.440W;20.18
9544;47-59-51.360N;069-29-16.080W;20.03
9545;47-59-51.360N;069-29-15.720W;19.79
9546;47-59-51.360N;069-29-15.360W;19.54
9547;47-59-51.360N;069-29-15.000W;19.1
9548;47-59-51.360N;069-29-14.640W;19.02
9549;47-59-51.360N;069-29-14.280W;18.84
9550;47-59-51.360N;069-29-13.920W;18.82
9551;47-59-51.360N;069-29-13.560W;18.62
9552;47-59-51.360N;069-29-13.200W;18.41
9553;47-59-51.360N;069-29-12.840W;17.99
9554;47-59-51.360N;069-29-12.480W;17.66
9555;47-59-51.360N;069-29-12.120W;17.18
9556;47-59-51.360N;069-29-11.760W;16.81
9557;47-59-51.360N;069-29-11.400W;16.38
9558;47-59-51.360N;069-29-11.040W;16.12
9559;47-59-51.360N;069-29-10.680W;15.79
9560;47-59-51.360N;069-29-10.320W;15.63
9561;47-59-51.360N;069-29-09.960W;15.52
9562;47-59-51.360N;069-29-09.600W;15.42
9563;47-59-51.360N;069-29-09.240W;15.25
9564;47-59-51.360N;069-29-08.880W;15.02
9565;47-59-51.360N;069-29-08.520W;14.82
9566;47-59-51.360N;069-29-08.160W;14.63
9567;47-59-51.360N;069-29-07.800W;14.39
9568;47-59-51.360N;069-29-07.440W;14.15
9569;47-59-51.360N;069-29-07.080W;13.9
9570;47-59-51.360N;069-29-06.720W;13.61
9571;47-59-51.360N;069-29-06.360W;13.25
9572;47-59-51.360N;069-29-06.000W;12.81
9573;47-59-51.360N;069-29-05.640W;12.51
9574;47-59-51.360N;069-29-05.280W;12.12
9575;47-59-51.360N;069-29-04.920W;11.67
9576;47-59-51.360N;069-29-04.560W;10.69
9577;47-59-51.360N;069-29-04.200W;10.57
9578;47-59-51.360N;069-29-03.840W;10.0
9579;47-59-51.360N;069-29-03.480W;9.27
9580;47-59-51.360N;069-29-03.120W;8.99
9581;47-59-51.360N;069-29-02.760W;8.98
9582;47-59-51.296N;069-27-43.187W;-2.1
9583;47-59-51.720N;069-29-59.640W;38.6
9584;47-59-51.720N;069-29-59.280W;38.35
9585;47-59-51.720N;069-29-58.920W;38.25
9586;47-59-51.720N;069-29-58.560W;38.08
9587;47-59-51.720N;069-29-58.200W;37.91
9588;47-59-51.720N;069-29-57.840W;37.72
9589;47-59-51.720N;069-29-57.480W;37.61
9590;47-59-51.720N;069-29-57.120W;37.18
9591;47-59-51.720N;069-29-56.760W;37.04
9592;47-59-51.720N;069-29-56.400W;36.54
9593;47-59-51.720N;069-29-56.040W;36.44
9594;47-59-51.720N;069-29-55.680W;36.37
9595;47-59-51.720N;069-29-55.320W;36.25
9596;47-59-51.720N;069-29-54.960W;36.07
9597;47-59-51.720N;069-29-54.600W;35.92
9598;47-59-51.720N;069-29-54.240W;35.5
9599;47-59-51.720N;069-29-53.880W;35.41
9600;47-59-51.720N;069-29-53.520W;35.15
9601;47-59-51.720N;069-29-53.160W;34.99
9602;47-59-51.720N;069-29-52.800W;34.91
9603;47-59-51.720N;069-29-52.440W;34.79
9604;47-59-51.720N;069-29-52.080W;34.8
9605;47-59-51.720N;069-29-51.720W;34.87
9606;47-59-51.720N;069-29-51.360W;34.85
9607;47-59-51.720N;069-29-51.000W;34.72
9608;47-59-51.720N;069-29-50.640W;34.49
9609;47-59-51.720N;069-29-50.280W;34.38
9610;47-59-51.720N;069-29-49.920W;34.22
9611;47-59-51.720N;069-29-49.560W;33.9
9612;47-59-51.720N;069-29-49.200W;33.87
9613;47-59-51.720N;069-29-48.840W;33.79
9614;47-59-51.720N;069-29-48.480W;33.61
9615;47-59-51.720N;069-29-48.120W;33.58
9616;47-59-51.720N;069-29-47.760W;33.39
9617;47-59-51.720N;069-29-47.400W;33.13
9618;47-59-51.720N;069-29-47.040W;32.99
9619;47-59-51.720N;069-29-46.680W;32.85
9620;47-59-51.720N;069-29-46.320W;32.78
9621;47-59-51.720N;069-29-45.960W;32.83
9622;47-59-51.720N;069-29-45.600W;32.72
9623;47-59-51.720N;069-29-45.240W;32.55
9624;47-59-51.720N;069-29-44.880W;32.54
9625;47-59-51.720N;069-29-44.520W;32.27
9626;47-59-51.720N;069-29-44.160W;31.99
9627;47-59-51.720N;069-29-43.800W;31.75
9628;47-59-51.720N;069-29-43.440W;31.38
9629;47-59-51.720N;069-29-43.080W;31.29
9630;47-59-51.720N;069-29-42.720W;31.16
9631;47-59-51.720N;069-29-42.360W;30.94
9632;47-59-51.720N;069-29-42.000W;30.75
9633;47-59-51.720N;069-29-41.640W;30.47
9634;47-59-51.720N;069-29-41.280W;30.38
9635;47-59-51.720N;069-29-40.920W;30.15
9636;47-59-51.720N;069-29-40.560W;29.92
9637;47-59-51.720N;069-29-40.200W;29.78
9638;47-59-51.720N;069-29-39.840W;29.65
9639;47-59-51.720N;069-29-39.480W;29.37
9640;47-59-51.720N;069-29-39.120W;29.14
9641;47-59-51.720N;069-29-38.760W;28.99
9642;47-59-51.720N;069-29-38.400W;28.83
9643;47-59-51.720N;069-29-38.040W;28.75
9644;47-59-51.720N;069-29-37.680W;28.5
9645;47-59-51.720N;069-29-37.320W;28.31
9646;47-59-51.720N;069-29-36.960W;28.01
9647;47-59-51.720N;069-29-36.600W;27.7
9648;47-59-51.720N;069-29-36.240W;27.13
9649;47-59-51.720N;069-29-35.880W;26.78
9650;47-59-51.720N;069-29-35.520W;26.3
9651;47-59-51.720N;069-29-35.160W;26.0
9652;47-59-51.720N;069-29-34.800W;25.81
9653;47-59-51.720N;069-29-34.440W;25.84
9654;47-59-51.720N;069-29-34.080W;25.62
9655;47-59-51.720N;069-29-33.720W;25.45
9656;47-59-51.720N;069-29-33.360W;25.37
9657;47-59-51.720N;069-29-33.000W;25.12
9658;47-59-51.720N;069-29-32.640W;24.93
9659;47-59-51.720N;069-29-32.280W;24.85
9660;47-59-51.720N;069-29-31.920W;24.58
9661;47-59-51.720N;069-29-31.560W;24.44
9662;47-59-51.720N;069-29-31.200W;24.33
9663;47-59-51.720N;069-29-30.840W;24.23
9664;47-59-51.720N;069-29-30.480W;24.08
9665;47-59-51.720N;069-29-30.120W;24.14
9666;47-59-51.720N;069-29-29.760W;24.09
9667;47-59-51.720N;069-29-29.400W;24.04
9668;47-59-51.720N;069-29-29.040W;23.98
9669;47-59-51.720N;069-29-28.680W;23.77
9670;47-59-51.720N;069-29-28.320W;23.84
9671;47-59-51.720N;069-29-27.960W;23.82
9672;47-59-51.720N;069-29-27.600W;23.77
9673;47-59-51.720N;069-29-27.240W;23.85
9674;47-59-51.720N;069-29-26.880W;23.85
9675;47-59-51.720N;069-29-26.520W;23.81
9676;47-59-51.720N;069-29-26.160W;23.81
9677;47-59-51.720N;069-29-25.800W;23.66
9678;47-59-51.720N;069-29-25.440W;23.62
9679;47-59-51.720N;069-29-25.080W;23.42
9680;47-59-51.720N;069-29-24.720W;23.43
9681;47-59-51.720N;069-29-24.360W;23.28
9682;47-59-51.720N;069-29-24.000W;23.12
9683;47-59-51.720N;069-29-23.640W;22.98
9684;47-59-51.720N;069-29-23.280W;22.99
9685;47-59-51.720N;069-29-22.920W;22.84
9686;47-59-51.720N;069-29-22.560W;22.75
9687;47-59-51.720N;069-29-22.200W;22.63
9688;47-59-51.720N;069-29-21.840W;22.5
9689;47-59-51.720N;069-29-21.480W;22.27
9690;47-59-51.720N;069-29-21.120W;22.19
9691;47-59-51.720N;069-29-20.760W;22.05
9692;47-59-51.720N;069-29-20.400W;21.97
9693;47-59-51.720N;069-29-20.040W;21.89
9694;47-59-51.720N;069-29-19.680W;21.75
9695;47-59-51.720N;069-29-19.320W;21.72
9696;47-59-51.720N;069-29-18.960W;21.43
9697;47-59-51.720N;069-29-18.600W;21.23
9698;47-59-51.720N;069-29-18.240W;21.09
9699;47-59-51.720N;069-29-17.880W;21.0
9700;47-59-51.720N;069-29-17.520W;20.86
9701;47-59-51.720N;069-29-17.160W;20.71
9702;47-59-51.720N;069-29-16.800W;20.7
9703;47-59-51.720N;069-29-16.440W;20.49
9704;47-59-51.720N;069-29-16.080W;20.4
9705;47-59-51.720N;069-29-15.720W;20.22
9706;47-59-51.720N;069-29-15.360W;20.02
9707;47-59-51.720N;069-29-15.000W;19.68
9708;47-59-51.720N;069-29-14.640W;19.24
9709;47-59-51.720N;069-29-14.280W;19.1
9710;47-59-51.720N;069-29-13.920W;19.05
9711;47-59-51.720N;069-29-13.560W;18.93
9712;47-59-51.720N;069-29-13.200W;18.68
9713;47-59-51.720N;069-29-12.840W;18.37
9714;47-59-51.720N;069-29-12.480W;18.03
9715;47-59-51.720N;069-29-12.120W;17.61
9716;47-59-51.720N;069-29-11.760W;17.26
9717;47-59-51.720N;069-29-11.400W;16.87
9718;47-59-51.720N;069-29-11.040W;16.4
9719;47-59-51.720N;069-29-10.680W;16.07
9720;47-59-51.720N;069-29-10.320W;15.72
9721;47-59-51.720N;069-29-09.960W;15.53
9722;47-59-51.720N;069-29-09.600W;15.55
9723;47-59-51.720N;069-29-09.240W;15.45
9724;47-59-51.720N;069-29-08.880W;15.3
9725;47-59-51.720N;069-29-08.520W;15.18
9726;47-59-51.720N;069-29-08.160W;14.95
9727;47-59-51.720N;069-29-07.800W;14.79
9728;47-59-51.720N;069-29-07.440W;14.54
9729;47-59-51.720N;069-29-07.080W;14.33
9730;47-59-51.720N;069-29-06.720W;14.11
9731;47-59-51.720N;069-29-06.360W;13.74
9732;47-59-51.720N;069-29-06.000W;13.37
9733;47-59-51.720N;069-29-05.640W;12.95
9734;47-59-51.720N;069-29-05.280W;12.43
9735;47-59-51.720N;069-29-04.920W;11.96
9736;47-59-51.720N;069-29-04.560W;11.53
9737;47-59-51.720N;069-29-04.200W;11.0
9738;47-59-51.720N;069-29-03.840W;10.47
9739;47-59-51.720N;069-29-03.480W;9.86
9740;47-59-51.720N;069-29-03.120W;9.28
9741;47-59-51.720N;069-29-02.760W;9.01
9742;47-59-51.720N;069-29-02.400W;9.1
9743;47-59-52.080N;069-29-59.640W;38.93
9744;47-59-52.080N;069-29-59.280W;38.77
9745;47-59-52.080N;069-29-58.920W;38.69
9746;47-59-52.080N;069-29-58.560W;38.47
9747;47-59-52.080N;069-29-58.200W;38.33
9748;47-59-52.080N;069-29-57.840W;38.12
9749;47-59-52.080N;069-29-57.480W;37.94
9750;47-59-52.080N;069-29-57.120W;37.54
9751;47-59-52.080N;069-29-56.760W;37.36
9752;47-59-52.080N;069-29-56.400W;36.79
9753;47-59-52.080N;069-29-56.040W;36.68
9754;47-59-52.080N;069-29-55.680W;36.45
9755;47-59-52.080N;069-29-55.320W;36.37
9756;47-59-52.080N;069-29-54.960W;36.16
9757;47-59-52.080N;069-29-54.600W;36.08
9758;47-59-52.080N;069-29-54.240W;35.96
9759;47-59-52.080N;069-29-53.880W;35.67
9760;47-59-52.080N;069-29-53.520W;35.56
9761;47-59-52.080N;069-29-53.160W;35.23
9762;47-59-52.080N;069-29-52.800W;35.19
9763;47-59-52.080N;069-29-52.440W;35.06
9764;47-59-52.080N;069-29-52.080W;35.01
9765;47-59-52.080N;069-29-51.720W;35.01
9766;47-59-52.080N;069-29-51.360W;34.97
9767;47-59-52.080N;069-29-51.000W;34.89
9768;47-59-52.080N;069-29-50.640W;34.76
9769;47-59-52.080N;069-29-50.280W;34.45
9770;47-59-52.080N;069-29-49.920W;34.37
9771;47-59-52.080N;069-29-49.560W;34.17
9772;47-59-52.080N;069-29-49.200W;34.17
9773;47-59-52.080N;069-29-48.840W;34.17
9774;47-59-52.080N;069-29-48.480W;34.17
9775;47-59-52.080N;069-29-48.120W;33.9
9776;47-59-52.080N;069-29-47.760W;33.83
9777;47-59-52.080N;069-29-47.400W;33.54
9778;47-59-52.080N;069-29-47.040W;33.35
9779;47-59-52.080N;069-29-46.680W;33.31
9780;47-59-52.080N;069-29-46.320W;33.2
9781;47-59-52.080N;069-29-45.960W;32.96
9782;47-59-52.080N;069-29-45.600W;32.78
9783;47-59-52.080N;069-29-45.240W;32.75
9784;47-59-52.080N;069-29-44.880W;32.69
9785;47-59-52.080N;069-29-44.520W;32.43
9786;47-59-52.080N;069-29-44.160W;32.36
9787;47-59-52.080N;069-29-43.800W;31.91
9788;47-59-52.080N;069-29-43.440W;31.92
9789;47-59-52.080N;069-29-43.080W;31.62
9790;47-59-52.080N;069-29-42.720W;31.46
9791;47-59-52.080N;069-29-42.360W;31.23
9792;47-59-52.080N;069-29-42.000W;31.02
9793;47-59-52.080N;069-29-41.640W;30.88
9794;47-59-52.080N;069-29-41.280W;30.67
9795;47-59-52.080N;069-29-40.920W;30.33
9796;47-59-52.080N;069-29-40.560W;30.13
9797;47-59-52.080N;069-29-40.200W;29.87
9798;47-59-52.080N;069-29-39.840W;29.69
9799;47-59-52.080N;069-29-39.480W;29.64
9800;47-59-52.080N;069-29-39.120W;29.35
9801;47-59-52.080N;069-29-38.760W;29.15
9802;47-59-52.080N;069-29-38.400W;28.9
9803;47-59-52.080N;069-29-38.040W;28.86
9804;47-59-52.080N;069-29-37.680W;28.72
9805;47-59-52.080N;069-29-37.320W;28.55
9806;47-59-52.080N;069-29-36.960W;28.18
9807;47-59-52.080N;069-29-36.600W;27.91
9808;47-59-52.080N;069-29-36.240W;27.41
9809;47-59-52.080N;069-29-35.880W;27.07
9810;47-59-52.080N;069-29-35.520W;26.44
9811;47-59-52.080N;069-29-35.160W;26.15
9812;47-59-52.080N;069-29-34.800W;25.98
9813;47-59-52.080N;069-29-34.440W;25.9
9814;47-59-52.080N;069-29-34.080W;25.77
9815;47-59-52.080N;069-29-33.720W;25.7
9816;47-59-52.080N;069-29-33.360W;25.52
9817;47-59-52.080N;069-29-33.000W;25.49
9818;47-59-52.080N;069-29-32.640W;25.19
9819;47-59-52.080N;069-29-32.280W;25.25
9820;47-59-52.080N;069-29-31.920W;24.78
9821;47-59-52.080N;069-29-31.560W;24.82
9822;47-59-52.080N;069-29-31.200W;24.64
9823;47-59-52.080N;069-29-30.840W;24.47
9824;47-59-52.080N;069-29-30.480W;24.41
9825;47-59-52.080N;069-29-30.120W;24.34
9826;47-59-52.080N;069-29-29.760W;24.35
9827;47-59-52.080N;069-29-29.400W;24.22
9828;47-59-52.080N;069-29-29.040W;24.18
9829;47-59-52.080N;069-29-28.680W;24.14
9830;47-59-52.080N;069-29-28.320W;24.08
9831;47-59-52.080N;069-29-27.960W;24.06
9832;47-59-52.080N;069-29-27.600W;24.04
9833;47-59-52.080N;069-29-27.240W;24.03
9834;47-59-52.080N;069-29-26.880W;24.02
9835;47-59-52.080N;069-29-26.520W;24.01
9836;47-59-52.080N;069-29-26.160W;23.96
9837;47-59-52.080N;069-29-25.800W;23.94
9838;47-59-52.080N;069-29-25.440W;23.88
9839;47-59-52.080N;069-29-25.080W;23.69
9840;47-59-52.080N;069-29-24.720W;23.6
9841;47-59-52.080N;069-29-24.360W;23.57
9842;47-59-52.080N;069-29-24.000W;23.41
9843;47-59-52.080N;069-29-23.640W;23.31
9844;47-59-52.080N;069-29-23.280W;23.23
9845;47-59-52.080N;069-29-22.920W;23.07
9846;47-59-52.080N;069-29-22.560W;22.95
9847;47-59-52.080N;069-29-22.200W;22.78
9848;47-59-52.080N;069-29-21.840W;22.68
9849;47-59-52.080N;069-29-21.480W;22.54
9850;47-59-52.080N;069-29-21.120W;22.48
9851;47-59-52.080N;069-29-20.760W;22.31
9852;47-59-52.080N;069-29-20.400W;22.19
9853;47-59-52.080N;069-29-20.040W;22.09
9854;47-59-52.080N;069-29-19.680W;22.09
9855;47-59-52.080N;069-29-19.320W;21.9
9856;47-59-52.080N;069-29-18.960W;21.78
9857;47-59-52.080N;069-29-18.600W;21.57
9858;47-59-52.080N;069-29-18.240W;21.36
9859;47-59-52.080N;069-29-17.880W;21.06
9860;47-59-52.080N;069-29-17.520W;21.1
9861;47-59-52.080N;069-29-17.160W;20.93
9862;47-59-52.080N;069-29-16.800W;20.83
9863;47-59-52.080N;069-29-16.440W;20.76
9864;47-59-52.080N;069-29-16.080W;20.63
9865;47-59-52.080N;069-29-15.720W;20.31
9866;47-59-52.080N;069-29-15.360W;20.15
9867;47-59-52.080N;069-29-15.000W;19.99
9868;47-59-52.080N;069-29-14.640W;19.78
9869;47-59-52.080N;069-29-14.280W;19.37
9870;47-59-52.080N;069-29-13.920W;19.27
9871;47-59-52.080N;069-29-13.560W;19.1
9872;47-59-52.080N;069-29-13.200W;18.96
9873;47-59-52.080N;069-29-12.840W;18.63
9874;47-59-52.080N;069-29-12.480W;18.33
9875;47-59-52.080N;069-29-12.120W;18.02
9876;47-59-52.080N;069-29-11.760W;17.57
9877;47-59-52.080N;069-29-11.400W;17.23
9878;47-59-52.080N;069-29-11.040W;16.76
9879;47-59-52.080N;069-29-10.680W;16.39
9880;47-59-52.080N;069-29-10.320W;16.09
9881;47-59-52.080N;069-29-09.960W;15.71
9882;47-59-52.080N;069-29-09.600W;15.61
9883;47-59-52.080N;069-29-09.240W;15.53
9884;47-59-52.080N;069-29-08.880W;15.67
9885;47-59-52.080N;069-29-08.520W;15.54
9886;47-59-52.080N;069-29-08.160W;15.4
9887;47-59-52.080N;069-29-07.800W;15.18
9888;47-59-52.080N;069-29-07.440W;14.98
9889;47-59-52.080N;069-29-07.080W;14.73
9890;47-59-52.080N;069-29-06.720W;14.54
9891;47-59-52.080N;069-29-06.360W;14.21
9892;47-59-52.080N;069-29-06.000W;14.02
9893;47-59-52.080N;069-29-05.640W;13.46
9894;47-59-52.080N;069-29-05.280W;13.01
9895;47-59-52.080N;069-29-04.920W;12.45
9896;47-59-52.080N;069-29-04.560W;12.02
9897;47-59-52.080N;069-29-04.200W;11.48
9898;47-59-52.080N;069-29-03.840W;11.02
9899;47-59-52.080N;069-29-03.480W;10.5
9900;47-59-52.080N;069-29-03.120W;10.07
9901;47-59-52.080N;069-29-02.760W;9.58
9902;47-59-52.080N;069-29-02.400W;9.13
9903;47-59-52.080N;069-29-02.040W;9.15
9904;47-59-52.132N;069-28-16.943W;-2.1
9905;47-59-52.109N;069-28-04.404W;-2.1
9906;47-59-52.440N;069-29-59.640W;39.33
9907;47-59-52.440N;069-29-59.280W;39.1
9908;47-59-52.440N;069-29-58.920W;39.05
9909;47-59-52.440N;069-29-58.560W;38.83
9910;47-59-52.440N;069-29-58.200W;38.75
9911;47-59-52.440N;069-29-57.840W;38.57
9912;47-59-52.440N;069-29-57.480W;38.36
9913;47-59-52.440N;069-29-57.120W;37.92
9914;47-59-52.440N;069-29-56.760W;37.86
9915;47-59-52.440N;069-29-56.400W;37.11
9916;47-59-52.440N;069-29-56.040W;36.91
9917;47-59-52.440N;069-29-55.680W;36.62
9918;47-59-52.440N;069-29-55.320W;36.65
9919;47-59-52.440N;069-29-54.960W;36.51
9920;47-59-52.440N;069-29-54.600W;36.39
9921;47-59-52.440N;069-29-54.240W;36.28
9922;47-59-52.440N;069-29-53.880W;36.05
9923;47-59-52.440N;069-29-53.520W;35.79
9924;47-59-52.440N;069-29-53.160W;35.67
9925;47-59-52.440N;069-29-52.800W;35.54
9926;47-59-52.440N;069-29-52.440W;35.31
9927;47-59-52.440N;069-29-52.080W;35.29
9928;47-59-52.440N;069-29-51.720W;35.2
9929;47-59-52.440N;069-29-51.360W;35.19
9930;47-59-52.440N;069-29-51.000W;34.93
9931;47-59-52.440N;069-29-50.640W;34.83
9932;47-59-52.440N;069-29-50.280W;34.69
9933;47-59-52.440N;069-29-49.920W;34.6
9934;47-59-52.440N;069-29-49.560W;34.38
9935;47-59-52.440N;069-29-49.200W;34.39
9936;47-59-52.440N;069-29-48.840W;34.22
9937;47-59-52.440N;069-29-48.480W;34.28
9938;47-59-52.440N;069-29-48.120W;34.1
9939;47-59-52.440N;069-29-47.760W;34.04
9940;47-59-52.440N;069-29-47.400W;33.78
9941;47-59-52.440N;069-29-47.040W;33.73
9942;47-59-52.440N;069-29-46.680W;33.38
9943;47-59-52.440N;069-29-46.320W;33.31
9944;47-59-52.440N;069-29-45.960W;33.22
9945;47-59-52.440N;069-29-45.600W;33.06
9946;47-59-52.440N;069-29-45.240W;32.95
9947;47-59-52.440N;069-29-44.880W;32.89
9948;47-59-52.440N;069-29-44.520W;32.66
9949;47-59-52.440N;069-29-44.160W;32.54
9950;47-59-52.440N;069-29-43.800W;32.29
9951;47-59-52.440N;069-29-43.440W;32.19
9952;47-59-52.440N;069-29-43.080W;31.96
9953;47-59-52.440N;069-29-42.720W;31.59
9954;47-59-52.440N;069-29-42.360W;31.44
9955;47-59-52.440N;069-29-42.000W;31.28
9956;47-59-52.440N;069-29-41.640W;30.95
9957;47-59-52.440N;069-29-41.280W;30.88
9958;47-59-52.440N;069-29-40.920W;30.55
9959;47-59-52.440N;069-29-40.560W;30.42
9960;47-59-52.440N;069-29-40.200W;30.04
9961;47-59-52.440N;069-29-39.840W;29.92
9962;47-59-52.440N;069-29-39.480W;29.76
9963;47-59-52.440N;069-29-39.120W;29.69
9964;47-59-52.440N;069-29-38.760W;29.45
9965;47-59-52.440N;069-29-38.400W;29.33
9966;47-59-52.440N;069-29-38.040W;29.34
9967;47-59-52.440N;069-29-37.680W;29.01
9968;47-59-52.440N;069-29-37.320W;28.76
9969;47-59-52.440N;069-29-36.960W;28.48
9970;47-59-52.440N;069-29-36.600W;28.28
9971;47-59-52.440N;069-29-36.240W;27.65
9972;47-59-52.440N;069-29-35.880W;27.36
9973;47-59-52.440N;069-29-35.520W;26.78
9974;47-59-52.440N;069-29-35.160W;26.49
9975;47-59-52.440N;069-29-34.800W;26.17
9976;47-59-52.440N;069-29-34.440W;26.08
9977;47-59-52.440N;069-29-34.080W;25.94
9978;47-59-52.440N;069-29-33.720W;25.85
9979;47-59-52.440N;069-29-33.360W;25.7
9980;47-59-52.440N;069-29-33.000W;25.63
9981;47-59-52.440N;069-29-32.640W;25.47
9982;47-59-52.440N;069-29-32.280W;25.56
9983;47-59-52.440N;069-29-31.920W;25.21
9984;47-59-52.440N;069-29-31.560W;25.18
9985;47-59-52.440N;069-29-31.200W;25.0
9986;47-59-52.440N;069-29-30.840W;24.83
9987;47-59-52.440N;069-29-30.480W;24.65
9988;47-59-52.440N;069-29-30.120W;24.63
9989;47-59-52.440N;069-29-29.760W;24.57
9990;47-59-52.440N;069-29-29.400W;24.49
9991;47-59-52.440N;069-29-29.040W;24.48
9992;47-59-52.440N;069-29-28.680W;24.44
9993;47-59-52.440N;069-29-28.320W;24.44
9994;47-59-52.440N;069-29-27.960W;24.36
9995;47-59-52.440N;069-29-27.600W;24.36
9996;47-59-52.440N;069-29-27.240W;24.29
9997;47-59-52.440N;069-29-26.880W;24.3
9998;47-59-52.440N;069-29-26.520W;24.23
9999;47-59-52.440N;069-29-26.160W;24.22
10000;47-59-52.440N;069-29-25.800W;24.21
10001;47-59-52.440N;069-29-25.440W;24.14
10002;47-59-52.440N;069-29-25.080W;23.96
10003;47-59-52.440N;069-29-24.720W;23.9
10004;47-59-52.440N;069-29-24.360W;23.71
10005;47-59-52.440N;069-29-24.000W;23.6
10006;47-59-52.440N;069-29-23.640W;23.54
10007;47-59-52.440N;069-29-23.280W;23.38
10008;47-59-52.440N;069-29-22.920W;23.21
10009;47-59-52.440N;069-29-22.560W;23.17
10010;47-59-52.440N;069-29-22.200W;22.98
10011;47-59-52.440N;069-29-21.840W;22.88
10012;47-59-52.440N;069-29-21.480W;22.71
10013;47-59-52.440N;069-29-21.120W;22.67
10014;47-59-52.440N;069-29-20.760W;22.55
10015;47-59-52.440N;069-29-20.400W;22.4
10016;47-59-52.440N;069-29-20.040W;22.33
10017;47-59-52.440N;069-29-19.680W;22.3
10018;47-59-52.440N;069-29-19.320W;22.14
10019;47-59-52.440N;069-29-18.960W;21.98
10020;47-59-52.440N;069-29-18.600W;21.86
10021;47-59-52.440N;069-29-18.240W;21.63
10022;47-59-52.440N;069-29-17.880W;21.38
10023;47-59-52.440N;069-29-17.520W;21.21
10024;47-59-52.440N;069-29-17.160W;21.08
10025;47-59-52.440N;069-29-16.800W;21.04
10026;47-59-52.440N;069-29-16.440W;20.94
10027;47-59-52.440N;069-29-16.080W;20.96
10028;47-59-52.440N;069-29-15.720W;20.73
10029;47-59-52.440N;069-29-15.360W;20.6
10030;47-59-52.440N;069-29-15.000W;20.36
10031;47-59-52.440N;069-29-14.640W;20.07
10032;47-59-52.440N;069-29-14.280W;19.83
10033;47-59-52.440N;069-29-13.920W;19.69
10034;47-59-52.440N;069-29-13.560W;19.36
10035;47-59-52.440N;069-29-13.200W;19.06
10036;47-59-52.440N;069-29-12.840W;18.86
10037;47-59-52.440N;069-29-12.480W;18.53
10038;47-59-52.440N;069-29-12.120W;18.28
10039;47-59-52.440N;069-29-11.760W;17.87
10040;47-59-52.440N;069-29-11.400W;17.49
10041;47-59-52.440N;069-29-11.040W;17.12
10042;47-59-52.440N;069-29-10.680W;16.87
10043;47-59-52.440N;069-29-10.320W;16.5
10044;47-59-52.440N;069-29-09.960W;16.26
10045;47-59-52.440N;069-29-09.600W;16.13
10046;47-59-52.440N;069-29-09.240W;15.73
10047;47-59-52.440N;069-29-08.880W;15.7
10048;47-59-52.440N;069-29-08.520W;15.78
10049;47-59-52.440N;069-29-08.160W;15.73
10050;47-59-52.440N;069-29-07.800W;15.62
10051;47-59-52.440N;069-29-07.440W;15.47
10052;47-59-52.440N;069-29-07.080W;15.15
10053;47-59-52.440N;069-29-06.720W;14.95
10054;47-59-52.440N;069-29-06.360W;14.69
10055;47-59-52.440N;069-29-06.000W;14.38
10056;47-59-52.440N;069-29-05.640W;14.01
10057;47-59-52.440N;069-29-05.280W;13.69
10058;47-59-52.440N;069-29-04.920W;13.13
10059;47-59-52.440N;069-29-04.560W;12.69
10060;47-59-52.440N;069-29-04.200W;12.23
10061;47-59-52.440N;069-29-03.840W;11.69
10062;47-59-52.440N;069-29-03.480W;11.32
10063;47-59-52.440N;069-29-03.120W;10.84
10064;47-59-52.440N;069-29-02.760W;10.31
10065;47-59-52.440N;069-29-02.400W;9.63
10066;47-59-52.440N;069-29-02.040W;9.19
10067;47-59-52.440N;069-29-01.680W;9.11
10068;47-59-52.546N;069-27-56.299W;-2.1
10069;47-59-52.800N;069-29-59.640W;39.77
10070;47-59-52.800N;069-29-59.280W;39.51
10071;47-59-52.800N;069-29-58.920W;39.4
10072;47-59-52.800N;069-29-58.560W;39.37
10073;47-59-52.800N;069-29-58.200W;39.23
10074;47-59-52.800N;069-29-57.840W;38.96
10075;47-59-52.800N;069-29-57.480W;38.77
10076;47-59-52.800N;069-29-57.120W;38.69
10077;47-59-52.800N;069-29-56.760W;38.19
10078;47-59-52.800N;069-29-56.400W;37.86
10079;47-59-52.800N;069-29-56.040W;37.49
10080;47-59-52.800N;069-29-55.680W;37.21
10081;47-59-52.800N;069-29-55.320W;37.08
10082;47-59-52.800N;069-29-54.960W;37.02
10083;47-59-52.800N;069-29-54.600W;36.67
10084;47-59-52.800N;069-29-54.240W;36.48
10085;47-59-52.800N;069-29-53.880W;36.24
10086;47-59-52.800N;069-29-53.520W;36.17
10087;47-59-52.800N;069-29-53.160W;35.83
10088;47-59-52.800N;069-29-52.800W;35.77
10089;47-59-52.800N;069-29-52.440W;35.6
10090;47-59-52.800N;069-29-52.080W;35.49
10091;47-59-52.800N;069-29-51.720W;35.39
10092;47-59-52.800N;069-29-51.360W;35.23
10093;47-59-52.800N;069-29-51.000W;35.04
10094;47-59-52.800N;069-29-50.640W;34.92
10095;47-59-52.800N;069-29-50.280W;34.83
10096;47-59-52.800N;069-29-49.920W;34.76
10097;47-59-52.800N;069-29-49.560W;34.55
10098;47-59-52.800N;069-29-49.200W;34.53
10099;47-59-52.800N;069-29-48.840W;34.41
10100;47-59-52.800N;069-29-48.480W;34.41
10101;47-59-52.800N;069-29-48.120W;34.34
10102;47-59-52.800N;069-29-47.760W;34.32
10103;47-59-52.800N;069-29-47.400W;34.04
10104;47-59-52.800N;069-29-47.040W;33.95
10105;47-59-52.800N;069-29-46.680W;33.71
10106;47-59-52.800N;069-29-46.320W;33.67
10107;47-59-52.800N;069-29-45.960W;33.47
10108;47-59-52.800N;069-29-45.600W;33.37
10109;47-59-52.800N;069-29-45.240W;33.12
10110;47-59-52.800N;069-29-44.880W;33.08
10111;47-59-52.800N;069-29-44.520W;32.93
10112;47-59-52.800N;069-29-44.160W;32.78
10113;47-59-52.800N;069-29-43.800W;32.5
10114;47-59-52.800N;069-29-43.440W;32.44
10115;47-59-52.800N;069-29-43.080W;32.25
10116;47-59-52.800N;069-29-42.720W;32.09
10117;47-59-52.800N;069-29-42.360W;31.52
10118;47-59-52.800N;069-29-42.000W;31.59
10119;47-59-52.800N;069-29-41.640W;31.24
10120;47-59-52.800N;069-29-41.280W;31.17
10121;47-59-52.800N;069-29-40.920W;30.85
10122;47-59-52.800N;069-29-40.560W;30.66
10123;47-59-52.800N;069-29-40.200W;30.42
10124;47-59-52.800N;069-29-39.840W;30.27
10125;47-59-52.800N;069-29-39.480W;30.09
10126;47-59-52.800N;069-29-39.120W;30.03
10127;47-59-52.800N;069-29-38.760W;29.76
10128;47-59-52.800N;069-29-38.400W;29.57
10129;47-59-52.800N;069-29-38.040W;29.47
10130;47-59-52.800N;069-29-37.680W;29.29
10131;47-59-52.800N;069-29-37.320W;29.09
10132;47-59-52.800N;069-29-36.960W;28.77
10133;47-59-52.800N;069-29-36.600W;28.54
10134;47-59-52.800N;069-29-36.240W;27.98
10135;47-59-52.800N;069-29-35.880W;27.66
10136;47-59-52.800N;069-29-35.520W;26.95
10137;47-59-52.800N;069-29-35.160W;26.65
10138;47-59-52.800N;069-29-34.800W;26.4
10139;47-59-52.800N;069-29-34.440W;26.19
10140;47-59-52.800N;069-29-34.080W;26.06
10141;47-59-52.800N;069-29-33.720W;26.0
10142;47-59-52.800N;069-29-33.360W;25.83
10143;47-59-52.800N;069-29-33.000W;25.82
10144;47-59-52.800N;069-29-32.640W;25.72
10145;47-59-52.800N;069-29-32.280W;25.57
10146;47-59-52.800N;069-29-31.920W;25.49
10147;47-59-52.800N;069-29-31.560W;25.52
10148;47-59-52.800N;069-29-31.200W;25.29
10149;47-59-52.800N;069-29-30.840W;25.16
10150;47-59-52.800N;069-29-30.480W;25.02
10151;47-59-52.800N;069-29-30.120W;24.92
10152;47-59-52.800N;069-29-29.760W;24.8
10153;47-59-52.800N;069-29-29.400W;24.76
10154;47-59-52.800N;069-29-29.040W;24.67
10155;47-59-52.800N;069-29-28.680W;24.71
10156;47-59-52.800N;069-29-28.320W;24.65
10157;47-59-52.800N;069-29-27.960W;24.62
10158;47-59-52.800N;069-29-27.600W;24.55
10159;47-59-52.800N;069-29-27.240W;24.57
10160;47-59-52.800N;069-29-26.880W;24.53
10161;47-59-52.800N;069-29-26.520W;24.43
10162;47-59-52.800N;069-29-26.160W;24.51
10163;47-59-52.800N;069-29-25.800W;24.45
10164;47-59-52.800N;069-29-25.440W;24.35
10165;47-59-52.800N;069-29-25.080W;24.28
10166;47-59-52.800N;069-29-24.720W;24.29
10167;47-59-52.800N;069-29-24.360W;24.16
10168;47-59-52.800N;069-29-24.000W;24.0
10169;47-59-52.800N;069-29-23.640W;23.79
10170;47-59-52.800N;069-29-23.280W;23.67
10171;47-59-52.800N;069-29-22.920W;23.44
10172;47-59-52.800N;069-29-22.560W;23.34
10173;47-59-52.800N;069-29-22.200W;23.19
10174;47-59-52.800N;069-29-21.840W;23.2
10175;47-59-52.800N;069-29-21.480W;23.02
10176;47-59-52.800N;069-29-21.120W;22.87
10177;47-59-52.800N;069-29-20.760W;22.71
10178;47-59-52.800N;069-29-20.400W;22.63
10179;47-59-52.800N;069-29-20.040W;22.51
10180;47-59-52.800N;069-29-19.680W;22.37
10181;47-59-52.800N;069-29-19.320W;22.36
10182;47-59-52.800N;069-29-18.960W;22.21
10183;47-59-52.800N;069-29-18.600W;21.98
10184;47-59-52.800N;069-29-18.240W;21.88
10185;47-59-52.800N;069-29-17.880W;21.72
10186;47-59-52.800N;069-29-17.520W;21.39
10187;47-59-52.800N;069-29-17.160W;21.35
10188;47-59-52.800N;069-29-16.800W;21.32
10189;47-59-52.800N;069-29-16.440W;21.19
10190;47-59-52.800N;069-29-16.080W;21.15
10191;47-59-52.800N;069-29-15.720W;21.06
10192;47-59-52.800N;069-29-15.360W;20.94
10193;47-59-52.800N;069-29-15.000W;20.63
10194;47-59-52.800N;069-29-14.640W;20.46
10195;47-59-52.800N;069-29-14.280W;20.19
10196;47-59-52.800N;069-29-13.920W;20.06
10197;47-59-52.800N;069-29-13.560W;19.74
10198;47-59-52.800N;069-29-13.200W;19.31
10199;47-59-52.800N;069-29-12.840W;19.01
10200;47-59-52.800N;069-29-12.480W;18.8
10201;47-59-52.800N;069-29-12.120W;18.52
10202;47-59-52.800N;069-29-11.760W;18.14
10203;47-59-52.800N;069-29-11.400W;17.83
10204;47-59-52.800N;069-29-11.040W;17.53
10205;47-59-52.800N;069-29-10.680W;17.28
10206;47-59-52.800N;069-29-10.320W;17.09
10207;47-59-52.800N;069-29-09.960W;16.78
10208;47-59-52.800N;069-29-09.600W;16.54
10209;47-59-52.800N;069-29-09.240W;16.27
10210;47-59-52.800N;069-29-08.880W;16.08
10211;47-59-52.800N;069-29-08.520W;15.94
10212;47-59-52.800N;069-29-08.160W;15.98
10213;47-59-52.800N;069-29-07.800W;15.9
10214;47-59-52.800N;069-29-07.440W;15.8
10215;47-59-52.800N;069-29-07.080W;15.66
10216;47-59-52.800N;069-29-06.720W;15.39
10217;47-59-52.800N;069-29-06.360W;15.06
10218;47-59-52.800N;069-29-06.000W;14.79
10219;47-59-52.800N;069-29-05.640W;14.55
10220;47-59-52.800N;069-29-05.280W;14.25
10221;47-59-52.800N;069-29-04.920W;13.84
10222;47-59-52.800N;069-29-04.560W;13.43
10223;47-59-52.800N;069-29-04.200W;12.98
10224;47-59-52.800N;069-29-03.840W;12.47
10225;47-59-52.800N;069-29-03.480W;12.06
10226;47-59-52.800N;069-29-03.120W;11.54
10227;47-59-52.800N;069-29-02.760W;11.03
10228;47-59-52.800N;069-29-02.400W;10.51
10229;47-59-52.800N;069-29-02.040W;9.73
10230;47-59-52.800N;069-29-01.680W;9.1
10231;47-59-52.800N;069-29-01.320W;9.07
10232;47-59-52.817N;069-28-08.473W;-2.1
10233;47-59-52.633N;069-27-35.714W;-2.1
10234;47-59-53.160N;069-29-59.640W;40.16
10235;47-59-53.160N;069-29-59.280W;40.01
10236;47-59-53.160N;069-29-58.920W;39.92
10237;47-59-53.160N;069-29-58.560W;39.81
10238;47-59-53.160N;069-29-58.200W;39.54
10239;47-59-53.160N;069-29-57.840W;39.44
10240;47-59-53.160N;069-29-57.480W;39.19
10241;47-59-53.160N;069-29-57.120W;39.01
10242;47-59-53.160N;069-29-56.760W;38.56
10243;47-59-53.160N;069-29-56.400W;38.33
10244;47-59-53.160N;069-29-56.040W;37.85
10245;47-59-53.160N;069-29-55.680W;37.48
10246;47-59-53.160N;069-29-55.320W;37.46
10247;47-59-53.160N;069-29-54.960W;37.29
10248;47-59-53.160N;069-29-54.600W;36.96
10249;47-59-53.160N;069-29-54.240W;36.85
10250;47-59-53.160N;069-29-53.880W;36.52
10251;47-59-53.160N;069-29-53.520W;36.38
10252;47-59-53.160N;069-29-53.160W;36.1
10253;47-59-53.160N;069-29-52.800W;35.92
10254;47-59-53.160N;069-29-52.440W;35.74
10255;47-59-53.160N;069-29-52.080W;35.63
10256;47-59-53.160N;069-29-51.720W;35.41
10257;47-59-53.160N;069-29-51.360W;35.4
10258;47-59-53.160N;069-29-51.000W;35.12
10259;47-59-53.160N;069-29-50.640W;35.04
10260;47-59-53.160N;069-29-50.280W;34.97
10261;47-59-53.160N;069-29-49.920W;34.97
10262;47-59-53.160N;069-29-49.560W;34.76
10263;47-59-53.160N;069-29-49.200W;34.76
10264;47-59-53.160N;069-29-48.840W;34.69
10265;47-59-53.160N;069-29-48.480W;34.6
10266;47-59-53.160N;069-29-48.120W;34.44
10267;47-59-53.160N;069-29-47.760W;34.42
10268;47-59-53.160N;069-29-47.400W;34.23
10269;47-59-53.160N;069-29-47.040W;34.02
10270;47-59-53.160N;069-29-46.680W;33.87
10271;47-59-53.160N;069-29-46.320W;33.8
10272;47-59-53.160N;069-29-45.960W;33.55
10273;47-59-53.160N;069-29-45.600W;33.49
10274;47-59-53.160N;069-29-45.240W;33.32
10275;47-59-53.160N;069-29-44.880W;33.27
10276;47-59-53.160N;069-29-44.520W;32.98
10277;47-59-53.160N;069-29-44.160W;32.99
10278;47-59-53.160N;069-29-43.800W;32.83
10279;47-59-53.160N;069-29-43.440W;32.66
10280;47-59-53.160N;069-29-43.080W;32.55
10281;47-59-53.160N;069-29-42.720W;32.4
10282;47-59-53.160N;069-29-42.360W;32.09
10283;47-59-53.160N;069-29-42.000W;31.91
10284;47-59-53.160N;069-29-41.640W;31.68
10285;47-59-53.160N;069-29-41.280W;31.33
10286;47-59-53.160N;069-29-40.920W;31.15
10287;47-59-53.160N;069-29-40.560W;30.93
10288;47-59-53.160N;069-29-40.200W;30.75
10289;47-59-53.160N;069-29-39.840W;30.64
10290;47-59-53.160N;069-29-39.480W;30.48
10291;47-59-53.160N;069-29-39.120W;30.34
10292;47-59-53.160N;069-29-38.760W;30.04
10293;47-59-53.160N;069-29-38.400W;29.89
10294;47-59-53.160N;069-29-38.040W;29.54
10295;47-59-53.160N;069-29-37.680W;29.36
10296;47-59-53.160N;069-29-37.320W;28.99
10297;47-59-53.160N;069-29-36.960W;28.92
10298;47-59-53.160N;069-29-36.600W;28.73
10299;47-59-53.160N;069-29-36.240W;28.18
10300;47-59-53.160N;069-29-35.880W;27.81
10301;47-59-53.160N;069-29-35.520W;27.23
10302;47-59-53.160N;069-29-35.160W;26.84
10303;47-59-53.160N;069-29-34.800W;26.46
10304;47-59-53.160N;069-29-34.440W;26.33
10305;47-59-53.160N;069-29-34.080W;26.19
10306;47-59-53.160N;069-29-33.720W;26.05
10307;47-59-53.160N;069-29-33.360W;25.86
10308;47-59-53.160N;069-29-33.000W;25.86
10309;47-59-53.160N;069-29-32.640W;25.76
10310;47-59-53.160N;069-29-32.280W;25.78
10311;47-59-53.160N;069-29-31.920W;25.64
10312;47-59-53.160N;069-29-31.560W;25.68
10313;47-59-53.160N;069-29-31.200W;25.59
10314;47-59-53.160N;069-29-30.840W;25.57
10315;47-59-53.160N;069-29-30.480W;25.27
10316;47-59-53.160N;069-29-30.120W;25.27
10317;47-59-53.160N;069-29-29.760W;25.14
10318;47-59-53.160N;069-29-29.400W;25.04
10319;47-59-53.160N;069-29-29.040W;24.98
10320;47-59-53.160N;069-29-28.680W;24.98
10321;47-59-53.160N;069-29-28.320W;24.89
10322;47-59-53.160N;069-29-27.960W;24.86
10323;47-59-53.160N;069-29-27.600W;24.8
10324;47-59-53.160N;069-29-27.240W;24.88
10325;47-59-53.160N;069-29-26.880W;24.81
10326;47-59-53.160N;069-29-26.520W;24.86
10327;47-59-53.160N;069-29-26.160W;24.77
10328;47-59-53.160N;069-29-25.800W;24.74
10329;47-59-53.160N;069-29-25.440W;24.66
10330;47-59-53.160N;069-29-25.080W;24.65
10331;47-59-53.160N;069-29-24.720W;24.48
10332;47-59-53.160N;069-29-24.360W;24.47
10333;47-59-53.160N;069-29-24.000W;24.37
10334;47-59-53.160N;069-29-23.640W;24.03
10335;47-59-53.160N;069-29-23.280W;23.83
10336;47-59-53.160N;069-29-22.920W;23.87
10337;47-59-53.160N;069-29-22.560W;23.67
10338;47-59-53.160N;069-29-22.200W;23.47
10339;47-59-53.160N;069-29-21.840W;23.45
10340;47-59-53.160N;069-29-21.480W;23.28
10341;47-59-53.160N;069-29-21.120W;23.06
10342;47-59-53.160N;069-29-20.760W;22.95
10343;47-59-53.160N;069-29-20.400W;22.87
10344;47-59-53.160N;069-29-20.040W;22.77
10345;47-59-53.160N;069-29-19.680W;22.53
10346;47-59-53.160N;069-29-19.320W;22.35
10347;47-59-53.160N;069-29-18.960W;22.39
10348;47-59-53.160N;069-29-18.600W;22.32
10349;47-59-53.160N;069-29-18.240W;22.13
10350;47-59-53.160N;069-29-17.880W;22.01
10351;47-59-53.160N;069-29-17.520W;21.95
10352;47-59-53.160N;069-29-17.160W;21.79
10353;47-59-53.160N;069-29-16.800W;21.66
10354;47-59-53.160N;069-29-16.440W;21.37
10355;47-59-53.160N;069-29-16.080W;21.37
10356;47-59-53.160N;069-29-15.720W;21.3
10357;47-59-53.160N;069-29-15.360W;21.13
10358;47-59-53.160N;069-29-15.000W;20.95
10359;47-59-53.160N;069-29-14.640W;20.8
10360;47-59-53.160N;069-29-14.280W;20.46
10361;47-59-53.160N;069-29-13.920W;20.32
10362;47-59-53.160N;069-29-13.560W;20.0
10363;47-59-53.160N;069-29-13.200W;19.77
10364;47-59-53.160N;069-29-12.840W;19.29
10365;47-59-53.160N;069-29-12.480W;18.95
10366;47-59-53.160N;069-29-12.120W;18.75
10367;47-59-53.160N;069-29-11.760W;18.45
10368;47-59-53.160N;069-29-11.400W;18.17
10369;47-59-53.160N;069-29-11.040W;17.96
10370;47-59-53.160N;069-29-10.680W;17.8
10371;47-59-53.160N;069-29-10.320W;17.51
10372;47-59-53.160N;069-29-09.960W;17.3
10373;47-59-53.160N;069-29-09.600W;17.1
10374;47-59-53.160N;069-29-09.240W;16.87
10375;47-59-53.160N;069-29-08.880W;16.64
10376;47-59-53.160N;069-29-08.520W;16.33
10377;47-59-53.160N;069-29-08.160W;16.04
10378;47-59-53.160N;069-29-07.800W;16.1
10379;47-59-53.160N;069-29-07.440W;16.1
10380;47-59-53.160N;069-29-07.080W;15.95
10381;47-59-53.160N;069-29-06.720W;15.78
10382;47-59-53.160N;069-29-06.360W;15.53
10383;47-59-53.160N;069-29-06.000W;15.23
10384;47-59-53.160N;069-29-05.640W;15.04
10385;47-59-53.160N;069-29-05.280W;14.78
10386;47-59-53.160N;069-29-04.920W;14.42
10387;47-59-53.160N;069-29-04.560W;13.94
10388;47-59-53.160N;069-29-04.200W;13.73
10389;47-59-53.160N;069-29-03.840W;13.2
10390;47-59-53.160N;069-29-03.480W;12.78
10391;47-59-53.160N;069-29-03.120W;12.23
10392;47-59-53.160N;069-29-02.760W;11.75
10393;47-59-53.160N;069-29-02.400W;11.25
10394;47-59-53.160N;069-29-02.040W;10.46
10395;47-59-53.160N;069-29-01.680W;9.64
10396;47-59-53.160N;069-29-01.320W;9.01
10397;47-59-53.160N;069-29-00.960W;9.0
10398;47-59-53.520N;069-29-59.640W;40.54
10399;47-59-53.520N;069-29-59.280W;40.43
10400;47-59-53.520N;069-29-58.920W;40.21
10401;47-59-53.520N;069-29-58.560W;40.14
10402;47-59-53.520N;069-29-58.200W;39.89
10403;47-59-53.520N;069-29-57.840W;39.81
10404;47-59-53.520N;069-29-57.480W;39.44
10405;47-59-53.520N;069-29-57.120W;39.22
10406;47-59-53.520N;069-29-56.760W;38.89
10407;47-59-53.520N;069-29-56.400W;38.66
10408;47-59-53.520N;069-29-56.040W;38.0
10409;47-59-53.520N;069-29-55.680W;37.96
10410;47-59-53.520N;069-29-55.320W;37.59
10411;47-59-53.520N;069-29-54.960W;37.44
10412;47-59-53.520N;069-29-54.600W;37.22
10413;47-59-53.520N;069-29-54.240W;36.99
10414;47-59-53.520N;069-29-53.880W;36.54
10415;47-59-53.520N;069-29-53.520W;36.52
10416;47-59-53.520N;069-29-53.160W;36.38
10417;47-59-53.520N;069-29-52.800W;36.4
10418;47-59-53.520N;069-29-52.440W;36.03
10419;47-59-53.520N;069-29-52.080W;35.87
10420;47-59-53.520N;069-29-51.720W;35.76
10421;47-59-53.520N;069-29-51.360W;35.56
10422;47-59-53.520N;069-29-51.000W;35.35
10423;47-59-53.520N;069-29-50.640W;35.29
10424;47-59-53.520N;069-29-50.280W;35.18
10425;47-59-53.520N;069-29-49.920W;35.22
10426;47-59-53.520N;069-29-49.560W;35.0
10427;47-59-53.520N;069-29-49.200W;34.87
10428;47-59-53.520N;069-29-48.840W;34.73
10429;47-59-53.520N;069-29-48.480W;34.78
10430;47-59-53.520N;069-29-48.120W;34.69
10431;47-59-53.520N;069-29-47.760W;34.65
10432;47-59-53.520N;069-29-47.400W;34.44
10433;47-59-53.520N;069-29-47.040W;34.41
10434;47-59-53.520N;069-29-46.680W;34.17
10435;47-59-53.520N;069-29-46.320W;34.14
10436;47-59-53.520N;069-29-45.960W;33.84
10437;47-59-53.520N;069-29-45.600W;33.76
10438;47-59-53.520N;069-29-45.240W;33.53
10439;47-59-53.520N;069-29-44.880W;33.35
10440;47-59-53.520N;069-29-44.520W;33.26
10441;47-59-53.520N;069-29-44.160W;33.15
10442;47-59-53.520N;069-29-43.800W;32.97
10443;47-59-53.520N;069-29-43.440W;32.86
10444;47-59-53.520N;069-29-43.080W;32.8
10445;47-59-53.520N;069-29-42.720W;32.54
10446;47-59-53.520N;069-29-42.360W;32.37
10447;47-59-53.520N;069-29-42.000W;32.19
10448;47-59-53.520N;069-29-41.640W;32.01
10449;47-59-53.520N;069-29-41.280W;31.65
10450;47-59-53.520N;069-29-40.920W;31.46
10451;47-59-53.520N;069-29-40.560W;31.27
10452;47-59-53.520N;069-29-40.200W;31.02
10453;47-59-53.520N;069-29-39.840W;31.01
10454;47-59-53.520N;069-29-39.480W;30.73
10455;47-59-53.520N;069-29-39.120W;30.62
10456;47-59-53.520N;069-29-38.760W;30.28
10457;47-59-53.520N;069-29-38.400W;30.07
10458;47-59-53.520N;069-29-38.040W;29.88
10459;47-59-53.520N;069-29-37.680W;29.66
10460;47-59-53.520N;069-29-37.320W;29.29
10461;47-59-53.520N;069-29-36.960W;29.18
10462;47-59-53.520N;069-29-36.600W;28.9
10463;47-59-53.520N;069-29-36.240W;28.48
10464;47-59-53.520N;069-29-35.880W;28.17
10465;47-59-53.520N;069-29-35.520W;27.54
10466;47-59-53.520N;069-29-35.160W;27.19
10467;47-59-53.520N;069-29-34.800W;26.67
10468;47-59-53.520N;069-29-34.440W;26.56
10469;47-59-53.520N;069-29-34.080W;26.43
10470;47-59-53.520N;069-29-33.720W;26.24
10471;47-59-53.520N;069-29-33.360W;26.09
10472;47-59-53.520N;069-29-33.000W;25.99
10473;47-59-53.520N;069-29-32.640W;25.89
10474;47-59-53.520N;069-29-32.280W;25.82
10475;47-59-53.520N;069-29-31.920W;25.83
10476;47-59-53.520N;069-29-31.560W;25.81
10477;47-59-53.520N;069-29-31.200W;25.75
10478;47-59-53.520N;069-29-30.840W;25.89
10479;47-59-53.520N;069-29-30.480W;25.7
10480;47-59-53.520N;069-29-30.120W;25.71
10481;47-59-53.520N;069-29-29.760W;25.54
10482;47-59-53.520N;069-29-29.400W;25.42
10483;47-59-53.520N;069-29-29.040W;25.25
10484;47-59-53.520N;069-29-28.680W;25.24
10485;47-59-53.520N;069-29-28.320W;25.13
10486;47-59-53.520N;069-29-27.960W;25.14
10487;47-59-53.520N;069-29-27.600W;25.1
10488;47-59-53.520N;069-29-27.240W;25.1
10489;47-59-53.520N;069-29-26.880W;25.13
10490;47-59-53.520N;069-29-26.520W;25.1
10491;47-59-53.520N;069-29-26.160W;25.11
10492;47-59-53.520N;069-29-25.800W;25.06
10493;47-59-53.520N;069-29-25.440W;24.92
10494;47-59-53.520N;069-29-25.080W;24.9
10495;47-59-53.520N;069-29-24.720W;24.82
10496;47-59-53.520N;069-29-24.360W;24.74
10497;47-59-53.520N;069-29-24.000W;24.54
10498;47-59-53.520N;069-29-23.640W;24.45
10499;47-59-53.520N;069-29-23.280W;24.26
10500;47-59-53.520N;069-29-22.920W;24.05
10501;47-59-53.520N;069-29-22.560W;24.05
10502;47-59-53.520N;069-29-22.200W;23.87
10503;47-59-53.520N;069-29-21.840W;23.68
10504;47-59-53.520N;069-29-21.480W;23.42
10505;47-59-53.520N;069-29-21.120W;23.38
10506;47-59-53.520N;069-29-20.760W;23.13
10507;47-59-53.520N;069-29-20.400W;23.03
10508;47-59-53.520N;069-29-20.040W;22.89
10509;47-59-53.520N;069-29-19.680W;22.83
10510;47-59-53.520N;069-29-19.320W;22.64
10511;47-59-53.520N;069-29-18.960W;22.47
10512;47-59-53.520N;069-29-18.600W;22.44
10513;47-59-53.520N;069-29-18.240W;22.39
10514;47-59-53.520N;069-29-17.880W;22.27
10515;47-59-53.520N;069-29-17.520W;22.19
10516;47-59-53.520N;069-29-17.160W;22.05
10517;47-59-53.520N;069-29-16.800W;21.89
10518;47-59-53.520N;069-29-16.440W;21.76
10519;47-59-53.520N;069-29-16.080W;21.65
10520;47-59-53.520N;069-29-15.720W;21.47
10521;47-59-53.520N;069-29-15.360W;21.35
10522;47-59-53.520N;069-29-15.000W;21.26
10523;47-59-53.520N;069-29-14.640W;21.09
10524;47-59-53.520N;069-29-14.280W;20.86
10525;47-59-53.520N;069-29-13.920W;20.69
10526;47-59-53.520N;069-29-13.560W;20.19
10527;47-59-53.520N;069-29-13.200W;20.04
10528;47-59-53.520N;069-29-12.840W;19.68
10529;47-59-53.520N;069-29-12.480W;19.16
10530;47-59-53.520N;069-29-12.120W;18.97
10531;47-59-53.520N;069-29-11.760W;18.67
10532;47-59-53.520N;069-29-11.400W;18.52
10533;47-59-53.520N;069-29-11.040W;18.31
10534;47-59-53.520N;069-29-10.680W;18.16
10535;47-59-53.520N;069-29-10.320W;17.95
10536;47-59-53.520N;069-29-09.960W;17.7
10537;47-59-53.520N;069-29-09.600W;17.56
10538;47-59-53.520N;069-29-09.240W;17.3
10539;47-59-53.520N;069-29-08.880W;17.04
10540;47-59-53.520N;069-29-08.520W;16.8
10541;47-59-53.520N;069-29-08.160W;16.64
10542;47-59-53.520N;069-29-07.800W;16.21
10543;47-59-53.520N;069-29-07.440W;16.11
10544;47-59-53.520N;069-29-07.080W;16.17
10545;47-59-53.520N;069-29-06.720W;16.03
10546;47-59-53.520N;069-29-06.360W;15.86
10547;47-59-53.520N;069-29-06.000W;15.66
10548;47-59-53.520N;069-29-05.640W;15.38
10549;47-59-53.520N;069-29-05.280W;15.1
10550;47-59-53.520N;069-29-04.920W;14.81
10551;47-59-53.520N;069-29-04.560W;14.55
10552;47-59-53.520N;069-29-04.200W;14.26
10553;47-59-53.520N;069-29-03.840W;13.92
10554;47-59-53.520N;069-29-03.480W;13.43
10555;47-59-53.520N;069-29-03.120W;12.99
10556;47-59-53.520N;069-29-02.760W;12.55
10557;47-59-53.520N;069-29-02.400W;12.03
10558;47-59-53.520N;069-29-02.040W;11.36
10559;47-59-53.520N;069-29-01.680W;10.65
10560;47-59-53.520N;069-29-01.320W;9.64
10561;47-59-53.520N;069-29-00.960W;9.06
10562;47-59-53.520N;069-29-00.600W;9.09
10563;47-59-53.520N;069-29-00.240W;9.23
10564;47-59-53.341N;069-27-29.767W;-1.5
10565;47-59-53.489N;069-27-21.783W;-1.2
10566;47-59-53.473N;069-27-13.860W;-0.9
10567;47-59-53.490N;069-26-57.158W;3.96
10568;47-59-53.880N;069-29-59.640W;40.83
10569;47-59-53.880N;069-29-59.280W;40.72
10570;47-59-53.880N;069-29-58.920W;40.38
10571;47-59-53.880N;069-29-58.560W;40.41
10572;47-59-53.880N;069-29-58.200W;40.16
10573;47-59-53.880N;069-29-57.840W;40.07
10574;47-59-53.880N;069-29-57.480W;39.81
10575;47-59-53.880N;069-29-57.120W;39.53
10576;47-59-53.880N;069-29-56.760W;39.16
10577;47-59-53.880N;069-29-56.400W;38.85
10578;47-59-53.880N;069-29-56.040W;38.72
10579;47-59-53.880N;069-29-55.680W;38.44
10580;47-59-53.880N;069-29-55.320W;37.78
10581;47-59-53.880N;069-29-54.960W;37.64
10582;47-59-53.880N;069-29-54.600W;37.48
10583;47-59-53.880N;069-29-54.240W;37.48
10584;47-59-53.880N;069-29-53.880W;37.01
10585;47-59-53.880N;069-29-53.520W;36.81
10586;47-59-53.880N;069-29-53.160W;36.54
10587;47-59-53.880N;069-29-52.800W;36.4
10588;47-59-53.880N;069-29-52.440W;36.4
10589;47-59-53.880N;069-29-52.080W;36.26
10590;47-59-53.880N;069-29-51.720W;36.1
10591;47-59-53.880N;069-29-51.360W;36.0
10592;47-59-53.880N;069-29-51.000W;35.84
10593;47-59-53.880N;069-29-50.640W;35.74
10594;47-59-53.880N;069-29-50.280W;35.6
10595;47-59-53.880N;069-29-49.920W;35.49
10596;47-59-53.880N;069-29-49.560W;35.25
10597;47-59-53.880N;069-29-49.200W;35.1
10598;47-59-53.880N;069-29-48.840W;34.99
10599;47-59-53.880N;069-29-48.480W;34.96
10600;47-59-53.880N;069-29-48.120W;34.89
10601;47-59-53.880N;069-29-47.760W;34.86
10602;47-59-53.880N;069-29-47.400W;34.41
10603;47-59-53.880N;069-29-47.040W;34.35
10604;47-59-53.880N;069-29-46.680W;34.3
10605;47-59-53.880N;069-29-46.320W;34.3
10606;47-59-53.880N;069-29-45.960W;34.12
10607;47-59-53.880N;069-29-45.600W;33.94
10608;47-59-53.880N;069-29-45.240W;33.6
10609;47-59-53.880N;069-29-44.880W;33.4
10610;47-59-53.880N;069-29-44.520W;33.41
10611;47-59-53.880N;069-29-44.160W;33.34
10612;47-59-53.880N;069-29-43.800W;33.1
10613;47-59-53.880N;069-29-43.440W;32.97
10614;47-59-53.880N;069-29-43.080W;32.82
10615;47-59-53.880N;069-29-42.720W;32.67
10616;47-59-53.880N;069-29-42.360W;32.47
10617;47-59-53.880N;069-29-42.000W;32.26
10618;47-59-53.880N;069-29-41.640W;32.09
10619;47-59-53.880N;069-29-41.280W;31.91
10620;47-59-53.880N;069-29-40.920W;31.82
10621;47-59-53.880N;069-29-40.560W;31.68
10622;47-59-53.880N;069-29-40.200W;31.39
10623;47-59-53.880N;069-29-39.840W;31.31
10624;47-59-53.880N;069-29-39.480W;31.04
10625;47-59-53.880N;069-29-39.120W;30.93
10626;47-59-53.880N;069-29-38.760W;30.68
10627;47-59-53.880N;069-29-38.400W;30.41
10628;47-59-53.880N;069-29-38.040W;30.01
10629;47-59-53.880N;069-29-37.680W;29.87
10630;47-59-53.880N;069-29-37.320W;29.56
10631;47-59-53.880N;069-29-36.960W;29.37
10632;47-59-53.880N;069-29-36.600W;29.08
10633;47-59-53.880N;069-29-36.240W;28.75
10634;47-59-53.880N;069-29-35.880W;28.39
10635;47-59-53.880N;069-29-35.520W;27.81
10636;47-59-53.880N;069-29-35.160W;27.4
10637;47-59-53.880N;069-29-34.800W;26.82
10638;47-59-53.880N;069-29-34.440W;26.65
10639;47-59-53.880N;069-29-34.080W;26.56
10640;47-59-53.880N;069-29-33.720W;26.55
10641;47-59-53.880N;069-29-33.360W;26.39
10642;47-59-53.880N;069-29-33.000W;26.35
10643;47-59-53.880N;069-29-32.640W;26.22
10644;47-59-53.880N;069-29-32.280W;26.17
10645;47-59-53.880N;069-29-31.920W;26.15
10646;47-59-53.880N;069-29-31.560W;26.15
10647;47-59-53.880N;069-29-31.200W;26.08
10648;47-59-53.880N;069-29-30.840W;25.95
10649;47-59-53.880N;069-29-30.480W;25.97
10650;47-59-53.880N;069-29-30.120W;26.05
10651;47-59-53.880N;069-29-29.760W;25.87
10652;47-59-53.880N;069-29-29.400W;25.75
10653;47-59-53.880N;069-29-29.040W;25.73
10654;47-59-53.880N;069-29-28.680W;25.5
10655;47-59-53.880N;069-29-28.320W;25.37
10656;47-59-53.880N;069-29-27.960W;25.3
10657;47-59-53.880N;069-29-27.600W;25.23
10658;47-59-53.880N;069-29-27.240W;25.22
10659;47-59-53.880N;069-29-26.880W;25.24
10660;47-59-53.880N;069-29-26.520W;25.1
10661;47-59-53.880N;069-29-26.160W;25.31
10662;47-59-53.880N;069-29-25.800W;25.25
10663;47-59-53.880N;069-29-25.440W;25.17
10664;47-59-53.880N;069-29-25.080W;25.02
10665;47-59-53.880N;069-29-24.720W;24.92
10666;47-59-53.880N;069-29-24.360W;24.91
10667;47-59-53.880N;069-29-24.000W;24.7
10668;47-59-53.880N;069-29-23.640W;24.66
10669;47-59-53.880N;069-29-23.280W;24.45
10670;47-59-53.880N;069-29-22.920W;24.32
10671;47-59-53.880N;069-29-22.560W;24.2
10672;47-59-53.880N;069-29-22.200W;24.06
10673;47-59-53.880N;069-29-21.840W;23.94
10674;47-59-53.880N;069-29-21.480W;23.72
10675;47-59-53.880N;069-29-21.120W;23.56
10676;47-59-53.880N;069-29-20.760W;23.42
10677;47-59-53.880N;069-29-20.400W;23.32
10678;47-59-53.880N;069-29-20.040W;23.16
10679;47-59-53.880N;069-29-19.680W;23.07
10680;47-59-53.880N;069-29-19.320W;22.93
10681;47-59-53.880N;069-29-18.960W;22.84
10682;47-59-53.880N;069-29-18.600W;22.63
10683;47-59-53.880N;069-29-18.240W;22.52
10684;47-59-53.880N;069-29-17.880W;22.37
10685;47-59-53.880N;069-29-17.520W;22.4
10686;47-59-53.880N;069-29-17.160W;22.21
10687;47-59-53.880N;069-29-16.800W;22.13
10688;47-59-53.880N;069-29-16.440W;22.03
10689;47-59-53.880N;069-29-16.080W;21.91
10690;47-59-53.880N;069-29-15.720W;21.59
10691;47-59-53.880N;069-29-15.360W;21.6
10692;47-59-53.880N;069-29-15.000W;21.48
10693;47-59-53.880N;069-29-14.640W;21.41
10694;47-59-53.880N;069-29-14.280W;21.15
10695;47-59-53.880N;069-29-13.920W;20.99
10696;47-59-53.880N;069-29-13.560W;20.64
10697;47-59-53.880N;069-29-13.200W;20.39
10698;47-59-53.880N;069-29-12.840W;20.2
10699;47-59-53.880N;069-29-12.480W;19.74
10700;47-59-53.880N;069-29-12.120W;19.09
10701;47-59-53.880N;069-29-11.760W;18.94
10702;47-59-53.880N;069-29-11.400W;18.72
10703;47-59-53.880N;069-29-11.040W;18.65
10704;47-59-53.880N;069-29-10.680W;18.49
10705;47-59-53.880N;069-29-10.320W;18.34
10706;47-59-53.880N;069-29-09.960W;18.19
10707;47-59-53.880N;069-29-09.600W;17.97
10708;47-59-53.880N;069-29-09.240W;17.81
10709;47-59-53.880N;069-29-08.880W;17.57
10710;47-59-53.880N;069-29-08.520W;17.24
10711;47-59-53.880N;069-29-08.160W;16.98
10712;47-59-53.880N;069-29-07.800W;16.71
10713;47-59-53.880N;069-29-07.440W;16.46
10714;47-59-53.880N;069-29-07.080W;16.11
10715;47-59-53.880N;069-29-06.720W;16.19
10716;47-59-53.880N;069-29-06.360W;16.1
10717;47-59-53.880N;069-29-06.000W;15.92
10718;47-59-53.880N;069-29-05.640W;15.74
10719;47-59-53.880N;069-29-05.280W;15.47
10720;47-59-53.880N;069-29-04.920W;15.24
10721;47-59-53.880N;069-29-04.560W;14.99
10722;47-59-53.880N;069-29-04.200W;14.69
10723;47-59-53.880N;069-29-03.840W;14.4
10724;47-59-53.880N;069-29-03.480W;14.0
10725;47-59-53.880N;069-29-03.120W;13.58
10726;47-59-53.880N;069-29-02.760W;13.13
10727;47-59-53.880N;069-29-02.400W;12.63
10728;47-59-53.880N;069-29-02.040W;12.09
10729;47-59-53.880N;069-29-01.680W;11.59
10730;47-59-53.880N;069-29-01.320W;10.83
10731;47-59-53.880N;069-29-00.960W;10.12
10732;47-59-53.880N;069-29-00.600W;9.35
10733;47-59-53.880N;069-29-00.240W;9.19
10734;47-59-53.880N;069-28-59.880W;9.27
10735;47-59-53.787N;069-27-50.421W;-2.1
10736;47-59-54.240N;069-29-59.640W;41.24
10737;47-59-54.240N;069-29-59.280W;41.18
10738;47-59-54.240N;069-29-58.920W;40.85
10739;47-59-54.240N;069-29-58.560W;40.74
10740;47-59-54.240N;069-29-58.200W;40.49
10741;47-59-54.240N;069-29-57.840W;40.28
10742;47-59-54.240N;069-29-57.480W;39.99
10743;47-59-54.240N;069-29-57.120W;39.9
10744;47-59-54.240N;069-29-56.760W;39.7
10745;47-59-54.240N;069-29-56.400W;39.51
10746;47-59-54.240N;069-29-56.040W;39.08
10747;47-59-54.240N;069-29-55.680W;38.84
10748;47-59-54.240N;069-29-55.320W;38.6
10749;47-59-54.240N;069-29-54.960W;38.3
10750;47-59-54.240N;069-29-54.600W;38.01
10751;47-59-54.240N;069-29-54.240W;37.75
10752;47-59-54.240N;069-29-53.880W;37.28
10753;47-59-54.240N;069-29-53.520W;37.2
10754;47-59-54.240N;069-29-53.160W;36.97
10755;47-59-54.240N;069-29-52.800W;36.86
10756;47-59-54.240N;069-29-52.440W;36.7
10757;47-59-54.240N;069-29-52.080W;36.62
10758;47-59-54.240N;069-29-51.720W;36.24
10759;47-59-54.240N;069-29-51.360W;36.22
10760;47-59-54.240N;069-29-51.000W;36.28
10761;47-59-54.240N;069-29-50.640W;36.24
10762;47-59-54.240N;069-29-50.280W;35.97
10763;47-59-54.240N;069-29-49.920W;35.8
10764;47-59-54.240N;069-29-49.560W;35.4
10765;47-59-54.240N;069-29-49.200W;35.36
10766;47-59-54.240N;069-29-48.840W;35.25
10767;47-59-54.240N;069-29-48.480W;35.12
10768;47-59-54.240N;069-29-48.120W;35.01
10769;47-59-54.240N;069-29-47.760W;34.97
10770;47-59-54.240N;069-29-47.400W;34.64
10771;47-59-54.240N;069-29-47.040W;34.55
10772;47-59-54.240N;069-29-46.680W;34.33
10773;47-59-54.240N;069-29-46.320W;34.52
10774;47-59-54.240N;069-29-45.960W;34.25
10775;47-59-54.240N;069-29-45.600W;34.17
10776;47-59-54.240N;069-29-45.240W;33.77
10777;47-59-54.240N;069-29-44.880W;33.72
10778;47-59-54.240N;069-29-44.520W;33.5
10779;47-59-54.240N;069-29-44.160W;33.46
10780;47-59-54.240N;069-29-43.800W;33.26
10781;47-59-54.240N;069-29-43.440W;33.15
10782;47-59-54.240N;069-29-43.080W;32.95
10783;47-59-54.240N;069-29-42.720W;32.92
10784;47-59-54.240N;069-29-42.360W;32.7
10785;47-59-54.240N;069-29-42.000W;32.58
10786;47-59-54.240N;069-29-41.640W;32.26
10787;47-59-54.240N;069-29-41.280W;32.2
10788;47-59-54.240N;069-29-40.920W;32.03
10789;47-59-54.240N;069-29-40.560W;31.9
10790;47-59-54.240N;069-29-40.200W;31.65
10791;47-59-54.240N;069-29-39.840W;31.51
10792;47-59-54.240N;069-29-39.480W;31.08
10793;47-59-54.240N;069-29-39.120W;31.11
10794;47-59-54.240N;069-29-38.760W;30.87
10795;47-59-54.240N;069-29-38.400W;30.65
10796;47-59-54.240N;069-29-38.040W;30.37
10797;47-59-54.240N;069-29-37.680W;30.21
10798;47-59-54.240N;069-29-37.320W;29.94
10799;47-59-54.240N;069-29-36.960W;29.67
10800;47-59-54.240N;069-29-36.600W;29.27
10801;47-59-54.240N;069-29-36.240W;29.0
10802;47-59-54.240N;069-29-35.880W;28.41
10803;47-59-54.240N;069-29-35.520W;28.06
10804;47-59-54.240N;069-29-35.160W;27.59
10805;47-59-54.240N;069-29-34.800W;27.0
10806;47-59-54.240N;069-29-34.440W;26.8
10807;47-59-54.240N;069-29-34.080W;26.69
10808;47-59-54.240N;069-29-33.720W;26.61
10809;47-59-54.240N;069-29-33.360W;26.53
10810;47-59-54.240N;069-29-33.000W;26.44
10811;47-59-54.240N;069-29-32.640W;26.35
10812;47-59-54.240N;069-29-32.280W;26.33
10813;47-59-54.240N;069-29-31.920W;26.27
10814;47-59-54.240N;069-29-31.560W;26.27
10815;47-59-54.240N;069-29-31.200W;26.23
10816;47-59-54.240N;069-29-30.840W;26.18
10817;47-59-54.240N;069-29-30.480W;26.12
10818;47-59-54.240N;069-29-30.120W;26.03
10819;47-59-54.240N;069-29-29.760W;26.16
10820;47-59-54.240N;069-29-29.400W;26.0
10821;47-59-54.240N;069-29-29.040W;25.92
10822;47-59-54.240N;069-29-28.680W;25.8
10823;47-59-54.240N;069-29-28.320W;25.63
10824;47-59-54.240N;069-29-27.960W;25.55
10825;47-59-54.240N;069-29-27.600W;25.51
10826;47-59-54.240N;069-29-27.240W;25.45
10827;47-59-54.240N;069-29-26.880W;25.45
10828;47-59-54.240N;069-29-26.520W;25.44
10829;47-59-54.240N;069-29-26.160W;25.45
10830;47-59-54.240N;069-29-25.800W;25.44
10831;47-59-54.240N;069-29-25.440W;25.35
10832;47-59-54.240N;069-29-25.080W;25.32
10833;47-59-54.240N;069-29-24.720W;25.14
10834;47-59-54.240N;069-29-24.360W;25.07
10835;47-59-54.240N;069-29-24.000W;25.06
10836;47-59-54.240N;069-29-23.640W;24.97
10837;47-59-54.240N;069-29-23.280W;24.75
10838;47-59-54.240N;069-29-22.920W;24.66
10839;47-59-54.240N;069-29-22.560W;24.57
10840;47-59-54.240N;069-29-22.200W;24.47
10841;47-59-54.240N;069-29-21.840W;24.26
10842;47-59-54.240N;069-29-21.480W;24.07
10843;47-59-54.240N;069-29-21.120W;23.92
10844;47-59-54.240N;069-29-20.760W;23.72
10845;47-59-54.240N;069-29-20.400W;23.6
10846;47-59-54.240N;069-29-20.040W;23.44
10847;47-59-54.240N;069-29-19.680W;23.25
10848;47-59-54.240N;069-29-19.320W;23.18
10849;47-59-54.240N;069-29-18.960W;23.05
10850;47-59-54.240N;069-29-18.600W;22.88
10851;47-59-54.240N;069-29-18.240W;22.71
10852;47-59-54.240N;069-29-17.880W;22.64
10853;47-59-54.240N;069-29-17.520W;22.59
10854;47-59-54.240N;069-29-17.160W;22.46
10855;47-59-54.240N;069-29-16.800W;22.3
10856;47-59-54.240N;069-29-16.440W;22.24
10857;47-59-54.240N;069-29-16.080W;22.15
10858;47-59-54.240N;069-29-15.720W;21.88
10859;47-59-54.240N;069-29-15.360W;21.8
10860;47-59-54.240N;069-29-15.000W;21.71
10861;47-59-54.240N;069-29-14.640W;21.62
10862;47-59-54.240N;069-29-14.280W;21.51
10863;47-59-54.240N;069-29-13.920W;21.4
10864;47-59-54.240N;069-29-13.560W;21.15
10865;47-59-54.240N;069-29-13.200W;21.04
10866;47-59-54.240N;069-29-12.840W;20.55
10867;47-59-54.240N;069-29-12.480W;20.13
10868;47-59-54.240N;069-29-12.120W;19.48
10869;47-59-54.240N;069-29-11.760W;19.09
10870;47-59-54.240N;069-29-11.400W;18.98
10871;47-59-54.240N;069-29-11.040W;18.92
10872;47-59-54.240N;069-29-10.680W;18.85
10873;47-59-54.240N;069-29-10.320W;18.71
10874;47-59-54.240N;069-29-09.960W;18.54
10875;47-59-54.240N;069-29-09.600W;18.36
10876;47-59-54.240N;069-29-09.240W;18.27
10877;47-59-54.240N;069-29-08.880W;17.97
10878;47-59-54.240N;069-29-08.520W;17.75
10879;47-59-54.240N;069-29-08.160W;17.39
10880;47-59-54.240N;069-29-07.800W;17.11
10881;47-59-54.240N;069-29-07.440W;16.78
10882;47-59-54.240N;069-29-07.080W;16.58
10883;47-59-54.240N;069-29-06.720W;16.37
10884;47-59-54.240N;069-29-06.360W;16.25
10885;47-59-54.240N;069-29-06.000W;16.22
10886;47-59-54.240N;069-29-05.640W;16.07
10887;47-59-54.240N;069-29-05.280W;15.88
10888;47-59-54.240N;069-29-04.920W;15.63
10889;47-59-54.240N;069-29-04.560W;15.35
10890;47-59-54.240N;069-29-04.200W;15.09
10891;47-59-54.240N;069-29-03.840W;14.78
10892;47-59-54.240N;069-29-03.480W;14.49
10893;47-59-54.240N;069-29-03.120W;14.09
10894;47-59-54.240N;069-29-02.760W;13.64
10895;47-59-54.240N;069-29-02.400W;13.2
10896;47-59-54.240N;069-29-02.040W;12.77
10897;47-59-54.240N;069-29-01.680W;12.26
10898;47-59-54.240N;069-29-01.320W;11.8
10899;47-59-54.240N;069-29-00.960W;11.19
10900;47-59-54.240N;069-29-00.600W;10.52
10901;47-59-54.240N;069-29-00.240W;9.64
10902;47-59-54.240N;069-28-59.880W;9.33
10903;47-59-54.240N;069-28-59.520W;9.4
10904;47-59-54.070N;069-28-11.323W;-2.4
10905;47-59-54.396N;069-27-41.398W;-2.1
10906;47-59-54.600N;069-29-59.640W;41.73
10907;47-59-54.600N;069-29-59.280W;41.53
10908;47-59-54.600N;069-29-58.920W;41.35
10909;47-59-54.600N;069-29-58.560W;41.28
10910;47-59-54.600N;069-29-58.200W;40.97
10911;47-59-54.600N;069-29-57.840W;40.9
10912;47-59-54.600N;069-29-57.480W;40.54
10913;47-59-54.600N;069-29-57.120W;40.44
10914;47-59-54.600N;069-29-56.760W;40.16
10915;47-59-54.600N;069-29-56.400W;39.91
10916;47-59-54.600N;069-29-56.040W;39.59
10917;47-59-54.600N;069-29-55.680W;39.43
10918;47-59-54.600N;069-29-55.320W;39.12
10919;47-59-54.600N;069-29-54.960W;38.81
10920;47-59-54.600N;069-29-54.600W;38.38
10921;47-59-54.600N;069-29-54.240W;38.04
10922;47-59-54.600N;069-29-53.880W;37.76
10923;47-59-54.600N;069-29-53.520W;37.61
10924;47-59-54.600N;069-29-53.160W;36.9
10925;47-59-54.600N;069-29-52.800W;37.22
10926;47-59-54.600N;069-29-52.440W;36.98
10927;47-59-54.600N;069-29-52.080W;36.88
10928;47-59-54.600N;069-29-51.720W;36.77
10929;47-59-54.600N;069-29-51.360W;36.63
10930;47-59-54.600N;069-29-51.000W;36.6
10931;47-59-54.600N;069-29-50.640W;36.51
10932;47-59-54.600N;069-29-50.280W;36.29
10933;47-59-54.600N;069-29-49.920W;36.21
10934;47-59-54.600N;069-29-49.560W;35.91
10935;47-59-54.600N;069-29-49.200W;35.76
10936;47-59-54.600N;069-29-48.840W;35.49
10937;47-59-54.600N;069-29-48.480W;35.4
10938;47-59-54.600N;069-29-48.120W;35.24
10939;47-59-54.600N;069-29-47.760W;35.05
10940;47-59-54.600N;069-29-47.400W;34.94
10941;47-59-54.600N;069-29-47.040W;34.73
10942;47-59-54.600N;069-29-46.680W;34.65
10943;47-59-54.600N;069-29-46.320W;34.45
10944;47-59-54.600N;069-29-45.960W;34.45
10945;47-59-54.600N;069-29-45.600W;34.24
10946;47-59-54.600N;069-29-45.240W;33.94
10947;47-59-54.600N;069-29-44.880W;33.9
10948;47-59-54.600N;069-29-44.520W;33.75
10949;47-59-54.600N;069-29-44.160W;33.59
10950;47-59-54.600N;069-29-43.800W;33.44
10951;47-59-54.600N;069-29-43.440W;33.38
10952;47-59-54.600N;069-29-43.080W;33.17
10953;47-59-54.600N;069-29-42.720W;33.1
10954;47-59-54.600N;069-29-42.360W;32.93
10955;47-59-54.600N;069-29-42.000W;32.85
10956;47-59-54.600N;069-29-41.640W;32.57
10957;47-59-54.600N;069-29-41.280W;32.35
10958;47-59-54.600N;069-29-40.920W;32.24
10959;47-59-54.600N;069-29-40.560W;32.12
10960;47-59-54.600N;069-29-40.200W;31.82
10961;47-59-54.600N;069-29-39.840W;31.6
10962;47-59-54.600N;069-29-39.480W;31.31
10963;47-59-54.600N;069-29-39.120W;31.22
10964;47-59-54.600N;069-29-38.760W;30.92
10965;47-59-54.600N;069-29-38.400W;30.86
10966;47-59-54.600N;069-29-38.040W;30.58
10967;47-59-54.600N;069-29-37.680W;30.45
10968;47-59-54.600N;069-29-37.320W;30.09
10969;47-59-54.600N;069-29-36.960W;29.84
10970;47-59-54.600N;069-29-36.600W;29.56
10971;47-59-54.600N;069-29-36.240W;29.22
10972;47-59-54.600N;069-29-35.880W;28.77
10973;47-59-54.600N;069-29-35.520W;28.19
10974;47-59-54.600N;069-29-35.160W;27.78
10975;47-59-54.600N;069-29-34.800W;27.24
10976;47-59-54.600N;069-29-34.440W;26.98
10977;47-59-54.600N;069-29-34.080W;26.83
10978;47-59-54.600N;069-29-33.720W;26.67
10979;47-59-54.600N;069-29-33.360W;26.62
10980;47-59-54.600N;069-29-33.000W;26.5
10981;47-59-54.600N;069-29-32.640W;26.54
10982;47-59-54.600N;069-29-32.280W;26.43
10983;47-59-54.600N;069-29-31.920W;26.4
10984;47-59-54.600N;069-29-31.560W;26.48
10985;47-59-54.600N;069-29-31.200W;26.28
10986;47-59-54.600N;069-29-30.840W;26.38
10987;47-59-54.600N;069-29-30.480W;26.36
10988;47-59-54.600N;069-29-30.120W;26.42
10989;47-59-54.600N;069-29-29.760W;26.24
10990;47-59-54.600N;069-29-29.400W;26.25
10991;47-59-54.600N;069-29-29.040W;26.09
10992;47-59-54.600N;069-29-28.680W;26.08
10993;47-59-54.600N;069-29-28.320W;25.94
10994;47-59-54.600N;069-29-27.960W;25.97
10995;47-59-54.600N;069-29-27.600W;25.75
10996;47-59-54.600N;069-29-27.240W;25.7
10997;47-59-54.600N;069-29-26.880W;25.69
10998;47-59-54.600N;069-29-26.520W;25.66
10999;47-59-54.600N;069-29-26.160W;25.66
11000;47-59-54.600N;069-29-25.800W;25.55
11001;47-59-54.600N;069-29-25.440W;25.47
11002;47-59-54.600N;069-29-25.080W;25.45
11003;47-59-54.600N;069-29-24.720W;25.46
11004;47-59-54.600N;069-29-24.360W;25.37
11005;47-59-54.600N;069-29-24.000W;25.3
11006;47-59-54.600N;069-29-23.640W;25.2
11007;47-59-54.600N;069-29-23.280W;25.13
11008;47-59-54.600N;069-29-22.920W;25.0
11009;47-59-54.600N;069-29-22.560W;24.99
11010;47-59-54.600N;069-29-22.200W;24.8
11011;47-59-54.600N;069-29-21.840W;24.59
11012;47-59-54.600N;069-29-21.480W;24.37
11013;47-59-54.600N;069-29-21.120W;24.22
11014;47-59-54.600N;069-29-20.760W;23.99
11015;47-59-54.600N;069-29-20.400W;23.76
11016;47-59-54.600N;069-29-20.040W;23.62
11017;47-59-54.600N;069-29-19.680W;23.6
11018;47-59-54.600N;069-29-19.320W;23.32
11019;47-59-54.600N;069-29-18.960W;23.21
11020;47-59-54.600N;069-29-18.600W;23.06
11021;47-59-54.600N;069-29-18.240W;22.91
11022;47-59-54.600N;069-29-17.880W;22.77
11023;47-59-54.600N;069-29-17.520W;22.75
11024;47-59-54.600N;069-29-17.160W;22.66
11025;47-59-54.600N;069-29-16.800W;22.6
11026;47-59-54.600N;069-29-16.440W;22.38
11027;47-59-54.600N;069-29-16.080W;22.31
11028;47-59-54.600N;069-29-15.720W;22.21
11029;47-59-54.600N;069-29-15.360W;22.02
11030;47-59-54.600N;069-29-15.000W;21.81
11031;47-59-54.600N;069-29-14.640W;21.74
11032;47-59-54.600N;069-29-14.280W;21.62
11033;47-59-54.600N;069-29-13.920W;21.59
11034;47-59-54.600N;069-29-13.560W;21.39
11035;47-59-54.600N;069-29-13.200W;21.27
11036;47-59-54.600N;069-29-12.840W;21.01
11037;47-59-54.600N;069-29-12.480W;20.55
11038;47-59-54.600N;069-29-12.120W;19.85
11039;47-59-54.600N;069-29-11.760W;19.83
11040;47-59-54.600N;069-29-11.400W;19.34
11041;47-59-54.600N;069-29-11.040W;19.28
11042;47-59-54.600N;069-29-10.680W;19.12
11043;47-59-54.600N;069-29-10.320W;19.05
11044;47-59-54.600N;069-29-09.960W;18.93
11045;47-59-54.600N;069-29-09.600W;18.8
11046;47-59-54.600N;069-29-09.240W;18.64
11047;47-59-54.600N;069-29-08.880W;18.37
11048;47-59-54.600N;069-29-08.520W;18.14
11049;47-59-54.600N;069-29-08.160W;17.86
11050;47-59-54.600N;069-29-07.800W;17.5
11051;47-59-54.600N;069-29-07.440W;17.18
11052;47-59-54.600N;069-29-07.080W;16.93
11053;47-59-54.600N;069-29-06.720W;16.71
11054;47-59-54.600N;069-29-06.360W;16.31
11055;47-59-54.600N;069-29-06.000W;16.28
11056;47-59-54.600N;069-29-05.640W;16.34
11057;47-59-54.600N;069-29-05.280W;16.14
11058;47-59-54.600N;069-29-04.920W;15.93
11059;47-59-54.600N;069-29-04.560W;15.76
11060;47-59-54.600N;069-29-04.200W;15.45
11061;47-59-54.600N;069-29-03.840W;15.22
11062;47-59-54.600N;069-29-03.480W;14.92
11063;47-59-54.600N;069-29-03.120W;14.65
11064;47-59-54.600N;069-29-02.760W;14.23
11065;47-59-54.600N;069-29-02.400W;13.82
11066;47-59-54.600N;069-29-02.040W;13.37
11067;47-59-54.600N;069-29-01.680W;12.92
11068;47-59-54.600N;069-29-01.320W;12.46
11069;47-59-54.600N;069-29-00.960W;11.92
11070;47-59-54.600N;069-29-00.600W;11.4
11071;47-59-54.600N;069-29-00.240W;10.69
11072;47-59-54.600N;069-28-59.880W;9.81
11073;47-59-54.600N;069-28-59.520W;9.42
11074;47-59-54.600N;069-28-59.160W;9.49
11075;47-59-54.960N;069-29-59.640W;42.02
11076;47-59-54.960N;069-29-59.280W;41.9
11077;47-59-54.960N;069-29-58.920W;41.59
11078;47-59-54.960N;069-29-58.560W;41.43
11079;47-59-54.960N;069-29-58.200W;41.33
11080;47-59-54.960N;069-29-57.840W;41.11
11081;47-59-54.960N;069-29-57.480W;40.8
11082;47-59-54.960N;069-29-57.120W;40.66
11083;47-59-54.960N;069-29-56.760W;40.36
11084;47-59-54.960N;069-29-56.400W;40.26
11085;47-59-54.960N;069-29-56.040W;39.87
11086;47-59-54.960N;069-29-55.680W;39.74
11087;47-59-54.960N;069-29-55.320W;39.35
11088;47-59-54.960N;069-29-54.960W;39.2
11089;47-59-54.960N;069-29-54.600W;38.92
11090;47-59-54.960N;069-29-54.240W;38.59
11091;47-59-54.960N;069-29-53.880W;38.19
11092;47-59-54.960N;069-29-53.520W;37.89
11093;47-59-54.960N;069-29-53.160W;37.8
11094;47-59-54.960N;069-29-52.800W;37.64
11095;47-59-54.960N;069-29-52.440W;37.19
11096;47-59-54.960N;069-29-52.080W;37.21
11097;47-59-54.960N;069-29-51.720W;37.29
11098;47-59-54.960N;069-29-51.360W;37.08
11099;47-59-54.960N;069-29-51.000W;36.89
11100;47-59-54.960N;069-29-50.640W;36.7
11101;47-59-54.960N;069-29-50.280W;36.56
11102;47-59-54.960N;069-29-49.920W;36.42
11103;47-59-54.960N;069-29-49.560W;36.07
11104;47-59-54.960N;069-29-49.200W;35.96
11105;47-59-54.960N;069-29-48.840W;35.76
11106;47-59-54.960N;069-29-48.480W;35.54
11107;47-59-54.960N;069-29-48.120W;35.44
11108;47-59-54.960N;069-29-47.760W;35.25
11109;47-59-54.960N;069-29-47.400W;35.07
11110;47-59-54.960N;069-29-47.040W;34.93
11111;47-59-54.960N;069-29-46.680W;34.88
11112;47-59-54.960N;069-29-46.320W;34.85
11113;47-59-54.960N;069-29-45.960W;34.6
11114;47-59-54.960N;069-29-45.600W;34.52
11115;47-59-54.960N;069-29-45.240W;34.39
11116;47-59-54.960N;069-29-44.880W;34.25
11117;47-59-54.960N;069-29-44.520W;34.08
11118;47-59-54.960N;069-29-44.160W;33.92
11119;47-59-54.960N;069-29-43.800W;33.66
11120;47-59-54.960N;069-29-43.440W;33.6
11121;47-59-54.960N;069-29-43.080W;33.47
11122;47-59-54.960N;069-29-42.720W;33.33
11123;47-59-54.960N;069-29-42.360W;33.03
11124;47-59-54.960N;069-29-42.000W;33.04
11125;47-59-54.960N;069-29-41.640W;32.94
11126;47-59-54.960N;069-29-41.280W;32.65
11127;47-59-54.960N;069-29-40.920W;32.47
11128;47-59-54.960N;069-29-40.560W;32.34
11129;47-59-54.960N;069-29-40.200W;32.22
11130;47-59-54.960N;069-29-39.840W;31.84
11131;47-59-54.960N;069-29-39.480W;31.26
11132;47-59-54.960N;069-29-39.120W;31.19
11133;47-59-54.960N;069-29-38.760W;31.17
11134;47-59-54.960N;069-29-38.400W;31.02
11135;47-59-54.960N;069-29-38.040W;30.72
11136;47-59-54.960N;069-29-37.680W;30.52
11137;47-59-54.960N;069-29-37.320W;30.39
11138;47-59-54.960N;069-29-36.960W;30.13
11139;47-59-54.960N;069-29-36.600W;29.77
11140;47-59-54.960N;069-29-36.240W;29.47
11141;47-59-54.960N;069-29-35.880W;29.0
11142;47-59-54.960N;069-29-35.520W;28.5
11143;47-59-54.960N;069-29-35.160W;27.98
11144;47-59-54.960N;069-29-34.800W;27.45
11145;47-59-54.960N;069-29-34.440W;27.19
11146;47-59-54.960N;069-29-34.080W;26.96
11147;47-59-54.960N;069-29-33.720W;26.92
11148;47-59-54.960N;069-29-33.360W;26.88
11149;47-59-54.960N;069-29-33.000W;26.84
11150;47-59-54.960N;069-29-32.640W;26.7
11151;47-59-54.960N;069-29-32.280W;26.73
11152;47-59-54.960N;069-29-31.920W;26.54
11153;47-59-54.960N;069-29-31.560W;26.53
11154;47-59-54.960N;069-29-31.200W;26.54
11155;47-59-54.960N;069-29-30.840W;26.5
11156;47-59-54.960N;069-29-30.480W;26.5
11157;47-59-54.960N;069-29-30.120W;26.45
11158;47-59-54.960N;069-29-29.760W;26.42
11159;47-59-54.960N;069-29-29.400W;26.4
11160;47-59-54.960N;069-29-29.040W;26.35
11161;47-59-54.960N;069-29-28.680W;26.5
11162;47-59-54.960N;069-29-28.320W;26.27
11163;47-59-54.960N;069-29-27.960W;26.23
11164;47-59-54.960N;069-29-27.600W;26.14
11165;47-59-54.960N;069-29-27.240W;26.02
11166;47-59-54.960N;069-29-26.880W;25.9
11167;47-59-54.960N;069-29-26.520W;25.85
11168;47-59-54.960N;069-29-26.160W;25.82
11169;47-59-54.960N;069-29-25.800W;25.77
11170;47-59-54.960N;069-29-25.440W;25.76
11171;47-59-54.960N;069-29-25.080W;25.71
11172;47-59-54.960N;069-29-24.720W;25.65
11173;47-59-54.960N;069-29-24.360W;25.57
11174;47-59-54.960N;069-29-24.000W;25.42
11175;47-59-54.960N;069-29-23.640W;25.37
11176;47-59-54.960N;069-29-23.280W;25.22
11177;47-59-54.960N;069-29-22.920W;25.23
11178;47-59-54.960N;069-29-22.560W;25.11
11179;47-59-54.960N;069-29-22.200W;24.99
11180;47-59-54.960N;069-29-21.840W;24.85
11181;47-59-54.960N;069-29-21.480W;24.57
11182;47-59-54.960N;069-29-21.120W;24.37
11183;47-59-54.960N;069-29-20.760W;24.21
11184;47-59-54.960N;069-29-20.400W;24.09
11185;47-59-54.960N;069-29-20.040W;23.91
11186;47-59-54.960N;069-29-19.680W;23.74
11187;47-59-54.960N;069-29-19.320W;23.59
11188;47-59-54.960N;069-29-18.960W;23.5
11189;47-59-54.960N;069-29-18.600W;23.33
11190;47-59-54.960N;069-29-18.240W;23.3
11191;47-59-54.960N;069-29-17.880W;23.06
11192;47-59-54.960N;069-29-17.520W;22.86
11193;47-59-54.960N;069-29-17.160W;22.82
11194;47-59-54.960N;069-29-16.800W;22.72
11195;47-59-54.960N;069-29-16.440W;22.64
11196;47-59-54.960N;069-29-16.080W;22.52
11197;47-59-54.960N;069-29-15.720W;22.46
11198;47-59-54.960N;069-29-15.360W;22.32
11199;47-59-54.960N;069-29-15.000W;22.18
11200;47-59-54.960N;069-29-14.640W;22.13
11201;47-59-54.960N;069-29-14.280W;21.87
11202;47-59-54.960N;069-29-13.920W;21.85
11203;47-59-54.960N;069-29-13.560W;21.64
11204;47-59-54.960N;069-29-13.200W;21.55
11205;47-59-54.960N;069-29-12.840W;21.2
11206;47-59-54.960N;069-29-12.480W;21.02
11207;47-59-54.960N;069-29-12.120W;20.49
11208;47-59-54.960N;069-29-11.760W;20.23
11209;47-59-54.960N;069-29-11.400W;19.98
11210;47-59-54.960N;069-29-11.040W;19.5
11211;47-59-54.960N;069-29-10.680W;19.45
11212;47-59-54.960N;069-29-10.320W;19.36
11213;47-59-54.960N;069-29-09.960W;19.16
11214;47-59-54.960N;069-29-09.600W;19.14
11215;47-59-54.960N;069-29-09.240W;18.97
11216;47-59-54.960N;069-29-08.880W;18.74
11217;47-59-54.960N;069-29-08.520W;18.5
11218;47-59-54.960N;069-29-08.160W;18.19
11219;47-59-54.960N;069-29-07.800W;17.93
11220;47-59-54.960N;069-29-07.440W;17.63
11221;47-59-54.960N;069-29-07.080W;17.29
11222;47-59-54.960N;069-29-06.720W;17.02
11223;47-59-54.960N;069-29-06.360W;16.86
11224;47-59-54.960N;069-29-06.000W;16.37
11225;47-59-54.960N;069-29-05.640W;16.23
11226;47-59-54.960N;069-29-05.280W;16.36
11227;47-59-54.960N;069-29-04.920W;16.19
11228;47-59-54.960N;069-29-04.560W;16.1
11229;47-59-54.960N;069-29-04.200W;15.91
11230;47-59-54.960N;069-29-03.840W;15.6
11231;47-59-54.960N;069-29-03.480W;15.35
11232;47-59-54.960N;069-29-03.120W;15.02
11233;47-59-54.960N;069-29-02.760W;14.75
11234;47-59-54.960N;069-29-02.400W;14.37
11235;47-59-54.960N;069-29-02.040W;14.03
11236;47-59-54.960N;069-29-01.680W;13.43
11237;47-59-54.960N;069-29-01.320W;13.07
11238;47-59-54.960N;069-29-00.960W;12.58
11239;47-59-54.960N;069-29-00.600W;12.14
11240;47-59-54.960N;069-29-00.240W;11.67
11241;47-59-54.960N;069-28-59.880W;11.02
11242;47-59-54.960N;069-28-59.520W;10.26
11243;47-59-54.960N;069-28-59.160W;9.6
11244;47-59-54.960N;069-28-58.800W;9.63
11245;47-59-55.320N;069-29-59.640W;42.3
11246;47-59-55.320N;069-29-59.280W;42.2
11247;47-59-55.320N;069-29-58.920W;41.94
11248;47-59-55.320N;069-29-58.560W;41.74
11249;47-59-55.320N;069-29-58.200W;41.49
11250;47-59-55.320N;069-29-57.840W;41.43
11251;47-59-55.320N;069-29-57.480W;41.14
11252;47-59-55.320N;069-29-57.120W;41.05
11253;47-59-55.320N;069-29-56.760W;40.69
11254;47-59-55.320N;069-29-56.400W;40.51
11255;47-59-55.320N;069-29-56.040W;40.17
11256;47-59-55.320N;069-29-55.680W;39.95
11257;47-59-55.320N;069-29-55.320W;39.66
11258;47-59-55.320N;069-29-54.960W;39.53
11259;47-59-55.320N;069-29-54.600W;39.2
11260;47-59-55.320N;069-29-54.240W;39.05
11261;47-59-55.320N;069-29-53.880W;38.6
11262;47-59-55.320N;069-29-53.520W;38.4
11263;47-59-55.320N;069-29-53.160W;38.13
11264;47-59-55.320N;069-29-52.800W;37.87
11265;47-59-55.320N;069-29-52.440W;37.69
11266;47-59-55.320N;069-29-52.080W;37.48
11267;47-59-55.320N;069-29-51.720W;37.47
11268;47-59-55.320N;069-29-51.360W;37.31
11269;47-59-55.320N;069-29-51.000W;36.61
11270;47-59-55.320N;069-29-50.640W;36.78
11271;47-59-55.320N;069-29-50.280W;36.75
11272;47-59-55.320N;069-29-49.560W;36.41
11273;47-59-55.320N;069-29-49.200W;36.3
11274;47-59-55.320N;069-29-48.840W;35.98
11275;47-59-55.320N;069-29-48.480W;35.81
11276;47-59-55.320N;069-29-48.120W;35.57
11277;47-59-55.320N;069-29-47.760W;35.61
11278;47-59-55.320N;069-29-47.400W;35.35
11279;47-59-55.320N;069-29-47.040W;35.23
11280;47-59-55.320N;069-29-46.680W;35.09
11281;47-59-55.320N;069-29-46.320W;35.09
11282;47-59-55.320N;069-29-45.960W;34.87
11283;47-59-55.320N;069-29-45.600W;34.69
11284;47-59-55.320N;069-29-45.240W;34.65
11285;47-59-55.320N;069-29-44.880W;34.47
11286;47-59-55.320N;069-29-44.520W;34.23
11287;47-59-55.320N;069-29-44.160W;34.2
11288;47-59-55.320N;069-29-43.800W;33.98
11289;47-59-55.320N;069-29-43.440W;33.87
11290;47-59-55.320N;069-29-43.080W;33.6
11291;47-59-55.320N;069-29-42.720W;33.47
11292;47-59-55.320N;069-29-42.360W;33.39
11293;47-59-55.320N;069-29-42.000W;33.24
11294;47-59-55.320N;069-29-41.640W;33.12
11295;47-59-55.320N;069-29-41.280W;32.76
11296;47-59-55.320N;069-29-40.920W;32.72
11297;47-59-55.320N;069-29-40.560W;32.44
11298;47-59-55.320N;069-29-40.200W;32.37
11299;47-59-55.320N;069-29-39.840W;32.09
11300;47-59-55.320N;069-29-39.480W;31.94
11301;47-59-55.320N;069-29-39.120W;31.62
11302;47-59-55.320N;069-29-38.760W;31.43
11303;47-59-55.320N;069-29-38.400W;31.31
11304;47-59-55.320N;069-29-38.040W;30.96
11305;47-59-55.320N;069-29-37.680W;30.85
11306;47-59-55.320N;069-29-37.320W;30.55
11307;47-59-55.320N;069-29-36.960W;30.34
11308;47-59-55.320N;069-29-36.600W;30.05
11309;47-59-55.320N;069-29-36.240W;29.78
11310;47-59-55.320N;069-29-35.880W;29.32
11311;47-59-55.320N;069-29-35.520W;28.99
11312;47-59-55.320N;069-29-35.160W;28.29
11313;47-59-55.320N;069-29-34.800W;27.82
11314;47-59-55.320N;069-29-34.440W;27.3
11315;47-59-55.320N;069-29-34.080W;27.06
11316;47-59-55.320N;069-29-33.720W;27.03
11317;47-59-55.320N;069-29-33.360W;26.95
11318;47-59-55.320N;069-29-33.000W;26.91
11319;47-59-55.320N;069-29-32.640W;26.82
11320;47-59-55.320N;069-29-32.280W;26.79
11321;47-59-55.320N;069-29-31.920W;26.81
11322;47-59-55.320N;069-29-31.560W;26.78
11323;47-59-55.320N;069-29-31.200W;26.52
11324;47-59-55.320N;069-29-30.840W;26.62
11325;47-59-55.320N;069-29-30.480W;26.54
11326;47-59-55.320N;069-29-30.120W;26.58
11327;47-59-55.320N;069-29-29.760W;26.52
11328;47-59-55.320N;069-29-29.400W;26.51
11329;47-59-55.320N;069-29-29.040W;26.53
11330;47-59-55.320N;069-29-28.680W;26.66
11331;47-59-55.320N;069-29-28.320W;26.53
11332;47-59-55.320N;069-29-27.960W;26.47
11333;47-59-55.320N;069-29-27.600W;26.34
11334;47-59-55.320N;069-29-27.240W;26.2
11335;47-59-55.320N;069-29-26.880W;26.07
11336;47-59-55.320N;069-29-26.520W;26.04
11337;47-59-55.320N;069-29-26.160W;25.92
11338;47-59-55.320N;069-29-25.800W;25.99
11339;47-59-55.320N;069-29-25.440W;25.92
11340;47-59-55.320N;069-29-25.080W;25.81
11341;47-59-55.320N;069-29-24.720W;25.75
11342;47-59-55.320N;069-29-24.360W;25.69
11343;47-59-55.320N;069-29-24.000W;25.65
11344;47-59-55.320N;069-29-23.640W;25.54
11345;47-59-55.320N;069-29-23.280W;25.43
11346;47-59-55.320N;069-29-22.920W;25.38
11347;47-59-55.320N;069-29-22.560W;25.36
11348;47-59-55.320N;069-29-22.200W;25.17
11349;47-59-55.320N;069-29-21.840W;25.06
11350;47-59-55.320N;069-29-21.480W;24.89
11351;47-59-55.320N;069-29-21.120W;24.58
11352;47-59-55.320N;069-29-20.760W;24.47
11353;47-59-55.320N;069-29-20.400W;24.37
11354;47-59-55.320N;069-29-20.040W;24.22
11355;47-59-55.320N;069-29-19.680W;24.07
11356;47-59-55.320N;069-29-19.320W;23.76
11357;47-59-55.320N;069-29-18.960W;23.68
11358;47-59-55.320N;069-29-18.600W;23.5
11359;47-59-55.320N;069-29-18.240W;23.45
11360;47-59-55.320N;069-29-17.880W;23.27
11361;47-59-55.320N;069-29-17.520W;23.2
11362;47-59-55.320N;069-29-17.160W;23.09
11363;47-59-55.320N;069-29-16.800W;22.9
11364;47-59-55.320N;069-29-16.440W;22.84
11365;47-59-55.320N;069-29-16.080W;22.8
11366;47-59-55.320N;069-29-15.720W;22.59
11367;47-59-55.320N;069-29-15.360W;22.52
11368;47-59-55.320N;069-29-15.000W;22.5
11369;47-59-55.320N;069-29-14.640W;22.39
11370;47-59-55.320N;069-29-14.280W;22.25
11371;47-59-55.320N;069-29-13.920W;22.0
11372;47-59-55.320N;069-29-13.560W;22.01
11373;47-59-55.320N;069-29-13.200W;21.87
11374;47-59-55.320N;069-29-12.840W;21.61
11375;47-59-55.320N;069-29-12.480W;21.58
11376;47-59-55.320N;069-29-12.120W;21.17
11377;47-59-55.320N;069-29-11.760W;20.83
11378;47-59-55.320N;069-29-11.400W;20.43
11379;47-59-55.320N;069-29-11.040W;20.26
11380;47-59-55.320N;069-29-10.680W;19.95
11381;47-59-55.320N;069-29-10.320W;19.61
11382;47-59-55.320N;069-29-09.960W;19.45
11383;47-59-55.320N;069-29-09.600W;19.43
11384;47-59-55.320N;069-29-09.240W;19.29
11385;47-59-55.320N;069-29-08.880W;19.07
11386;47-59-55.320N;069-29-08.520W;18.76
11387;47-59-55.320N;069-29-08.160W;18.52
11388;47-59-55.320N;069-29-07.800W;18.2
11389;47-59-55.320N;069-29-07.440W;18.04
11390;47-59-55.320N;069-29-07.080W;17.66
11391;47-59-55.320N;069-29-06.720W;17.44
11392;47-59-55.320N;069-29-06.360W;17.17
11393;47-59-55.320N;069-29-06.000W;16.86
11394;47-59-55.320N;069-29-05.640W;16.67
11395;47-59-55.320N;069-29-05.280W;16.4
11396;47-59-55.320N;069-29-04.920W;16.43
11397;47-59-55.320N;069-29-04.560W;16.31
11398;47-59-55.320N;069-29-04.200W;16.24
11399;47-59-55.320N;069-29-03.840W;15.96
11400;47-59-55.320N;069-29-03.480W;15.74
11401;47-59-55.320N;069-29-03.120W;15.46
11402;47-59-55.320N;069-29-02.760W;15.19
11403;47-59-55.320N;069-29-02.400W;14.86
11404;47-59-55.320N;069-29-02.040W;14.45
11405;47-59-55.320N;069-29-01.680W;14.14
11406;47-59-55.320N;069-29-01.320W;13.66
11407;47-59-55.320N;069-29-00.960W;13.21
11408;47-59-55.320N;069-29-00.600W;12.76
11409;47-59-55.320N;069-29-00.240W;12.34
11410;47-59-55.320N;069-28-59.880W;11.84
11411;47-59-55.320N;069-28-59.520W;11.47
11412;47-59-55.320N;069-28-59.160W;10.62
11413;47-59-55.320N;069-28-58.800W;9.67
11414;47-59-55.320N;069-28-58.440W;9.63
11415;47-59-55.320N;069-28-58.080W;9.84
11416;47-59-55.680N;069-29-59.640W;42.58
11417;47-59-55.680N;069-29-59.280W;42.45
11418;47-59-55.680N;069-29-58.920W;42.2
11419;47-59-55.680N;069-29-58.560W;42.01
11420;47-59-55.680N;069-29-58.200W;41.76
11421;47-59-55.680N;069-29-57.840W;41.76
11422;47-59-55.680N;069-29-57.480W;41.48
11423;47-59-55.680N;069-29-57.120W;41.27
11424;47-59-55.680N;069-29-56.760W;40.93
11425;47-59-55.680N;069-29-56.400W;40.75
11426;47-59-55.680N;069-29-56.040W;40.45
11427;47-59-55.680N;069-29-55.680W;40.37
11428;47-59-55.680N;069-29-55.320W;40.08
11429;47-59-55.680N;069-29-54.960W;39.89
11430;47-59-55.680N;069-29-54.600W;39.78
11431;47-59-55.680N;069-29-54.240W;39.57
11432;47-59-55.680N;069-29-53.880W;39.11
11433;47-59-55.680N;069-29-53.520W;38.97
11434;47-59-55.680N;069-29-53.160W;38.63
11435;47-59-55.680N;069-29-52.800W;38.35
11436;47-59-55.680N;069-29-52.440W;38.05
11437;47-59-55.680N;069-29-52.080W;37.99
11438;47-59-55.680N;069-29-51.720W;37.67
11439;47-59-55.680N;069-29-51.360W;37.51
11440;47-59-55.680N;069-29-51.000W;37.38
11441;47-59-55.680N;069-29-50.640W;37.31
11442;47-59-55.680N;069-29-50.280W;36.82
11443;47-59-55.680N;069-29-49.920W;36.73
11444;47-59-55.680N;069-29-49.560W;36.7
11445;47-59-55.680N;069-29-49.200W;36.56
11446;47-59-55.680N;069-29-48.840W;36.0
11447;47-59-55.680N;069-29-48.480W;35.9
11448;47-59-55.680N;069-29-48.120W;35.72
11449;47-59-55.680N;069-29-47.760W;35.71
11450;47-59-55.680N;069-29-47.400W;35.5
11451;47-59-55.680N;069-29-47.040W;35.43
11452;47-59-55.680N;069-29-46.680W;35.31
11453;47-59-55.680N;069-29-46.320W;35.27
11454;47-59-55.680N;069-29-45.960W;35.11
11455;47-59-55.680N;069-29-45.600W;34.93
11456;47-59-55.680N;069-29-45.240W;34.77
11457;47-59-55.680N;069-29-44.880W;34.58
11458;47-59-55.680N;069-29-44.520W;34.56
11459;47-59-55.680N;069-29-44.160W;34.37
11460;47-59-55.680N;069-29-43.800W;34.32
11461;47-59-55.680N;069-29-43.440W;34.1
11462;47-59-55.680N;069-29-43.080W;33.99
11463;47-59-55.680N;069-29-42.720W;33.64
11464;47-59-55.680N;069-29-42.360W;33.59
11465;47-59-55.680N;069-29-42.000W;33.47
11466;47-59-55.680N;069-29-41.640W;33.21
11467;47-59-55.680N;069-29-41.280W;33.0
11468;47-59-55.680N;069-29-40.920W;32.93
11469;47-59-55.680N;069-29-40.560W;32.61
11470;47-59-55.680N;069-29-40.200W;32.58
11471;47-59-55.680N;069-29-39.840W;32.27
11472;47-59-55.680N;069-29-39.480W;32.13
11473;47-59-55.680N;069-29-39.120W;31.9
11474;47-59-55.680N;069-29-38.760W;31.48
11475;47-59-55.680N;069-29-38.400W;31.58
11476;47-59-55.680N;069-29-38.040W;31.14
11477;47-59-55.680N;069-29-37.680W;30.97
11478;47-59-55.680N;069-29-37.320W;30.62
11479;47-59-55.680N;069-29-36.960W;30.55
11480;47-59-55.680N;069-29-36.600W;30.27
11481;47-59-55.680N;069-29-36.240W;29.99
11482;47-59-55.680N;069-29-35.880W;29.5
11483;47-59-55.680N;069-29-35.520W;29.08
11484;47-59-55.680N;069-29-35.160W;28.49
11485;47-59-55.680N;069-29-34.800W;28.11
11486;47-59-55.680N;069-29-34.440W;27.63
11487;47-59-55.680N;069-29-34.080W;27.3
11488;47-59-55.680N;069-29-33.720W;27.07
11489;47-59-55.680N;069-29-33.360W;27.06
11490;47-59-55.680N;069-29-33.000W;27.07
11491;47-59-55.680N;069-29-32.640W;26.93
11492;47-59-55.680N;069-29-32.280W;26.95
11493;47-59-55.680N;069-29-31.920W;26.93
11494;47-59-55.680N;069-29-31.560W;26.97
11495;47-59-55.680N;069-29-31.200W;27.01
11496;47-59-55.680N;069-29-30.840W;26.93
11497;47-59-55.680N;069-29-30.480W;26.98
11498;47-59-55.680N;069-29-30.120W;26.85
11499;47-59-55.680N;069-29-29.760W;26.86
11500;47-59-55.680N;069-29-29.400W;26.87
11501;47-59-55.680N;069-29-29.040W;26.79
11502;47-59-55.680N;069-29-28.680W;26.78
11503;47-59-55.680N;069-29-28.320W;26.71
11504;47-59-55.680N;069-29-27.960W;26.69
11505;47-59-55.680N;069-29-27.600W;26.55
11506;47-59-55.680N;069-29-27.240W;26.49
11507;47-59-55.680N;069-29-26.880W;26.42
11508;47-59-55.680N;069-29-26.520W;26.31
11509;47-59-55.680N;069-29-26.160W;26.18
11510;47-59-55.680N;069-29-25.800W;26.14
11511;47-59-55.680N;069-29-25.440W;26.1
11512;47-59-55.680N;069-29-25.080W;26.01
11513;47-59-55.680N;069-29-24.720W;25.95
11514;47-59-55.680N;069-29-24.360W;25.91
11515;47-59-55.680N;069-29-24.000W;25.75
11516;47-59-55.680N;069-29-23.640W;25.71
11517;47-59-55.680N;069-29-23.280W;25.65
11518;47-59-55.680N;069-29-22.920W;25.56
11519;47-59-55.680N;069-29-22.560W;25.42
11520;47-59-55.680N;069-29-22.200W;25.41
11521;47-59-55.680N;069-29-21.840W;25.23
11522;47-59-55.680N;069-29-21.480W;25.09
11523;47-59-55.680N;069-29-21.120W;24.9
11524;47-59-55.680N;069-29-20.760W;24.7
11525;47-59-55.680N;069-29-20.400W;24.59
11526;47-59-55.680N;069-29-20.040W;24.47
11527;47-59-55.680N;069-29-19.680W;24.32
11528;47-59-55.680N;069-29-19.320W;24.14
11529;47-59-55.680N;069-29-18.960W;23.89
11530;47-59-55.680N;069-29-18.600W;23.84
11531;47-59-55.680N;069-29-18.240W;23.8
11532;47-59-55.680N;069-29-17.880W;23.57
11533;47-59-55.680N;069-29-17.520W;23.56
11534;47-59-55.680N;069-29-17.160W;23.4
11535;47-59-55.680N;069-29-16.800W;23.25
11536;47-59-55.680N;069-29-16.440W;23.04
11537;47-59-55.680N;069-29-16.080W;22.88
11538;47-59-55.680N;069-29-15.720W;22.79
11539;47-59-55.680N;069-29-15.360W;22.59
11540;47-59-55.680N;069-29-15.000W;22.62
11541;47-59-55.680N;069-29-14.640W;22.59
11542;47-59-55.680N;069-29-14.280W;22.43
11543;47-59-55.680N;069-29-13.920W;22.38
11544;47-59-55.680N;069-29-13.560W;22.3
11545;47-59-55.680N;069-29-13.200W;22.05
11546;47-59-55.680N;069-29-12.840W;21.83
11547;47-59-55.680N;069-29-12.480W;21.8
11548;47-59-55.680N;069-29-12.120W;21.32
11549;47-59-55.680N;069-29-11.760W;21.24
11550;47-59-55.680N;069-29-11.400W;20.74
11551;47-59-55.680N;069-29-11.040W;20.65
11552;47-59-55.680N;069-29-10.680W;20.32
11553;47-59-55.680N;069-29-10.320W;20.2
11554;47-59-55.680N;069-29-09.960W;19.73
11555;47-59-55.680N;069-29-09.600W;19.66
11556;47-59-55.680N;069-29-09.240W;19.51
11557;47-59-55.680N;069-29-08.880W;19.35
11558;47-59-55.680N;069-29-08.520W;19.02
11559;47-59-55.680N;069-29-08.160W;18.77
11560;47-59-55.680N;069-29-07.800W;18.54
11561;47-59-55.680N;069-29-07.440W;18.33
11562;47-59-55.680N;069-29-07.080W;18.08
11563;47-59-55.680N;069-29-06.720W;17.8
11564;47-59-55.680N;069-29-06.360W;17.55
11565;47-59-55.680N;069-29-06.000W;17.15
11566;47-59-55.680N;069-29-05.640W;16.94
11567;47-59-55.680N;069-29-05.280W;16.59
11568;47-59-55.680N;069-29-04.920W;16.21
11569;47-59-55.680N;069-29-04.560W;16.46
11570;47-59-55.680N;069-29-04.200W;16.5
11571;47-59-55.680N;069-29-03.840W;16.3
11572;47-59-55.680N;069-29-03.480W;16.13
11573;47-59-55.680N;069-29-03.120W;15.95
11574;47-59-55.680N;069-29-02.760W;15.6
11575;47-59-55.680N;069-29-02.400W;15.32
11576;47-59-55.680N;069-29-02.040W;15.01
11577;47-59-55.680N;069-29-01.680W;14.7
11578;47-59-55.680N;069-29-01.320W;14.24
11579;47-59-55.680N;069-29-00.960W;13.81
11580;47-59-55.680N;069-29-00.600W;13.4
11581;47-59-55.680N;069-29-00.240W;13.0
11582;47-59-55.680N;069-28-59.880W;12.58
11583;47-59-55.680N;069-28-59.520W;12.17
11584;47-59-55.680N;069-28-59.160W;11.76
11585;47-59-55.680N;069-28-58.800W;11.11
11586;47-59-55.680N;069-28-58.440W;9.98
11587;47-59-55.680N;069-28-58.080W;9.86
11588;47-59-55.680N;069-28-57.720W;9.85
11589;47-59-55.558N;069-27-35.213W;-1.8
11590;47-59-55.786N;069-27-27.536W;-1.2
11591;47-59-55.770N;069-27-19.550W;-1.2
11592;47-59-56.040N;069-29-59.640W;42.74
11593;47-59-56.040N;069-29-59.280W;42.62
11594;47-59-56.040N;069-29-58.920W;42.54
11595;47-59-56.040N;069-29-58.560W;42.38
11596;47-59-56.040N;069-29-58.200W;42.2
11597;47-59-56.040N;069-29-57.840W;42.15
11598;47-59-56.040N;069-29-57.480W;41.77
11599;47-59-56.040N;069-29-57.120W;41.71
11600;47-59-56.040N;069-29-56.760W;41.37
11601;47-59-56.040N;069-29-56.400W;41.21
11602;47-59-56.040N;069-29-56.040W;40.88
11603;47-59-56.040N;069-29-55.680W;40.78
11604;47-59-56.040N;069-29-55.320W;40.54
11605;47-59-56.040N;069-29-54.960W;40.33
11606;47-59-56.040N;069-29-54.600W;40.09
11607;47-59-56.040N;069-29-54.240W;39.85
11608;47-59-56.040N;069-29-53.880W;39.48
11609;47-59-56.040N;069-29-53.520W;39.24
11610;47-59-56.040N;069-29-53.160W;39.01
11611;47-59-56.040N;069-29-52.800W;38.52
11612;47-59-56.040N;069-29-52.440W;38.25
11613;47-59-56.040N;069-29-52.080W;38.29
11614;47-59-56.040N;069-29-51.720W;37.94
11615;47-59-56.040N;069-29-51.360W;37.86
11616;47-59-56.040N;069-29-51.000W;37.62
11617;47-59-56.040N;069-29-50.640W;37.46
11618;47-59-56.040N;069-29-50.280W;36.89
11619;47-59-56.040N;069-29-49.920W;37.01
11620;47-59-56.040N;069-29-49.560W;36.8
11621;47-59-56.040N;069-29-49.200W;36.67
11622;47-59-56.040N;069-29-48.840W;36.24
11623;47-59-56.040N;069-29-48.480W;35.99
11624;47-59-56.040N;069-29-48.120W;35.89
11625;47-59-56.040N;069-29-47.760W;35.73
11626;47-59-56.040N;069-29-47.400W;35.66
11627;47-59-56.040N;069-29-47.040W;35.6
11628;47-59-56.040N;069-29-46.680W;35.54
11629;47-59-56.040N;069-29-46.320W;35.42
11630;47-59-56.040N;069-29-45.960W;35.19
11631;47-59-56.040N;069-29-45.600W;35.26
11632;47-59-56.040N;069-29-45.240W;35.2
11633;47-59-56.040N;069-29-44.880W;34.89
11634;47-59-56.040N;069-29-44.520W;34.83
11635;47-59-56.040N;069-29-44.160W;34.61
11636;47-59-56.040N;069-29-43.800W;34.64
11637;47-59-56.040N;069-29-43.440W;34.36
11638;47-59-56.040N;069-29-43.080W;34.29
11639;47-59-56.040N;069-29-42.720W;33.74
11640;47-59-56.040N;069-29-42.360W;33.66
11641;47-59-56.040N;069-29-42.000W;33.54
11642;47-59-56.040N;069-29-41.640W;33.47
11643;47-59-56.040N;069-29-41.280W;33.13
11644;47-59-56.040N;069-29-40.920W;33.04
11645;47-59-56.040N;069-29-40.560W;32.91
11646;47-59-56.040N;069-29-40.200W;32.86
11647;47-59-56.040N;069-29-39.840W;32.53
11648;47-59-56.040N;069-29-39.480W;32.49
11649;47-59-56.040N;069-29-39.120W;32.2
11650;47-59-56.040N;069-29-38.760W;32.07
11651;47-59-56.040N;069-29-38.400W;31.65
11652;47-59-56.040N;069-29-38.040W;31.35
11653;47-59-56.040N;069-29-37.680W;31.24
11654;47-59-56.040N;069-29-37.320W;31.04
11655;47-59-56.040N;069-29-36.960W;30.78
11656;47-59-56.040N;069-29-36.600W;30.39
11657;47-59-56.040N;069-29-36.240W;30.22
11658;47-59-56.040N;069-29-35.880W;29.72
11659;47-59-56.040N;069-29-35.520W;29.35
11660;47-59-56.040N;069-29-35.160W;28.77
11661;47-59-56.040N;069-29-34.800W;28.43
11662;47-59-56.040N;069-29-34.440W;27.92
11663;47-59-56.040N;069-29-34.080W;27.67
11664;47-59-56.040N;069-29-33.720W;27.42
11665;47-59-56.040N;069-29-33.360W;27.28
11666;47-59-56.040N;069-29-33.000W;27.22
11667;47-59-56.040N;069-29-32.640W;27.29
11668;47-59-56.040N;069-29-32.280W;27.29
11669;47-59-56.040N;069-29-31.920W;27.18
11670;47-59-56.040N;069-29-31.560W;27.19
11671;47-59-56.040N;069-29-31.200W;27.16
11672;47-59-56.040N;069-29-30.840W;27.23
11673;47-59-56.040N;069-29-30.480W;27.12
11674;47-59-56.040N;069-29-30.120W;27.07
11675;47-59-56.040N;069-29-29.760W;26.99
11676;47-59-56.040N;069-29-29.400W;26.89
11677;47-59-56.040N;069-29-29.040W;26.96
11678;47-59-56.040N;069-29-28.680W;27.0
11679;47-59-56.040N;069-29-28.320W;26.83
11680;47-59-56.040N;069-29-27.960W;26.77
11681;47-59-56.040N;069-29-27.600W;26.92
11682;47-59-56.040N;069-29-27.240W;26.81
11683;47-59-56.040N;069-29-26.880W;26.61
11684;47-59-56.040N;069-29-26.520W;26.53
11685;47-59-56.040N;069-29-26.160W;26.46
11686;47-59-56.040N;069-29-25.800W;26.46
11687;47-59-56.040N;069-29-25.440W;26.29
11688;47-59-56.040N;069-29-25.080W;26.23
11689;47-59-56.040N;069-29-24.720W;26.18
11690;47-59-56.040N;069-29-24.360W;26.06
11691;47-59-56.040N;069-29-24.000W;25.96
11692;47-59-56.040N;069-29-23.640W;25.99
11693;47-59-56.040N;069-29-23.280W;25.8
11694;47-59-56.040N;069-29-22.920W;25.71
11695;47-59-56.040N;069-29-22.560W;25.65
11696;47-59-56.040N;069-29-22.200W;25.45
11697;47-59-56.040N;069-29-21.840W;25.38
11698;47-59-56.040N;069-29-21.480W;25.3
11699;47-59-56.040N;069-29-21.120W;25.06
11700;47-59-56.040N;069-29-20.760W;24.94
11701;47-59-56.040N;069-29-20.400W;24.77
11702;47-59-56.040N;069-29-20.040W;24.67
11703;47-59-56.040N;069-29-19.680W;24.52
11704;47-59-56.040N;069-29-19.320W;24.39
11705;47-59-56.040N;069-29-18.960W;24.27
11706;47-59-56.040N;069-29-18.600W;24.02
11707;47-59-56.040N;069-29-18.240W;23.86
11708;47-59-56.040N;069-29-17.880W;23.78
11709;47-59-56.040N;069-29-17.520W;23.61
11710;47-59-56.040N;069-29-17.160W;23.58
11711;47-59-56.040N;069-29-16.800W;23.53
11712;47-59-56.040N;069-29-16.440W;23.41
11713;47-59-56.040N;069-29-16.080W;23.27
11714;47-59-56.040N;069-29-15.720W;23.14
11715;47-59-56.040N;069-29-15.360W;23.03
11716;47-59-56.040N;069-29-15.000W;22.96
11717;47-59-56.040N;069-29-14.640W;22.95
11718;47-59-56.040N;069-29-14.280W;22.79
11719;47-59-56.040N;069-29-13.920W;22.71
11720;47-59-56.040N;069-29-13.560W;22.53
11721;47-59-56.040N;069-29-13.200W;22.35
11722;47-59-56.040N;069-29-12.840W;22.22
11723;47-59-56.040N;069-29-12.480W;22.06
11724;47-59-56.040N;069-29-12.120W;21.75
11725;47-59-56.040N;069-29-11.760W;21.47
11726;47-59-56.040N;069-29-11.400W;21.36
11727;47-59-56.040N;069-29-11.040W;21.1
11728;47-59-56.040N;069-29-10.680W;20.79
11729;47-59-56.040N;069-29-10.320W;20.66
11730;47-59-56.040N;069-29-09.960W;20.4
11731;47-59-56.040N;069-29-09.600W;19.86
11732;47-59-56.040N;069-29-09.240W;19.79
11733;47-59-56.040N;069-29-08.880W;19.59
11734;47-59-56.040N;069-29-08.520W;19.37
11735;47-59-56.040N;069-29-08.160W;19.09
11736;47-59-56.040N;069-29-07.800W;18.9
11737;47-59-56.040N;069-29-07.440W;18.64
11738;47-59-56.040N;069-29-07.080W;18.43
11739;47-59-56.040N;069-29-06.720W;18.12
11740;47-59-56.040N;069-29-06.360W;17.92
11741;47-59-56.040N;069-29-06.000W;17.56
11742;47-59-56.040N;069-29-05.640W;17.26
11743;47-59-56.040N;069-29-05.280W;17.06
11744;47-59-56.040N;069-29-04.920W;16.82
11745;47-59-56.040N;069-29-04.560W;16.66
11746;47-59-56.040N;069-29-04.200W;16.35
11747;47-59-56.040N;069-29-03.840W;16.67
11748;47-59-56.040N;069-29-03.480W;16.4
11749;47-59-56.040N;069-29-03.120W;16.25
11750;47-59-56.040N;069-29-02.760W;16.06
11751;47-59-56.040N;069-29-02.400W;15.81
11752;47-59-56.040N;069-29-02.040W;15.49
11753;47-59-56.040N;069-29-01.680W;15.19
11754;47-59-56.040N;069-29-01.320W;14.78
11755;47-59-56.040N;069-29-00.960W;14.48
11756;47-59-56.040N;069-29-00.600W;13.97
11757;47-59-56.040N;069-29-00.240W;13.68
11758;47-59-56.040N;069-28-59.880W;13.22
11759;47-59-56.040N;069-28-59.520W;12.9
11760;47-59-56.040N;069-28-59.160W;12.49
11761;47-59-56.040N;069-28-58.800W;12.04
11762;47-59-56.040N;069-28-58.440W;11.54
11763;47-59-56.040N;069-28-58.080W;10.42
11764;47-59-56.040N;069-28-57.720W;9.91
11765;47-59-56.040N;069-28-57.360W;9.86
11766;47-59-56.168N;069-27-11.203W;-1.2
11767;47-59-56.400N;069-29-59.640W;43.32
11768;47-59-56.400N;069-29-59.280W;43.17
11769;47-59-56.400N;069-29-58.920W;42.87
11770;47-59-56.400N;069-29-58.560W;42.73
11771;47-59-56.400N;069-29-58.200W;42.47
11772;47-59-56.400N;069-29-57.840W;42.41
11773;47-59-56.400N;069-29-57.480W;42.11
11774;47-59-56.400N;069-29-57.120W;41.93
11775;47-59-56.400N;069-29-56.760W;41.61
11776;47-59-56.400N;069-29-56.400W;41.53
11777;47-59-56.400N;069-29-56.040W;41.22
11778;47-59-56.400N;069-29-55.680W;41.12
11779;47-59-56.400N;069-29-55.320W;40.9
11780;47-59-56.400N;069-29-54.960W;40.71
11781;47-59-56.400N;069-29-54.600W;40.35
11782;47-59-56.400N;069-29-54.240W;40.18
11783;47-59-56.400N;069-29-53.880W;39.72
11784;47-59-56.400N;069-29-53.520W;39.54
11785;47-59-56.400N;069-29-53.160W;39.33
11786;47-59-56.400N;069-29-52.800W;38.98
11787;47-59-56.400N;069-29-52.440W;38.66
11788;47-59-56.400N;069-29-52.080W;38.45
11789;47-59-56.400N;069-29-51.720W;38.33
11790;47-59-56.400N;069-29-51.360W;38.12
11791;47-59-56.400N;069-29-51.000W;37.9
11792;47-59-56.400N;069-29-50.640W;37.63
11793;47-59-56.400N;069-29-50.280W;37.28
11794;47-59-56.400N;069-29-49.920W;37.12
11795;47-59-56.400N;069-29-49.560W;36.81
11796;47-59-56.400N;069-29-49.200W;36.84
11797;47-59-56.400N;069-29-48.840W;36.39
11798;47-59-56.400N;069-29-48.480W;36.24
11799;47-59-56.400N;069-29-48.120W;35.99
11800;47-59-56.400N;069-29-47.760W;35.92
11801;47-59-56.400N;069-29-47.400W;35.91
11802;47-59-56.400N;069-29-47.040W;35.85
11803;47-59-56.400N;069-29-46.680W;35.8
11804;47-59-56.400N;069-29-46.320W;35.65
11805;47-59-56.400N;069-29-45.960W;35.6
11806;47-59-56.400N;069-29-45.600W;35.46
11807;47-59-56.400N;069-29-45.240W;35.53
11808;47-59-56.400N;069-29-44.880W;35.28
11809;47-59-56.400N;069-29-44.520W;35.2
11810;47-59-56.400N;069-29-44.160W;34.86
11811;47-59-56.400N;069-29-43.800W;34.81
11812;47-59-56.400N;069-29-43.440W;34.49
11813;47-59-56.400N;069-29-43.080W;34.43
11814;47-59-56.400N;069-29-42.720W;33.97
11815;47-59-56.400N;069-29-42.360W;33.94
11816;47-59-56.400N;069-29-42.000W;33.67
11817;47-59-56.400N;069-29-41.640W;33.62
11818;47-59-56.400N;069-29-41.280W;33.54
11819;47-59-56.400N;069-29-40.920W;33.36
11820;47-59-56.400N;069-29-40.560W;33.07
11821;47-59-56.400N;069-29-40.200W;32.94
11822;47-59-56.400N;069-29-39.840W;32.72
11823;47-59-56.400N;069-29-39.480W;32.62
11824;47-59-56.400N;069-29-39.120W;32.29
11825;47-59-56.400N;069-29-38.760W;32.21
11826;47-59-56.400N;069-29-38.400W;32.01
11827;47-59-56.400N;069-29-38.040W;31.85
11828;47-59-56.400N;069-29-37.680W;31.26
11829;47-59-56.400N;069-29-37.320W;31.17
11830;47-59-56.400N;069-29-36.960W;30.96
11831;47-59-56.400N;069-29-36.600W;30.7
11832;47-59-56.400N;069-29-36.240W;30.48
11833;47-59-56.400N;069-29-35.880W;29.9
11834;47-59-56.400N;069-29-35.520W;29.74
11835;47-59-56.400N;069-29-35.160W;29.05
11836;47-59-56.400N;069-29-34.800W;28.73
11837;47-59-56.400N;069-29-34.440W;28.2
11838;47-59-56.400N;069-29-34.080W;27.9
11839;47-59-56.400N;069-29-33.720W;27.68
11840;47-59-56.400N;069-29-33.360W;27.67
11841;47-59-56.400N;069-29-33.000W;27.62
11842;47-59-56.400N;069-29-32.640W;27.59
11843;47-59-56.400N;069-29-32.280W;27.55
11844;47-59-56.400N;069-29-31.920W;27.57
11845;47-59-56.400N;069-29-31.560W;27.54
11846;47-59-56.400N;069-29-31.200W;27.46
11847;47-59-56.400N;069-29-30.840W;27.42
11848;47-59-56.400N;069-29-30.480W;27.36
11849;47-59-56.400N;069-29-30.120W;27.22
11850;47-59-56.400N;069-29-29.760W;27.2
11851;47-59-56.400N;069-29-29.400W;27.07
11852;47-59-56.400N;069-29-29.040W;27.09
11853;47-59-56.400N;069-29-28.680W;27.11
11854;47-59-56.400N;069-29-28.320W;27.12
11855;47-59-56.400N;069-29-27.960W;27.02
11856;47-59-56.400N;069-29-27.600W;26.93
11857;47-59-56.400N;069-29-27.240W;26.91
11858;47-59-56.400N;069-29-26.880W;26.84
11859;47-59-56.400N;069-29-26.520W;26.81
11860;47-59-56.400N;069-29-26.160W;26.74
11861;47-59-56.400N;069-29-25.800W;26.58
11862;47-59-56.400N;069-29-25.440W;26.5
11863;47-59-56.400N;069-29-25.080W;26.38
11864;47-59-56.400N;069-29-24.720W;26.22
11865;47-59-56.400N;069-29-24.360W;26.14
11866;47-59-56.400N;069-29-24.000W;26.08
11867;47-59-56.400N;069-29-23.640W;26.07
11868;47-59-56.400N;069-29-23.280W;26.02
11869;47-59-56.400N;069-29-22.920W;25.88
11870;47-59-56.400N;069-29-22.560W;25.77
11871;47-59-56.400N;069-29-22.200W;25.68
11872;47-59-56.400N;069-29-21.840W;25.52
11873;47-59-56.400N;069-29-21.480W;25.5
11874;47-59-56.400N;069-29-21.120W;25.3
11875;47-59-56.400N;069-29-20.760W;25.28
11876;47-59-56.400N;069-29-20.400W;25.02
11877;47-59-56.400N;069-29-20.040W;24.9
11878;47-59-56.400N;069-29-19.680W;24.76
11879;47-59-56.400N;069-29-19.320W;24.68
11880;47-59-56.400N;069-29-18.960W;24.42
11881;47-59-56.400N;069-29-18.600W;24.3
11882;47-59-56.400N;069-29-18.240W;24.12
11883;47-59-56.400N;069-29-17.880W;23.98
11884;47-59-56.400N;069-29-17.520W;23.88
11885;47-59-56.400N;069-29-17.160W;23.76
11886;47-59-56.400N;069-29-16.800W;23.66
11887;47-59-56.400N;069-29-16.440W;23.5
11888;47-59-56.400N;069-29-16.080W;23.46
11889;47-59-56.400N;069-29-15.720W;23.29
11890;47-59-56.400N;069-29-15.360W;23.28
11891;47-59-56.400N;069-29-15.000W;23.26
11892;47-59-56.400N;069-29-14.640W;23.15
11893;47-59-56.400N;069-29-14.280W;23.03
11894;47-59-56.400N;069-29-13.920W;22.96
11895;47-59-56.400N;069-29-13.560W;22.83
11896;47-59-56.400N;069-29-13.200W;22.65
11897;47-59-56.400N;069-29-12.840W;22.4
11898;47-59-56.400N;069-29-12.480W;22.44
11899;47-59-56.400N;069-29-12.120W;22.18
11900;47-59-56.400N;069-29-11.760W;21.96
11901;47-59-56.400N;069-29-11.400W;21.79
11902;47-59-56.400N;069-29-11.040W;21.6
11903;47-59-56.400N;069-29-10.680W;21.34
11904;47-59-56.400N;069-29-10.320W;21.17
11905;47-59-56.400N;069-29-09.960W;20.82
11906;47-59-56.400N;069-29-09.600W;20.7
11907;47-59-56.400N;069-29-09.240W;20.03
11908;47-59-56.400N;069-29-08.880W;19.91
11909;47-59-56.400N;069-29-08.520W;19.76
11910;47-59-56.400N;069-29-08.160W;19.51
11911;47-59-56.400N;069-29-07.800W;19.24
11912;47-59-56.400N;069-29-07.440W;18.95
11913;47-59-56.400N;069-29-07.080W;18.74
11914;47-59-56.400N;069-29-06.720W;18.45
11915;47-59-56.400N;069-29-06.360W;18.18
11916;47-59-56.400N;069-29-06.000W;17.92
11917;47-59-56.400N;069-29-05.640W;17.7
11918;47-59-56.400N;069-29-05.280W;17.43
11919;47-59-56.400N;069-29-04.920W;17.21
11920;47-59-56.400N;069-29-04.560W;16.91
11921;47-59-56.400N;069-29-04.200W;16.63
11922;47-59-56.400N;069-29-03.840W;16.55
11923;47-59-56.400N;069-29-03.480W;16.69
11924;47-59-56.400N;069-29-03.120W;16.44
11925;47-59-56.400N;069-29-02.760W;16.43
11926;47-59-56.400N;069-29-02.400W;16.22
11927;47-59-56.400N;069-29-02.040W;15.94
11928;47-59-56.400N;069-29-01.680W;15.63
11929;47-59-56.400N;069-29-01.320W;15.23
11930;47-59-56.400N;069-29-00.960W;14.88
11931;47-59-56.400N;069-29-00.600W;14.6
11932;47-59-56.400N;069-29-00.240W;14.18
11933;47-59-56.400N;069-28-59.880W;13.82
11934;47-59-56.400N;069-28-59.520W;13.42
11935;47-59-56.400N;069-28-59.160W;13.08
11936;47-59-56.400N;069-28-58.800W;12.63
11937;47-59-56.400N;069-28-58.440W;12.23
11938;47-59-56.400N;069-28-58.080W;11.65
11939;47-59-56.400N;069-28-57.720W;10.56
11940;47-59-56.400N;069-28-57.360W;9.84
11941;47-59-56.400N;069-28-57.000W;9.98
11942;47-59-56.278N;069-27-02.854W;-0.6
11943;47-59-56.760N;069-29-59.640W;43.68
11944;47-59-56.760N;069-29-59.280W;43.51
11945;47-59-56.760N;069-29-58.920W;43.16
11946;47-59-56.760N;069-29-58.560W;42.97
11947;47-59-56.760N;069-29-58.200W;42.83
11948;47-59-56.760N;069-29-57.840W;42.67
11949;47-59-56.760N;069-29-57.480W;42.29
11950;47-59-56.760N;069-29-57.120W;42.21
11951;47-59-56.760N;069-29-56.760W;41.99
11952;47-59-56.760N;069-29-56.400W;41.84
11953;47-59-56.760N;069-29-56.040W;41.59
11954;47-59-56.760N;069-29-55.680W;41.52
11955;47-59-56.760N;069-29-55.320W;41.15
11956;47-59-56.760N;069-29-54.960W;41.06
11957;47-59-56.760N;069-29-54.600W;40.75
11958;47-59-56.760N;069-29-54.240W;40.46
11959;47-59-56.760N;069-29-53.880W;40.19
11960;47-59-56.760N;069-29-53.520W;39.84
11961;47-59-56.760N;069-29-53.160W;39.57
11962;47-59-56.760N;069-29-52.800W;39.32
11963;47-59-56.760N;069-29-52.440W;38.88
11964;47-59-56.760N;069-29-52.080W;38.7
11965;47-59-56.760N;069-29-51.720W;38.41
11966;47-59-56.760N;069-29-51.360W;38.32
11967;47-59-56.760N;069-29-51.000W;38.05
11968;47-59-56.760N;069-29-50.640W;37.79
11969;47-59-56.760N;069-29-50.280W;37.58
11970;47-59-56.760N;069-29-49.920W;37.29
11971;47-59-56.760N;069-29-49.560W;37.05
11972;47-59-56.760N;069-29-49.200W;37.09
11973;47-59-56.760N;069-29-48.840W;36.84
11974;47-59-56.760N;069-29-48.480W;36.59
11975;47-59-56.760N;069-29-48.120W;36.51
11976;47-59-56.760N;069-29-47.760W;36.26
11977;47-59-56.760N;069-29-47.400W;36.25
11978;47-59-56.760N;069-29-47.040W;36.16
11979;47-59-56.760N;069-29-46.680W;36.13
11980;47-59-56.760N;069-29-46.320W;36.08
11981;47-59-56.760N;069-29-45.960W;36.04
11982;47-59-56.760N;069-29-45.600W;36.01
11983;47-59-56.760N;069-29-45.240W;36.02
11984;47-59-56.760N;069-29-44.880W;35.49
11985;47-59-56.760N;069-29-44.520W;35.37
11986;47-59-56.760N;069-29-44.160W;35.09
11987;47-59-56.760N;069-29-43.800W;35.05
11988;47-59-56.760N;069-29-43.440W;34.7
11989;47-59-56.760N;069-29-43.080W;34.53
11990;47-59-56.760N;069-29-42.720W;34.21
11991;47-59-56.760N;069-29-42.360W;34.17
11992;47-59-56.760N;069-29-42.000W;33.86
11993;47-59-56.760N;069-29-41.640W;33.83
11994;47-59-56.760N;069-29-41.280W;33.64
11995;47-59-56.760N;069-29-40.920W;33.43
11996;47-59-56.760N;069-29-40.560W;33.23
11997;47-59-56.760N;069-29-40.200W;33.1
11998;47-59-56.760N;069-29-39.840W;32.96
11999;47-59-56.760N;069-29-39.480W;32.86
12000;47-59-56.760N;069-29-39.120W;32.62
12001;47-59-56.760N;069-29-38.760W;32.38
12002;47-59-56.760N;069-29-38.400W;32.13
12003;47-59-56.760N;069-29-38.040W;31.99
12004;47-59-56.760N;069-29-37.680W;31.65
12005;47-59-56.760N;069-29-37.320W;31.3
12006;47-59-56.760N;069-29-36.960W;31.16
12007;47-59-56.760N;069-29-36.600W;30.71
12008;47-59-56.760N;069-29-36.240W;30.56
12009;47-59-56.760N;069-29-35.880W;30.17
12010;47-59-56.760N;069-29-35.520W;29.83
12011;47-59-56.760N;069-29-35.160W;29.3
12012;47-59-56.760N;069-29-34.800W;28.94
12013;47-59-56.760N;069-29-34.440W;28.28
12014;47-59-56.760N;069-29-34.080W;28.17
12015;47-59-56.760N;069-29-33.720W;27.93
12016;47-59-56.760N;069-29-33.360W;27.88
12017;47-59-56.760N;069-29-33.000W;27.86
12018;47-59-56.760N;069-29-32.640W;27.85
12019;47-59-56.760N;069-29-32.280W;27.78
12020;47-59-56.760N;069-29-31.920W;27.78
12021;47-59-56.760N;069-29-31.560W;27.67
12022;47-59-56.760N;069-29-31.200W;27.67
12023;47-59-56.760N;069-29-30.840W;27.67
12024;47-59-56.760N;069-29-30.480W;27.6
12025;47-59-56.760N;069-29-30.120W;27.5
12026;47-59-56.760N;069-29-29.760W;27.47
12027;47-59-56.760N;069-29-29.400W;27.29
12028;47-59-56.760N;069-29-29.040W;27.28
12029;47-59-56.760N;069-29-28.680W;27.29
12030;47-59-56.760N;069-29-28.320W;27.15
12031;47-59-56.760N;069-29-27.960W;27.19
12032;47-59-56.760N;069-29-27.600W;27.21
12033;47-59-56.760N;069-29-27.240W;27.14
12034;47-59-56.760N;069-29-26.880W;27.04
12035;47-59-56.760N;069-29-26.520W;27.11
12036;47-59-56.760N;069-29-26.160W;26.87
12037;47-59-56.760N;069-29-25.800W;26.87
12038;47-59-56.760N;069-29-25.440W;26.83
12039;47-59-56.760N;069-29-25.080W;26.69
12040;47-59-56.760N;069-29-24.720W;26.5
12041;47-59-56.760N;069-29-24.360W;26.45
12042;47-59-56.760N;069-29-24.000W;26.37
12043;47-59-56.760N;069-29-23.640W;26.22
12044;47-59-56.760N;069-29-23.280W;26.12
12045;47-59-56.760N;069-29-22.920W;26.09
12046;47-59-56.760N;069-29-22.560W;26.03
12047;47-59-56.760N;069-29-22.200W;25.93
12048;47-59-56.760N;069-29-21.840W;25.81
12049;47-59-56.760N;069-29-21.480W;25.75
12050;47-59-56.760N;069-29-21.120W;25.59
12051;47-59-56.760N;069-29-20.760W;25.46
12052;47-59-56.760N;069-29-20.400W;25.3
12053;47-59-56.760N;069-29-20.040W;25.18
12054;47-59-56.760N;069-29-19.680W;25.07
12055;47-59-56.760N;069-29-19.320W;24.89
12056;47-59-56.760N;069-29-18.960W;24.7
12057;47-59-56.760N;069-29-18.600W;24.5
12058;47-59-56.760N;069-29-18.240W;24.34
12059;47-59-56.760N;069-29-17.880W;24.27
12060;47-59-56.760N;069-29-17.520W;24.1
12061;47-59-56.760N;069-29-17.160W;24.03
12062;47-59-56.760N;069-29-16.800W;23.93
12063;47-59-56.760N;069-29-16.440W;23.81
12064;47-59-56.760N;069-29-16.080W;23.76
12065;47-59-56.760N;069-29-15.720W;23.54
12066;47-59-56.760N;069-29-15.360W;23.55
12067;47-59-56.760N;069-29-15.000W;23.44
12068;47-59-56.760N;069-29-14.640W;23.34
12069;47-59-56.760N;069-29-14.280W;23.23
12070;47-59-56.760N;069-29-13.920W;23.16
12071;47-59-56.760N;069-29-13.560W;22.97
12072;47-59-56.760N;069-29-13.200W;22.96
12073;47-59-56.760N;069-29-12.840W;22.69
12074;47-59-56.760N;069-29-12.480W;22.6
12075;47-59-56.760N;069-29-12.120W;22.47
12076;47-59-56.760N;069-29-11.760W;22.44
12077;47-59-56.760N;069-29-11.400W;22.07
12078;47-59-56.760N;069-29-11.040W;21.97
12079;47-59-56.760N;069-29-10.680W;21.68
12080;47-59-56.760N;069-29-10.320W;21.58
12081;47-59-56.760N;069-29-09.960W;21.23
12082;47-59-56.760N;069-29-09.600W;21.02
12083;47-59-56.760N;069-29-09.240W;20.65
12084;47-59-56.760N;069-29-08.880W;20.27
12085;47-59-56.760N;069-29-08.520W;20.04
12086;47-59-56.760N;069-29-08.160W;19.77
12087;47-59-56.760N;069-29-07.800W;19.59
12088;47-59-56.760N;069-29-07.440W;19.32
12089;47-59-56.760N;069-29-07.080W;19.05
12090;47-59-56.760N;069-29-06.720W;18.79
12091;47-59-56.760N;069-29-06.360W;18.51
12092;47-59-56.760N;069-29-06.000W;18.29
12093;47-59-56.760N;069-29-05.640W;18.06
12094;47-59-56.760N;069-29-05.280W;17.81
12095;47-59-56.760N;069-29-04.920W;17.62
12096;47-59-56.760N;069-29-04.560W;17.36
12097;47-59-56.760N;069-29-04.200W;17.03
12098;47-59-56.760N;069-29-03.840W;16.8
12099;47-59-56.760N;069-29-03.480W;16.61
12100;47-59-56.760N;069-29-03.120W;16.48
12101;47-59-56.760N;069-29-02.760W;16.81
12102;47-59-56.760N;069-29-02.400W;16.55
12103;47-59-56.760N;069-29-02.040W;16.35
12104;47-59-56.760N;069-29-01.680W;15.99
12105;47-59-56.760N;069-29-01.320W;15.74
12106;47-59-56.760N;069-29-00.960W;15.35
12107;47-59-56.760N;069-29-00.600W;15.02
12108;47-59-56.760N;069-29-00.240W;14.63
12109;47-59-56.760N;069-28-59.880W;14.33
12110;47-59-56.760N;069-28-59.520W;13.89
12111;47-59-56.760N;069-28-59.160W;13.52
12112;47-59-56.760N;069-28-58.800W;13.13
12113;47-59-56.760N;069-28-58.440W;12.75
12114;47-59-56.760N;069-28-58.080W;12.25
12115;47-59-56.760N;069-28-57.720W;11.82
12116;47-59-56.760N;069-28-57.360W;11.12
12117;47-59-56.760N;069-28-57.000W;10.12
12118;47-59-56.760N;069-28-56.640W;10.14
12119;47-59-56.760N;069-28-56.280W;10.23
12120;47-59-56.812N;069-27-47.771W;-2.1
12121;47-59-57.120N;069-29-59.640W;43.84
12122;47-59-57.120N;069-29-59.280W;43.74
12123;47-59-57.120N;069-29-58.920W;43.56
12124;47-59-57.120N;069-29-58.560W;43.28
12125;47-59-57.120N;069-29-58.200W;42.94
12126;47-59-57.120N;069-29-57.840W;43.0
12127;47-59-57.120N;069-29-57.480W;42.82
12128;47-59-57.120N;069-29-57.120W;42.64
12129;47-59-57.120N;069-29-56.760W;42.33
12130;47-59-57.120N;069-29-56.400W;42.23
12131;47-59-57.120N;069-29-56.040W;42.01
12132;47-59-57.120N;069-29-55.680W;41.86
12133;47-59-57.120N;069-29-55.320W;41.54
12134;47-59-57.120N;069-29-54.960W;41.36
12135;47-59-57.120N;069-29-54.600W;41.13
12136;47-59-57.120N;069-29-54.240W;40.92
12137;47-59-57.120N;069-29-53.880W;40.46
12138;47-59-57.120N;069-29-53.520W;40.24
12139;47-59-57.120N;069-29-53.160W;39.84
12140;47-59-57.120N;069-29-52.800W;39.77
12141;47-59-57.120N;069-29-52.440W;39.45
12142;47-59-57.120N;069-29-52.080W;39.19
12143;47-59-57.120N;069-29-51.720W;38.72
12144;47-59-57.120N;069-29-51.360W;38.61
12145;47-59-57.120N;069-29-51.000W;38.33
12146;47-59-57.120N;069-29-50.640W;38.24
12147;47-59-57.120N;069-29-50.280W;37.85
12148;47-59-57.120N;069-29-49.920W;37.61
12149;47-59-57.120N;069-29-49.560W;37.44
12150;47-59-57.120N;069-29-49.200W;37.35
12151;47-59-57.120N;069-29-48.840W;37.17
12152;47-59-57.120N;069-29-48.480W;36.89
12153;47-59-57.120N;069-29-48.120W;36.73
12154;47-59-57.120N;069-29-47.760W;36.54
12155;47-59-57.120N;069-29-47.400W;36.44
12156;47-59-57.120N;069-29-47.040W;36.39
12157;47-59-57.120N;069-29-46.680W;36.26
12158;47-59-57.120N;069-29-46.320W;36.27
12159;47-59-57.120N;069-29-45.960W;36.24
12160;47-59-57.120N;069-29-45.600W;36.22
12161;47-59-57.120N;069-29-45.240W;36.08
12162;47-59-57.120N;069-29-44.880W;35.77
12163;47-59-57.120N;069-29-44.520W;35.47
12164;47-59-57.120N;069-29-44.160W;35.11
12165;47-59-57.120N;069-29-43.800W;35.15
12166;47-59-57.120N;069-29-43.440W;34.96
12167;47-59-57.120N;069-29-43.080W;34.63
12168;47-59-57.120N;069-29-42.720W;34.41
12169;47-59-57.120N;069-29-42.360W;34.25
12170;47-59-57.120N;069-29-42.000W;34.04
12171;47-59-57.120N;069-29-41.640W;33.94
12172;47-59-57.120N;069-29-41.280W;33.58
12173;47-59-57.120N;069-29-40.920W;33.46
12174;47-59-57.120N;069-29-40.560W;33.34
12175;47-59-57.120N;069-29-40.200W;33.25
12176;47-59-57.120N;069-29-39.840W;33.14
12177;47-59-57.120N;069-29-39.480W;33.04
12178;47-59-57.120N;069-29-39.120W;32.72
12179;47-59-57.120N;069-29-38.760W;32.57
12180;47-59-57.120N;069-29-38.400W;32.29
12181;47-59-57.120N;069-29-38.040W;32.14
12182;47-59-57.120N;069-29-37.680W;31.87
12183;47-59-57.120N;069-29-37.320W;31.68
12184;47-59-57.120N;069-29-36.960W;31.15
12185;47-59-57.120N;069-29-36.600W;31.07
12186;47-59-57.120N;069-29-36.240W;30.87
12187;47-59-57.120N;069-29-35.880W;30.34
12188;47-59-57.120N;069-29-35.520W;30.13
12189;47-59-57.120N;069-29-35.160W;29.56
12190;47-59-57.120N;069-29-34.800W;29.26
12191;47-59-57.120N;069-29-34.440W;28.62
12192;47-59-57.120N;069-29-34.080W;28.45
12193;47-59-57.120N;069-29-33.720W;28.1
12194;47-59-57.120N;069-29-33.360W;28.11
12195;47-59-57.120N;069-29-33.000W;28.08
12196;47-59-57.120N;069-29-32.640W;28.14
12197;47-59-57.120N;069-29-32.280W;28.14
12198;47-59-57.120N;069-29-31.920W;28.05
12199;47-59-57.120N;069-29-31.560W;28.07
12200;47-59-57.120N;069-29-31.200W;28.14
12201;47-59-57.120N;069-29-30.840W;28.02
12202;47-59-57.120N;069-29-30.480W;27.94
12203;47-59-57.120N;069-29-30.120W;27.78
12204;47-59-57.120N;069-29-29.760W;27.7
12205;47-59-57.120N;069-29-29.400W;27.56
12206;47-59-57.120N;069-29-29.040W;27.46
12207;47-59-57.120N;069-29-28.680W;27.36
12208;47-59-57.120N;069-29-28.320W;27.38
12209;47-59-57.120N;069-29-27.960W;27.37
12210;47-59-57.120N;069-29-27.600W;27.34
12211;47-59-57.120N;069-29-27.240W;27.38
12212;47-59-57.120N;069-29-26.880W;27.32
12213;47-59-57.120N;069-29-26.520W;27.33
12214;47-59-57.120N;069-29-26.160W;27.29
12215;47-59-57.120N;069-29-25.800W;27.23
12216;47-59-57.120N;069-29-25.440W;27.02
12217;47-59-57.120N;069-29-25.080W;27.04
12218;47-59-57.120N;069-29-24.720W;26.88
12219;47-59-57.120N;069-29-24.360W;26.74
12220;47-59-57.120N;069-29-24.000W;26.51
12221;47-59-57.120N;069-29-23.640W;26.51
12222;47-59-57.120N;069-29-23.280W;26.44
12223;47-59-57.120N;069-29-22.920W;26.31
12224;47-59-57.120N;069-29-22.560W;26.25
12225;47-59-57.120N;069-29-22.200W;26.21
12226;47-59-57.120N;069-29-21.840W;25.97
12227;47-59-57.120N;069-29-21.480W;25.87
12228;47-59-57.120N;069-29-21.120W;25.72
12229;47-59-57.120N;069-29-20.760W;25.65
12230;47-59-57.120N;069-29-20.400W;25.45
12231;47-59-57.120N;069-29-20.040W;25.35
12232;47-59-57.120N;069-29-19.680W;25.13
12233;47-59-57.120N;069-29-19.320W;25.01
12234;47-59-57.120N;069-29-18.960W;24.81
12235;47-59-57.120N;069-29-18.600W;24.62
12236;47-59-57.120N;069-29-18.240W;24.44
12237;47-59-57.120N;069-29-17.880W;24.44
12238;47-59-57.120N;069-29-17.520W;24.23
12239;47-59-57.120N;069-29-17.160W;24.11
12240;47-59-57.120N;069-29-16.800W;23.99
12241;47-59-57.120N;069-29-16.440W;23.93
12242;47-59-57.120N;069-29-16.080W;23.91
12243;47-59-57.120N;069-29-15.720W;23.78
12244;47-59-57.120N;069-29-15.360W;23.67
12245;47-59-57.120N;069-29-15.000W;23.55
12246;47-59-57.120N;069-29-14.640W;23.48
12247;47-59-57.120N;069-29-14.280W;23.44
12248;47-59-57.120N;069-29-13.920W;23.35
12249;47-59-57.120N;069-29-13.560W;23.34
12250;47-59-57.120N;069-29-13.200W;23.23
12251;47-59-57.120N;069-29-12.840W;23.09
12252;47-59-57.120N;069-29-12.480W;22.94
12253;47-59-57.120N;069-29-12.120W;22.82
12254;47-59-57.120N;069-29-11.760W;22.64
12255;47-59-57.120N;069-29-11.400W;22.43
12256;47-59-57.120N;069-29-11.040W;22.36
12257;47-59-57.120N;069-29-10.680W;22.21
12258;47-59-57.120N;069-29-10.320W;22.04
12259;47-59-57.120N;069-29-09.960W;21.76
12260;47-59-57.120N;069-29-09.600W;21.57
12261;47-59-57.120N;069-29-09.240W;21.16
12262;47-59-57.120N;069-29-08.880W;21.03
12263;47-59-57.120N;069-29-08.520W;20.85
12264;47-59-57.120N;069-29-08.160W;20.2
12265;47-59-57.120N;069-29-07.800W;19.97
12266;47-59-57.120N;069-29-07.440W;19.76
12267;47-59-57.120N;069-29-07.080W;19.43
12268;47-59-57.120N;069-29-06.720W;19.17
12269;47-59-57.120N;069-29-06.360W;18.87
12270;47-59-57.120N;069-29-06.000W;18.65
12271;47-59-57.120N;069-29-05.640W;18.39
12272;47-59-57.120N;069-29-05.280W;18.26
12273;47-59-57.120N;069-29-04.920W;17.98
12274;47-59-57.120N;069-29-04.560W;17.75
12275;47-59-57.120N;069-29-04.200W;17.51
12276;47-59-57.120N;069-29-03.840W;17.38
12277;47-59-57.120N;069-29-03.480W;16.9
12278;47-59-57.120N;069-29-03.120W;16.67
12279;47-59-57.120N;069-29-02.760W;16.81
12280;47-59-57.120N;069-29-02.400W;16.71
12281;47-59-57.120N;069-29-02.040W;16.54
12282;47-59-57.120N;069-29-01.680W;16.31
12283;47-59-57.120N;069-29-01.320W;16.03
12284;47-59-57.120N;069-29-00.960W;15.77
12285;47-59-57.120N;069-29-00.600W;15.42
12286;47-59-57.120N;069-29-00.240W;15.03
12287;47-59-57.120N;069-28-59.880W;14.74
12288;47-59-57.120N;069-28-59.520W;14.32
12289;47-59-57.120N;069-28-59.160W;13.96
12290;47-59-57.120N;069-28-58.800W;13.63
12291;47-59-57.120N;069-28-58.440W;13.22
12292;47-59-57.120N;069-28-58.080W;12.86
12293;47-59-57.120N;069-28-57.720W;12.39
12294;47-59-57.120N;069-28-57.360W;11.95
12295;47-59-57.120N;069-28-57.000W;11.32
12296;47-59-57.120N;069-28-56.640W;10.39
12297;47-59-57.120N;069-28-56.280W;10.21
12298;47-59-57.120N;069-28-55.920W;10.28
12299;47-59-57.480N;069-29-59.640W;44.07
12300;47-59-57.480N;069-29-59.280W;44.11
12301;47-59-57.480N;069-29-58.920W;43.74
12302;47-59-57.480N;069-29-58.560W;43.63
12303;47-59-57.480N;069-29-58.200W;43.37
12304;47-59-57.480N;069-29-57.840W;43.31
12305;47-59-57.480N;069-29-57.480W;43.26
12306;47-59-57.480N;069-29-57.120W;43.0
12307;47-59-57.480N;069-29-56.760W;42.95
12308;47-59-57.480N;069-29-56.400W;42.85
12309;47-59-57.480N;069-29-56.040W;42.55
12310;47-59-57.480N;069-29-55.680W;42.45
12311;47-59-57.480N;069-29-55.320W;42.26
12312;47-59-57.480N;069-29-54.960W;42.1
12313;47-59-57.480N;069-29-54.600W;41.89
12314;47-59-57.480N;069-29-54.240W;41.45
12315;47-59-57.480N;069-29-53.880W;41.09
12316;47-59-57.480N;069-29-53.520W;40.91
12317;47-59-57.480N;069-29-53.160W;40.51
12318;47-59-57.480N;069-29-52.800W;40.27
12319;47-59-57.480N;069-29-52.440W;39.83
12320;47-59-57.480N;069-29-52.080W;39.53
12321;47-59-57.480N;069-29-51.720W;39.18
12322;47-59-57.480N;069-29-51.360W;38.9
12323;47-59-57.480N;069-29-51.000W;38.76
12324;47-59-57.480N;069-29-50.640W;38.43
12325;47-59-57.480N;069-29-50.280W;38.25
12326;47-59-57.480N;069-29-49.920W;37.92
12327;47-59-57.480N;069-29-49.560W;37.72
12328;47-59-57.480N;069-29-49.200W;37.51
12329;47-59-57.480N;069-29-48.840W;37.44
12330;47-59-57.480N;069-29-48.480W;37.09
12331;47-59-57.480N;069-29-48.120W;37.05
12332;47-59-57.480N;069-29-47.760W;36.81
12333;47-59-57.480N;069-29-47.400W;36.61
12334;47-59-57.480N;069-29-47.040W;36.53
12335;47-59-57.480N;069-29-46.680W;36.5
12336;47-59-57.480N;069-29-46.320W;36.41
12337;47-59-57.480N;069-29-45.960W;36.42
12338;47-59-57.480N;069-29-45.600W;36.28
12339;47-59-57.480N;069-29-45.240W;36.12
12340;47-59-57.480N;069-29-44.880W;35.95
12341;47-59-57.480N;069-29-44.520W;35.76
12342;47-59-57.480N;069-29-44.160W;35.6
12343;47-59-57.480N;069-29-43.800W;35.7
12344;47-59-57.480N;069-29-43.440W;35.21
12345;47-59-57.480N;069-29-43.080W;35.06
12346;47-59-57.480N;069-29-42.720W;34.62
12347;47-59-57.480N;069-29-42.360W;34.44
12348;47-59-57.480N;069-29-42.000W;34.14
12349;47-59-57.480N;069-29-41.640W;34.07
12350;47-59-57.480N;069-29-41.280W;33.78
12351;47-59-57.480N;069-29-40.920W;33.68
12352;47-59-57.480N;069-29-40.560W;33.47
12353;47-59-57.480N;069-29-40.200W;33.43
12354;47-59-57.480N;069-29-39.840W;33.3
12355;47-59-57.480N;069-29-39.480W;33.22
12356;47-59-57.480N;069-29-39.120W;32.88
12357;47-59-57.480N;069-29-38.760W;32.76
12358;47-59-57.480N;069-29-38.400W;32.52
12359;47-59-57.480N;069-29-38.040W;32.46
12360;47-59-57.480N;069-29-37.680W;32.1
12361;47-59-57.480N;069-29-37.320W;31.91
12362;47-59-57.480N;069-29-36.960W;31.73
12363;47-59-57.480N;069-29-36.600W;31.52
12364;47-59-57.480N;069-29-36.240W;31.06
12365;47-59-57.480N;069-29-35.880W;30.74
12366;47-59-57.480N;069-29-35.520W;30.33
12367;47-59-57.480N;069-29-35.160W;29.9
12368;47-59-57.480N;069-29-34.800W;29.51
12369;47-59-57.480N;069-29-34.440W;28.97
12370;47-59-57.480N;069-29-34.080W;28.67
12371;47-59-57.480N;069-29-33.720W;28.29
12372;47-59-57.480N;069-29-33.360W;28.27
12373;47-59-57.480N;069-29-33.000W;28.26
12374;47-59-57.480N;069-29-32.640W;28.37
12375;47-59-57.480N;069-29-32.280W;28.29
12376;47-59-57.480N;069-29-31.920W;28.3
12377;47-59-57.480N;069-29-31.560W;28.33
12378;47-59-57.480N;069-29-31.200W;28.34
12379;47-59-57.480N;069-29-30.840W;28.28
12380;47-59-57.480N;069-29-30.480W;28.2
12381;47-59-57.480N;069-29-30.120W;28.09
12382;47-59-57.480N;069-29-29.760W;27.98
12383;47-59-57.480N;069-29-29.400W;27.83
12384;47-59-57.480N;069-29-29.040W;27.8
12385;47-59-57.480N;069-29-28.680W;27.74
12386;47-59-57.480N;069-29-28.320W;27.59
12387;47-59-57.480N;069-29-27.960W;27.6
12388;47-59-57.480N;069-29-27.600W;27.53
12389;47-59-57.480N;069-29-27.240W;27.55
12390;47-59-57.480N;069-29-26.880W;27.41
12391;47-59-57.480N;069-29-26.520W;27.34
12392;47-59-57.480N;069-29-26.160W;27.52
12393;47-59-57.480N;069-29-25.800W;27.48
12394;47-59-57.480N;069-29-25.440W;27.36
12395;47-59-57.480N;069-29-25.080W;27.22
12396;47-59-57.480N;069-29-24.720W;27.04
12397;47-59-57.480N;069-29-24.360W;27.01
12398;47-59-57.480N;069-29-24.000W;26.72
12399;47-59-57.480N;069-29-23.640W;26.71
12400;47-59-57.480N;069-29-23.280W;26.64
12401;47-59-57.480N;069-29-22.920W;26.47
12402;47-59-57.480N;069-29-22.560W;26.42
12403;47-59-57.480N;069-29-22.200W;26.29
12404;47-59-57.480N;069-29-21.840W;26.16
12405;47-59-57.480N;069-29-21.480W;26.01
12406;47-59-57.480N;069-29-21.120W;25.88
12407;47-59-57.480N;069-29-20.760W;25.73
12408;47-59-57.480N;069-29-20.400W;25.6
12409;47-59-57.480N;069-29-20.040W;25.49
12410;47-59-57.480N;069-29-19.680W;25.32
12411;47-59-57.480N;069-29-19.320W;25.21
12412;47-59-57.480N;069-29-18.960W;24.95
12413;47-59-57.480N;069-29-18.600W;24.96
12414;47-59-57.480N;069-29-18.240W;24.69
12415;47-59-57.480N;069-29-17.880W;24.65
12416;47-59-57.480N;069-29-17.520W;24.44
12417;47-59-57.480N;069-29-17.160W;24.39
12418;47-59-57.480N;069-29-16.800W;24.17
12419;47-59-57.480N;069-29-16.440W;24.13
12420;47-59-57.480N;069-29-16.080W;24.05
12421;47-59-57.480N;069-29-15.720W;23.95
12422;47-59-57.480N;069-29-15.360W;23.97
12423;47-59-57.480N;069-29-15.000W;23.82
12424;47-59-57.480N;069-29-14.640W;23.73
12425;47-59-57.480N;069-29-14.280W;23.63
12426;47-59-57.480N;069-29-13.920W;23.59
12427;47-59-57.480N;069-29-13.560W;23.55
12428;47-59-57.480N;069-29-13.200W;23.51
12429;47-59-57.480N;069-29-12.840W;23.39
12430;47-59-57.480N;069-29-12.480W;23.25
12431;47-59-57.480N;069-29-12.120W;23.12
12432;47-59-57.480N;069-29-11.760W;22.96
12433;47-59-57.480N;069-29-11.400W;22.91
12434;47-59-57.480N;069-29-11.040W;22.81
12435;47-59-57.480N;069-29-10.680W;22.59
12436;47-59-57.480N;069-29-10.320W;22.46
12437;47-59-57.480N;069-29-09.960W;22.18
12438;47-59-57.480N;069-29-09.600W;22.02
12439;47-59-57.480N;069-29-09.240W;21.72
12440;47-59-57.480N;069-29-08.880W;21.54
12441;47-59-57.480N;069-29-08.520W;21.32
12442;47-59-57.480N;069-29-08.160W;21.11
12443;47-59-57.480N;069-29-07.800W;20.4
12444;47-59-57.480N;069-29-07.440W;20.17
12445;47-59-57.480N;069-29-07.080W;19.86
12446;47-59-57.480N;069-29-06.720W;19.62
12447;47-59-57.480N;069-29-06.360W;19.34
12448;47-59-57.480N;069-29-06.000W;19.09
12449;47-59-57.480N;069-29-05.640W;18.83
12450;47-59-57.480N;069-29-05.280W;18.63
12451;47-59-57.480N;069-29-04.920W;18.42
12452;47-59-57.480N;069-29-04.560W;18.16
12453;47-59-57.480N;069-29-04.200W;17.92
12454;47-59-57.480N;069-29-03.840W;17.6
12455;47-59-57.480N;069-29-03.480W;17.43
12456;47-59-57.480N;069-29-03.120W;16.92
12457;47-59-57.480N;069-29-02.760W;17.07
12458;47-59-57.480N;069-29-02.400W;16.83
12459;47-59-57.480N;069-29-02.040W;16.71
12460;47-59-57.480N;069-29-01.680W;16.49
12461;47-59-57.480N;069-29-01.320W;16.29
12462;47-59-57.480N;069-29-00.960W;16.03
12463;47-59-57.480N;069-29-00.600W;15.79
12464;47-59-57.480N;069-29-00.240W;15.53
12465;47-59-57.480N;069-28-59.880W;15.12
12466;47-59-57.480N;069-28-59.520W;14.8
12467;47-59-57.480N;069-28-59.160W;14.37
12468;47-59-57.480N;069-28-58.800W;14.01
12469;47-59-57.480N;069-28-58.440W;13.69
12470;47-59-57.480N;069-28-58.080W;13.3
12471;47-59-57.480N;069-28-57.720W;12.88
12472;47-59-57.480N;069-28-57.360W;12.44
12473;47-59-57.480N;069-28-57.000W;11.93
12474;47-59-57.480N;069-28-56.640W;11.43
12475;47-59-57.480N;069-28-56.280W;10.62
12476;47-59-57.480N;069-28-55.920W;10.36
12477;47-59-57.480N;069-28-55.560W;10.28
12478;47-59-57.840N;069-29-59.640W;44.49
12479;47-59-57.840N;069-29-59.280W;44.45
12480;47-59-57.840N;069-29-58.920W;44.26
12481;47-59-57.840N;069-29-58.560W;44.1
12482;47-59-57.840N;069-29-58.200W;43.91
12483;47-59-57.840N;069-29-57.840W;43.82
12484;47-59-57.840N;069-29-57.480W;43.6
12485;47-59-57.840N;069-29-57.120W;43.5
12486;47-59-57.840N;069-29-56.760W;43.4
12487;47-59-57.840N;069-29-56.400W;43.24
12488;47-59-57.840N;069-29-56.040W;43.06
12489;47-59-57.840N;069-29-55.680W;42.8
12490;47-59-57.840N;069-29-55.320W;42.6
12491;47-59-57.840N;069-29-54.960W;42.43
12492;47-59-57.840N;069-29-54.600W;42.21
12493;47-59-57.840N;069-29-54.240W;42.04
12494;47-59-57.840N;069-29-53.880W;41.58
12495;47-59-57.840N;069-29-53.520W;41.35
12496;47-59-57.840N;069-29-53.160W;40.91
12497;47-59-57.840N;069-29-52.800W;40.71
12498;47-59-57.840N;069-29-52.440W;40.55
12499;47-59-57.840N;069-29-52.080W;39.94
12500;47-59-57.840N;069-29-51.720W;39.75
12501;47-59-57.840N;069-29-51.360W;39.41
12502;47-59-57.840N;069-29-51.000W;39.08
12503;47-59-57.840N;069-29-50.640W;38.66
12504;47-59-57.840N;069-29-50.280W;38.46
12505;47-59-57.840N;069-29-49.920W;38.23
12506;47-59-57.840N;069-29-49.560W;38.04
12507;47-59-57.840N;069-29-49.200W;37.8
12508;47-59-57.840N;069-29-48.840W;37.71
12509;47-59-57.840N;069-29-48.480W;37.34
12510;47-59-57.840N;069-29-48.120W;37.28
12511;47-59-57.840N;069-29-47.760W;37.03
12512;47-59-57.840N;069-29-47.400W;36.93
12513;47-59-57.840N;069-29-47.040W;36.87
12514;47-59-57.840N;069-29-46.680W;36.71
12515;47-59-57.840N;069-29-46.320W;36.69
12516;47-59-57.840N;069-29-45.960W;36.55
12517;47-59-57.840N;069-29-45.600W;36.21
12518;47-59-57.840N;069-29-45.240W;36.24
12519;47-59-57.840N;069-29-44.880W;36.12
12520;47-59-57.840N;069-29-44.520W;36.0
12521;47-59-57.840N;069-29-44.160W;35.82
12522;47-59-57.840N;069-29-43.800W;35.75
12523;47-59-57.840N;069-29-43.440W;35.45
12524;47-59-57.840N;069-29-43.080W;35.23
12525;47-59-57.840N;069-29-42.720W;35.01
12526;47-59-57.840N;069-29-42.360W;34.73
12527;47-59-57.840N;069-29-42.000W;34.5
12528;47-59-57.840N;069-29-41.640W;34.23
12529;47-59-57.840N;069-29-41.280W;34.05
12530;47-59-57.840N;069-29-40.920W;34.03
12531;47-59-57.840N;069-29-40.560W;33.81
12532;47-59-57.840N;069-29-40.200W;33.72
12533;47-59-57.840N;069-29-39.840W;33.57
12534;47-59-57.840N;069-29-39.480W;33.56
12535;47-59-57.840N;069-29-39.120W;33.25
12536;47-59-57.840N;069-29-38.760W;33.01
12537;47-59-57.840N;069-29-38.400W;32.8
12538;47-59-57.840N;069-29-38.040W;32.62
12539;47-59-57.840N;069-29-37.680W;32.41
12540;47-59-57.840N;069-29-37.320W;32.15
12541;47-59-57.840N;069-29-36.960W;31.9
12542;47-59-57.840N;069-29-36.600W;31.65
12543;47-59-57.840N;069-29-36.240W;31.3
12544;47-59-57.840N;069-29-35.880W;30.95
12545;47-59-57.840N;069-29-35.520W;30.71
12546;47-59-57.840N;069-29-35.160W;30.36
12547;47-59-57.840N;069-29-34.800W;29.89
12548;47-59-57.840N;069-29-34.440W;29.36
12549;47-59-57.840N;069-29-34.080W;28.84
12550;47-59-57.840N;069-29-33.720W;28.62
12551;47-59-57.840N;069-29-33.360W;28.41
12552;47-59-57.840N;069-29-33.000W;28.47
12553;47-59-57.840N;069-29-32.640W;28.47
12554;47-59-57.840N;069-29-32.280W;28.49
12555;47-59-57.840N;069-29-31.920W;28.49
12556;47-59-57.840N;069-29-31.560W;28.5
12557;47-59-57.840N;069-29-31.200W;28.5
12558;47-59-57.840N;069-29-30.840W;28.44
12559;47-59-57.840N;069-29-30.480W;28.38
12560;47-59-57.840N;069-29-30.120W;28.2
12561;47-59-57.840N;069-29-29.760W;28.12
12562;47-59-57.840N;069-29-29.400W;28.12
12563;47-59-57.840N;069-29-29.040W;28.02
12564;47-59-57.840N;069-29-28.680W;28.02
12565;47-59-57.840N;069-29-28.320W;27.68
12566;47-59-57.840N;069-29-27.960W;27.67
12567;47-59-57.840N;069-29-27.600W;27.63
12568;47-59-57.840N;069-29-27.240W;27.65
12569;47-59-57.840N;069-29-26.880W;27.62
12570;47-59-57.840N;069-29-26.520W;27.68
12571;47-59-57.840N;069-29-26.160W;27.65
12572;47-59-57.840N;069-29-25.800W;27.55
12573;47-59-57.840N;069-29-25.440W;27.6
12574;47-59-57.840N;069-29-25.080W;27.53
12575;47-59-57.840N;069-29-24.720W;27.47
12576;47-59-57.840N;069-29-24.360W;27.32
12577;47-59-57.840N;069-29-24.000W;27.13
12578;47-59-57.840N;069-29-23.640W;26.84
12579;47-59-57.840N;069-29-23.280W;26.82
12580;47-59-57.840N;069-29-22.920W;26.74
12581;47-59-57.840N;069-29-22.560W;26.6
12582;47-59-57.840N;069-29-22.200W;26.5
12583;47-59-57.840N;069-29-21.840W;26.37
12584;47-59-57.840N;069-29-21.480W;26.29
12585;47-59-57.840N;069-29-21.120W;26.04
12586;47-59-57.840N;069-29-20.760W;25.95
12587;47-59-57.840N;069-29-20.400W;25.81
12588;47-59-57.840N;069-29-20.040W;25.75
12589;47-59-57.840N;069-29-19.680W;25.52
12590;47-59-57.840N;069-29-19.320W;25.46
12591;47-59-57.840N;069-29-18.960W;25.18
12592;47-59-57.840N;069-29-18.600W;25.08
12593;47-59-57.840N;069-29-18.240W;25.01
12594;47-59-57.840N;069-29-17.880W;24.78
12595;47-59-57.840N;069-29-17.520W;24.69
12596;47-59-57.840N;069-29-17.160W;24.59
12597;47-59-57.840N;069-29-16.800W;24.44
12598;47-59-57.840N;069-29-16.440W;24.3
12599;47-59-57.840N;069-29-16.080W;24.22
12600;47-59-57.840N;069-29-15.720W;24.2
12601;47-59-57.840N;069-29-15.360W;24.1
12602;47-59-57.840N;069-29-15.000W;24.07
12603;47-59-57.840N;069-29-14.640W;23.94
12604;47-59-57.840N;069-29-14.280W;23.81
12605;47-59-57.840N;069-29-13.920W;23.82
12606;47-59-57.840N;069-29-13.560W;23.77
12607;47-59-57.840N;069-29-13.200W;23.76
12608;47-59-57.840N;069-29-12.840W;23.74
12609;47-59-57.840N;069-29-12.480W;23.57
12610;47-59-57.840N;069-29-12.120W;23.46
12611;47-59-57.840N;069-29-11.760W;23.42
12612;47-59-57.840N;069-29-11.400W;23.1
12613;47-59-57.840N;069-29-11.040W;23.05
12614;47-59-57.840N;069-29-10.680W;22.81
12615;47-59-57.840N;069-29-10.320W;22.7
12616;47-59-57.840N;069-29-09.960W;22.53
12617;47-59-57.840N;069-29-09.600W;22.43
12618;47-59-57.840N;069-29-09.240W;22.15
12619;47-59-57.840N;069-29-08.880W;22.05
12620;47-59-57.840N;069-29-08.520W;21.8
12621;47-59-57.840N;069-29-08.160W;21.59
12622;47-59-57.840N;069-29-07.800W;21.25
12623;47-59-57.840N;069-29-07.440W;20.57
12624;47-59-57.840N;069-29-07.080W;20.29
12625;47-59-57.840N;069-29-06.720W;20.1
12626;47-59-57.840N;069-29-06.360W;19.83
12627;47-59-57.840N;069-29-06.000W;19.62
12628;47-59-57.840N;069-29-05.640W;19.26
12629;47-59-57.840N;069-29-05.280W;18.96
12630;47-59-57.840N;069-29-04.920W;18.83
12631;47-59-57.840N;069-29-04.560W;18.54
12632;47-59-57.840N;069-29-04.200W;18.3
12633;47-59-57.840N;069-29-03.840W;17.99
12634;47-59-57.840N;069-29-03.480W;17.79
12635;47-59-57.840N;069-29-03.120W;17.48
12636;47-59-57.840N;069-29-02.760W;17.2
12637;47-59-57.840N;069-29-02.400W;16.89
12638;47-59-57.840N;069-29-02.040W;16.74
12639;47-59-57.840N;069-29-01.680W;16.74
12640;47-59-57.840N;069-29-01.320W;16.55
12641;47-59-57.840N;069-29-00.960W;16.32
12642;47-59-57.840N;069-29-00.600W;16.09
12643;47-59-57.840N;069-29-00.240W;15.83
12644;47-59-57.840N;069-28-59.880W;15.48
12645;47-59-57.840N;069-28-59.520W;15.16
12646;47-59-57.840N;069-28-59.160W;14.74
12647;47-59-57.840N;069-28-58.800W;14.44
12648;47-59-57.840N;069-28-58.440W;14.09
12649;47-59-57.840N;069-28-58.080W;13.75
12650;47-59-57.840N;069-28-57.720W;13.4
12651;47-59-57.840N;069-28-57.360W;12.92
12652;47-59-57.840N;069-28-57.000W;12.49
12653;47-59-57.840N;069-28-56.640W;12.03
12654;47-59-57.840N;069-28-56.280W;11.61
12655;47-59-57.840N;069-28-55.920W;10.85
12656;47-59-57.840N;069-28-55.560W;10.32
12657;47-59-57.840N;069-28-55.200W;10.45
12658;47-59-57.737N;069-27-40.352W;-1.8
12659;47-59-58.200N;069-29-59.640W;44.79
12660;47-59-58.200N;069-29-59.280W;44.76
12661;47-59-58.200N;069-29-58.920W;44.5
12662;47-59-58.200N;069-29-58.560W;44.37
12663;47-59-58.200N;069-29-58.200W;44.21
12664;47-59-58.200N;069-29-57.840W;44.15
12665;47-59-58.200N;069-29-57.480W;43.94
12666;47-59-58.200N;069-29-57.120W;43.92
12667;47-59-58.200N;069-29-56.760W;43.67
12668;47-59-58.200N;069-29-56.400W;43.58
12669;47-59-58.200N;069-29-56.040W;43.26
12670;47-59-58.200N;069-29-55.680W;43.22
12671;47-59-58.200N;069-29-55.320W;43.01
12672;47-59-58.200N;069-29-54.960W;42.86
12673;47-59-58.200N;069-29-54.600W;42.65
12674;47-59-58.200N;069-29-54.240W;42.41
12675;47-59-58.200N;069-29-53.880W;42.24
12676;47-59-58.200N;069-29-53.520W;41.8
12677;47-59-58.200N;069-29-53.160W;41.66
12678;47-59-58.200N;069-29-52.800W;41.16
12679;47-59-58.200N;069-29-52.440W;40.95
12680;47-59-58.200N;069-29-52.080W;40.46
12681;47-59-58.200N;069-29-51.720W;40.23
12682;47-59-58.200N;069-29-51.360W;39.81
12683;47-59-58.200N;069-29-51.000W;39.6
12684;47-59-58.200N;069-29-50.640W;39.25
12685;47-59-58.200N;069-29-50.280W;39.06
12686;47-59-58.200N;069-29-49.920W;38.53
12687;47-59-58.200N;069-29-49.560W;38.41
12688;47-59-58.200N;069-29-49.200W;38.21
12689;47-59-58.200N;069-29-48.840W;37.92
12690;47-59-58.200N;069-29-48.480W;37.82
12691;47-59-58.200N;069-29-48.120W;37.54
12692;47-59-58.200N;069-29-47.760W;37.38
12693;47-59-58.200N;069-29-47.400W;37.36
12694;47-59-58.200N;069-29-47.040W;37.05
12695;47-59-58.200N;069-29-46.680W;37.24
12696;47-59-58.200N;069-29-46.320W;37.09
12697;47-59-58.200N;069-29-45.960W;36.97
12698;47-59-58.200N;069-29-45.600W;36.75
12699;47-59-58.200N;069-29-45.240W;36.63
12700;47-59-58.200N;069-29-44.880W;36.49
12701;47-59-58.200N;069-29-44.520W;36.38
12702;47-59-58.200N;069-29-44.160W;36.18
12703;47-59-58.200N;069-29-43.800W;36.06
12704;47-59-58.200N;069-29-43.440W;35.72
12705;47-59-58.200N;069-29-43.080W;35.47
12706;47-59-58.200N;069-29-42.720W;35.13
12707;47-59-58.200N;069-29-42.360W;35.02
12708;47-59-58.200N;069-29-42.000W;34.71
12709;47-59-58.200N;069-29-41.640W;34.55
12710;47-59-58.200N;069-29-41.280W;34.43
12711;47-59-58.200N;069-29-40.920W;34.34
12712;47-59-58.200N;069-29-40.560W;34.02
12713;47-59-58.200N;069-29-40.200W;33.96
12714;47-59-58.200N;069-29-39.840W;33.67
12715;47-59-58.200N;069-29-39.480W;33.62
12716;47-59-58.200N;069-29-39.120W;33.42
12717;47-59-58.200N;069-29-38.760W;33.25
12718;47-59-58.200N;069-29-38.400W;33.01
12719;47-59-58.200N;069-29-38.040W;32.79
12720;47-59-58.200N;069-29-37.680W;32.54
12721;47-59-58.200N;069-29-37.320W;32.39
12722;47-59-58.200N;069-29-36.960W;32.06
12723;47-59-58.200N;069-29-36.600W;31.87
12724;47-59-58.200N;069-29-36.240W;31.52
12725;47-59-58.200N;069-29-35.880W;31.43
12726;47-59-58.200N;069-29-35.520W;30.82
12727;47-59-58.200N;069-29-35.160W;30.45
12728;47-59-58.200N;069-29-34.800W;30.17
12729;47-59-58.200N;069-29-34.440W;29.57
12730;47-59-58.200N;069-29-34.080W;29.16
12731;47-59-58.200N;069-29-33.720W;28.82
12732;47-59-58.200N;069-29-33.360W;28.65
12733;47-59-58.200N;069-29-33.000W;28.65
12734;47-59-58.200N;069-29-32.640W;28.62
12735;47-59-58.200N;069-29-32.280W;28.64
12736;47-59-58.200N;069-29-31.920W;28.74
12737;47-59-58.200N;069-29-31.560W;28.67
12738;47-59-58.200N;069-29-31.200W;28.78
12739;47-59-58.200N;069-29-30.840W;28.69
12740;47-59-58.200N;069-29-30.480W;28.67
12741;47-59-58.200N;069-29-30.120W;28.51
12742;47-59-58.200N;069-29-29.760W;28.39
12743;47-59-58.200N;069-29-29.400W;28.35
12744;47-59-58.200N;069-29-29.040W;28.18
12745;47-59-58.200N;069-29-28.680W;28.12
12746;47-59-58.200N;069-29-28.320W;28.04
12747;47-59-58.200N;069-29-27.960W;27.95
12748;47-59-58.200N;069-29-27.600W;27.81
12749;47-59-58.200N;069-29-27.240W;27.81
12750;47-59-58.200N;069-29-26.880W;27.73
12751;47-59-58.200N;069-29-26.520W;27.69
12752;47-59-58.200N;069-29-26.160W;27.66
12753;47-59-58.200N;069-29-25.800W;27.65
12754;47-59-58.200N;069-29-25.440W;27.71
12755;47-59-58.200N;069-29-25.080W;27.78
12756;47-59-58.200N;069-29-24.720W;27.71
12757;47-59-58.200N;069-29-24.360W;27.62
12758;47-59-58.200N;069-29-24.000W;27.42
12759;47-59-58.200N;069-29-23.640W;27.33
12760;47-59-58.200N;069-29-23.280W;27.15
12761;47-59-58.200N;069-29-22.920W;27.04
12762;47-59-58.200N;069-29-22.560W;26.76
12763;47-59-58.200N;069-29-22.200W;26.73
12764;47-59-58.200N;069-29-21.840W;26.58
12765;47-59-58.200N;069-29-21.480W;26.47
12766;47-59-58.200N;069-29-21.120W;26.31
12767;47-59-58.200N;069-29-20.760W;26.24
12768;47-59-58.200N;069-29-20.400W;26.05
12769;47-59-58.200N;069-29-20.040W;26.01
12770;47-59-58.200N;069-29-19.680W;25.79
12771;47-59-58.200N;069-29-19.320W;25.67
12772;47-59-58.200N;069-29-18.960W;25.49
12773;47-59-58.200N;069-29-18.600W;25.36
12774;47-59-58.200N;069-29-18.240W;25.15
12775;47-59-58.200N;069-29-17.880W;25.06
12776;47-59-58.200N;069-29-17.520W;24.8
12777;47-59-58.200N;069-29-17.160W;24.75
12778;47-59-58.200N;069-29-16.800W;24.65
12779;47-59-58.200N;069-29-16.440W;24.57
12780;47-59-58.200N;069-29-16.080W;24.38
12781;47-59-58.200N;069-29-15.720W;24.35
12782;47-59-58.200N;069-29-15.360W;24.31
12783;47-59-58.200N;069-29-15.000W;24.17
12784;47-59-58.200N;069-29-14.640W;24.12
12785;47-59-58.200N;069-29-14.280W;24.05
12786;47-59-58.200N;069-29-13.920W;24.0
12787;47-59-58.200N;069-29-13.560W;23.86
12788;47-59-58.200N;069-29-13.200W;23.81
12789;47-59-58.200N;069-29-12.840W;23.82
12790;47-59-58.200N;069-29-12.480W;23.74
12791;47-59-58.200N;069-29-12.120W;23.69
12792;47-59-58.200N;069-29-11.760W;23.64
12793;47-59-58.200N;069-29-11.400W;23.47
12794;47-59-58.200N;069-29-11.040W;23.36
12795;47-59-58.200N;069-29-10.680W;23.13
12796;47-59-58.200N;069-29-10.320W;23.17
12797;47-59-58.200N;069-29-09.960W;22.95
12798;47-59-58.200N;069-29-09.600W;22.78
12799;47-59-58.200N;069-29-09.240W;22.68
12800;47-59-58.200N;069-29-08.880W;22.51
12801;47-59-58.200N;069-29-08.520W;22.24
12802;47-59-58.200N;069-29-08.160W;22.07
12803;47-59-58.200N;069-29-07.800W;21.71
12804;47-59-58.200N;069-29-07.440W;21.49
12805;47-59-58.200N;069-29-07.080W;20.88
12806;47-59-58.200N;069-29-06.720W;20.63
12807;47-59-58.200N;069-29-06.360W;20.4
12808;47-59-58.200N;069-29-06.000W;20.06
12809;47-59-58.200N;069-29-05.640W;19.75
12810;47-59-58.200N;069-29-05.280W;19.42
12811;47-59-58.200N;069-29-04.920W;19.17
12812;47-59-58.200N;069-29-04.560W;18.9
12813;47-59-58.200N;069-29-04.200W;18.63
12814;47-59-58.200N;069-29-03.840W;18.4
12815;47-59-58.200N;069-29-03.480W;18.21
12816;47-59-58.200N;069-29-03.120W;17.84
12817;47-59-58.200N;069-29-02.760W;17.56
12818;47-59-58.200N;069-29-02.400W;17.36
12819;47-59-58.200N;069-29-02.040W;17.11
12820;47-59-58.200N;069-29-01.680W;16.85
12821;47-59-58.200N;069-29-01.320W;16.74
12822;47-59-58.200N;069-29-00.960W;16.53
12823;47-59-58.200N;069-29-00.600W;16.3
12824;47-59-58.200N;069-29-00.240W;16.03
12825;47-59-58.200N;069-28-59.880W;15.75
12826;47-59-58.200N;069-28-59.520W;15.42
12827;47-59-58.200N;069-28-59.160W;15.13
12828;47-59-58.200N;069-28-58.800W;14.84
12829;47-59-58.200N;069-28-58.440W;14.49
12830;47-59-58.200N;069-28-58.080W;14.11
12831;47-59-58.200N;069-28-57.720W;13.78
12832;47-59-58.200N;069-28-57.360W;13.42
12833;47-59-58.200N;069-28-57.000W;13.01
12834;47-59-58.200N;069-28-56.640W;12.48
12835;47-59-58.200N;069-28-56.280W;12.08
12836;47-59-58.200N;069-28-55.920W;11.6
12837;47-59-58.200N;069-28-55.560W;11.19
12838;47-59-58.200N;069-28-55.200W;10.47
12839;47-59-58.200N;069-28-54.840W;10.44
12840;47-59-58.087N;069-27-32.799W;-1.5
12841;47-59-58.560N;069-29-59.640W;45.1
12842;47-59-58.560N;069-29-59.280W;44.83
12843;47-59-58.560N;069-29-58.920W;44.69
12844;47-59-58.560N;069-29-58.560W;44.58
12845;47-59-58.560N;069-29-58.200W;44.28
12846;47-59-58.560N;069-29-57.840W;44.47
12847;47-59-58.560N;069-29-57.480W;44.24
12848;47-59-58.560N;069-29-57.120W;44.27
12849;47-59-58.560N;069-29-56.760W;43.9
12850;47-59-58.560N;069-29-56.400W;43.74
12851;47-59-58.560N;069-29-56.040W;43.65
12852;47-59-58.560N;069-29-55.680W;43.47
12853;47-59-58.560N;069-29-55.320W;43.33
12854;47-59-58.560N;069-29-54.960W;43.25
12855;47-59-58.560N;069-29-54.600W;43.12
12856;47-59-58.560N;069-29-54.240W;42.71
12857;47-59-58.560N;069-29-53.880W;42.53
12858;47-59-58.560N;069-29-53.520W;42.27
12859;47-59-58.560N;069-29-53.160W;42.02
12860;47-59-58.560N;069-29-52.800W;41.56
12861;47-59-58.560N;069-29-52.440W;41.3
12862;47-59-58.560N;069-29-52.080W;40.8
12863;47-59-58.560N;069-29-51.720W;40.65
12864;47-59-58.560N;069-29-51.360W;40.21
12865;47-59-58.560N;069-29-51.000W;40.05
12866;47-59-58.560N;069-29-50.640W;39.84
12867;47-59-58.560N;069-29-50.280W;39.56
12868;47-59-58.560N;069-29-49.920W;39.06
12869;47-59-58.560N;069-29-49.560W;38.85
12870;47-59-58.560N;069-29-49.200W;38.48
12871;47-59-58.560N;069-29-48.840W;38.36
12872;47-59-58.560N;069-29-48.480W;38.04
12873;47-59-58.560N;069-29-48.120W;37.77
12874;47-59-58.560N;069-29-47.760W;37.69
12875;47-59-58.560N;069-29-47.400W;37.48
12876;47-59-58.560N;069-29-47.040W;37.23
12877;47-59-58.560N;069-29-46.680W;37.21
12878;47-59-58.560N;069-29-46.320W;37.36
12879;47-59-58.560N;069-29-45.960W;37.08
12880;47-59-58.560N;069-29-45.600W;36.97
12881;47-59-58.560N;069-29-45.240W;36.87
12882;47-59-58.560N;069-29-44.880W;36.71
12883;47-59-58.560N;069-29-44.520W;36.65
12884;47-59-58.560N;069-29-44.160W;36.43
12885;47-59-58.560N;069-29-43.800W;36.3
12886;47-59-58.560N;069-29-43.440W;35.9
12887;47-59-58.560N;069-29-43.080W;35.75
12888;47-59-58.560N;069-29-42.720W;35.46
12889;47-59-58.560N;069-29-42.360W;35.31
12890;47-59-58.560N;069-29-42.000W;34.98
12891;47-59-58.560N;069-29-41.640W;34.82
12892;47-59-58.560N;069-29-41.280W;34.71
12893;47-59-58.560N;069-29-40.920W;34.6
12894;47-59-58.560N;069-29-40.560W;34.28
12895;47-59-58.560N;069-29-40.200W;34.32
12896;47-59-58.560N;069-29-39.840W;33.95
12897;47-59-58.560N;069-29-39.480W;33.78
12898;47-59-58.560N;069-29-39.120W;33.6
12899;47-59-58.560N;069-29-38.760W;33.46
12900;47-59-58.560N;069-29-38.400W;33.25
12901;47-59-58.560N;069-29-38.040W;33.09
12902;47-59-58.560N;069-29-37.680W;32.8
12903;47-59-58.560N;069-29-37.320W;32.64
12904;47-59-58.560N;069-29-36.960W;32.38
12905;47-59-58.560N;069-29-36.600W;32.31
12906;47-59-58.560N;069-29-36.240W;31.85
12907;47-59-58.560N;069-29-35.880W;31.64
12908;47-59-58.560N;069-29-35.520W;31.17
12909;47-59-58.560N;069-29-35.160W;31.06
12910;47-59-58.560N;069-29-34.800W;30.39
12911;47-59-58.560N;069-29-34.440W;29.92
12912;47-59-58.560N;069-29-34.080W;29.5
12913;47-59-58.560N;069-29-33.720W;29.12
12914;47-59-58.560N;069-29-33.360W;29.06
12915;47-59-58.560N;069-29-33.000W;29.01
12916;47-59-58.560N;069-29-32.640W;29.04
12917;47-59-58.560N;069-29-32.280W;29.04
12918;47-59-58.560N;069-29-31.920W;29.09
12919;47-59-58.560N;069-29-31.560W;29.16
12920;47-59-58.560N;069-29-31.200W;29.12
12921;47-59-58.560N;069-29-30.840W;29.04
12922;47-59-58.560N;069-29-30.480W;29.01
12923;47-59-58.560N;069-29-30.120W;28.91
12924;47-59-58.560N;069-29-29.760W;28.81
12925;47-59-58.560N;069-29-29.400W;28.58
12926;47-59-58.560N;069-29-29.040W;28.49
12927;47-59-58.560N;069-29-28.680W;28.34
12928;47-59-58.560N;069-29-28.320W;28.3
12929;47-59-58.560N;069-29-27.960W;28.22
12930;47-59-58.560N;069-29-27.600W;28.12
12931;47-59-58.560N;069-29-27.240W;27.99
12932;47-59-58.560N;069-29-26.880W;28.01
12933;47-59-58.560N;069-29-26.520W;27.93
12934;47-59-58.560N;069-29-26.160W;27.91
12935;47-59-58.560N;069-29-25.800W;27.88
12936;47-59-58.560N;069-29-25.440W;27.83
12937;47-59-58.560N;069-29-25.080W;27.77
12938;47-59-58.560N;069-29-24.720W;27.79
12939;47-59-58.560N;069-29-24.360W;27.74
12940;47-59-58.560N;069-29-24.000W;27.7
12941;47-59-58.560N;069-29-23.640W;27.65
12942;47-59-58.560N;069-29-23.280W;27.39
12943;47-59-58.560N;069-29-22.920W;27.16
12944;47-59-58.560N;069-29-22.560W;26.95
12945;47-59-58.560N;069-29-22.200W;26.8
12946;47-59-58.560N;069-29-21.840W;26.72
12947;47-59-58.560N;069-29-21.480W;26.69
12948;47-59-58.560N;069-29-21.120W;26.52
12949;47-59-58.560N;069-29-20.760W;26.42
12950;47-59-58.560N;069-29-20.400W;26.24
12951;47-59-58.560N;069-29-20.040W;26.11
12952;47-59-58.560N;069-29-19.680W;25.89
12953;47-59-58.560N;069-29-19.320W;25.82
12954;47-59-58.560N;069-29-18.960W;25.6
12955;47-59-58.560N;069-29-18.600W;25.46
12956;47-59-58.560N;069-29-18.240W;25.32
12957;47-59-58.560N;069-29-17.880W;25.17
12958;47-59-58.560N;069-29-17.520W;25.01
12959;47-59-58.560N;069-29-17.160W;24.94
12960;47-59-58.560N;069-29-16.800W;24.81
12961;47-59-58.560N;069-29-16.440W;24.76
12962;47-59-58.560N;069-29-16.080W;24.56
12963;47-59-58.560N;069-29-15.720W;24.53
12964;47-59-58.560N;069-29-15.360W;24.4
12965;47-59-58.560N;069-29-15.000W;24.39
12966;47-59-58.560N;069-29-14.640W;24.3
12967;47-59-58.560N;069-29-14.280W;24.17
12968;47-59-58.560N;069-29-13.920W;24.14
12969;47-59-58.560N;069-29-13.560W;23.93
12970;47-59-58.560N;069-29-13.200W;24.0
12971;47-59-58.560N;069-29-12.840W;24.0
12972;47-59-58.560N;069-29-12.480W;23.99
12973;47-59-58.560N;069-29-12.120W;23.94
12974;47-59-58.560N;069-29-11.760W;23.87
12975;47-59-58.560N;069-29-11.400W;23.78
12976;47-59-58.560N;069-29-11.040W;23.71
12977;47-59-58.560N;069-29-10.680W;23.59
12978;47-59-58.560N;069-29-10.320W;23.42
12979;47-59-58.560N;069-29-09.960W;23.24
12980;47-59-58.560N;069-29-09.600W;23.2
12981;47-59-58.560N;069-29-09.240W;22.93
12982;47-59-58.560N;069-29-08.880W;22.82
12983;47-59-58.560N;069-29-08.520W;22.69
12984;47-59-58.560N;069-29-08.160W;22.52
12985;47-59-58.560N;069-29-07.800W;22.27
12986;47-59-58.560N;069-29-07.440W;22.12
12987;47-59-58.560N;069-29-07.080W;21.71
12988;47-59-58.560N;069-29-06.720W;21.47
12989;47-59-58.560N;069-29-06.360W;20.73
12990;47-59-58.560N;069-29-06.000W;20.38
12991;47-59-58.560N;069-29-05.640W;20.16
12992;47-59-58.560N;069-29-05.280W;19.81
12993;47-59-58.560N;069-29-04.920W;19.48
12994;47-59-58.560N;069-29-04.560W;19.19
12995;47-59-58.560N;069-29-04.200W;18.97
12996;47-59-58.560N;069-29-03.840W;18.74
12997;47-59-58.560N;069-29-03.480W;18.43
12998;47-59-58.560N;069-29-03.120W;18.16
12999;47-59-58.560N;069-29-02.760W;17.82
13000;47-59-58.560N;069-29-02.400W;17.59
13001;47-59-58.560N;069-29-02.040W;17.31
13002;47-59-58.560N;069-29-01.680W;17.15
13003;47-59-58.560N;069-29-01.320W;16.62
13004;47-59-58.560N;069-29-00.960W;16.74
13005;47-59-58.560N;069-29-00.600W;16.45
13006;47-59-58.560N;069-29-00.240W;16.25
13007;47-59-58.560N;069-28-59.880W;15.99
13008;47-59-58.560N;069-28-59.520W;15.72
13009;47-59-58.560N;069-28-59.160W;15.49
13010;47-59-58.560N;069-28-58.800W;15.19
13011;47-59-58.560N;069-28-58.440W;14.9
13012;47-59-58.560N;069-28-58.080W;14.46
13013;47-59-58.560N;069-28-57.720W;14.17
13014;47-59-58.560N;069-28-57.360W;13.76
13015;47-59-58.560N;069-28-57.000W;13.44
13016;47-59-58.560N;069-28-56.640W;13.02
13017;47-59-58.560N;069-28-56.280W;12.6
13018;47-59-58.560N;069-28-55.920W;12.21
13019;47-59-58.560N;069-28-55.560W;11.81
13020;47-59-58.560N;069-28-55.200W;11.32
13021;47-59-58.560N;069-28-54.840W;10.46
13022;47-59-58.560N;069-28-54.480W;10.31
13023;47-59-58.560N;069-28-54.120W;10.38
13024;47-59-58.496N;069-27-08.110W;-1.2
13025;47-59-58.920N;069-29-59.640W;45.23
13026;47-59-58.920N;069-29-59.280W;45.22
13027;47-59-58.920N;069-29-58.920W;44.83
13028;47-59-58.920N;069-29-58.560W;44.9
13029;47-59-58.920N;069-29-58.200W;44.85
13030;47-59-58.920N;069-29-57.840W;44.74
13031;47-59-58.920N;069-29-57.480W;44.37
13032;47-59-58.920N;069-29-57.120W;44.4
13033;47-59-58.920N;069-29-56.760W;44.11
13034;47-59-58.920N;069-29-56.400W;44.1
13035;47-59-58.920N;069-29-56.040W;44.03
13036;47-59-58.920N;069-29-55.680W;43.82
13037;47-59-58.920N;069-29-55.320W;43.66
13038;47-59-58.920N;069-29-54.960W;43.59
13039;47-59-58.920N;069-29-54.600W;43.48
13040;47-59-58.920N;069-29-54.240W;43.21
13041;47-59-58.920N;069-29-53.880W;43.01
13042;47-59-58.920N;069-29-53.520W;42.75
13043;47-59-58.920N;069-29-53.160W;42.55
13044;47-59-58.920N;069-29-52.800W;42.14
13045;47-59-58.920N;069-29-52.440W;41.98
13046;47-59-58.920N;069-29-52.080W;41.52
13047;47-59-58.920N;069-29-51.720W;41.24
13048;47-59-58.920N;069-29-51.360W;40.73
13049;47-59-58.920N;069-29-51.000W;40.55
13050;47-59-58.920N;069-29-50.640W;40.22
13051;47-59-58.920N;069-29-50.280W;39.98
13052;47-59-58.920N;069-29-49.920W;39.5
13053;47-59-58.920N;069-29-49.560W;39.33
13054;47-59-58.920N;069-29-49.200W;38.9
13055;47-59-58.920N;069-29-48.840W;38.67
13056;47-59-58.920N;069-29-48.480W;38.38
13057;47-59-58.920N;069-29-48.120W;38.16
13058;47-59-58.920N;069-29-47.760W;37.89
13059;47-59-58.920N;069-29-47.400W;37.84
13060;47-59-58.920N;069-29-47.040W;37.68
13061;47-59-58.920N;069-29-46.320W;37.68
13062;47-59-58.920N;069-29-45.960W;37.53
13063;47-59-58.920N;069-29-45.600W;37.27
13064;47-59-58.920N;069-29-45.240W;37.25
13065;47-59-58.920N;069-29-44.880W;37.09
13066;47-59-58.920N;069-29-44.160W;36.72
13067;47-59-58.920N;069-29-43.800W;36.61
13068;47-59-58.920N;069-29-43.440W;36.15
13069;47-59-58.920N;069-29-43.080W;36.04
13070;47-59-58.920N;069-29-42.720W;35.67
13071;47-59-58.920N;069-29-42.360W;35.54
13072;47-59-58.920N;069-29-42.000W;35.34
13073;47-59-58.920N;069-29-41.640W;35.26
13074;47-59-58.920N;069-29-41.280W;35.01
13075;47-59-58.920N;069-29-40.920W;34.81
13076;47-59-58.920N;069-29-40.560W;34.67
13077;47-59-58.920N;069-29-40.200W;34.44
13078;47-59-58.920N;069-29-39.840W;34.22
13079;47-59-58.920N;069-29-39.480W;34.11
13080;47-59-58.920N;069-29-39.120W;33.91
13081;47-59-58.920N;069-29-38.760W;33.84
13082;47-59-58.920N;069-29-38.400W;33.39
13083;47-59-58.920N;069-29-38.040W;33.29
13084;47-59-58.920N;069-29-37.680W;33.13
13085;47-59-58.920N;069-29-37.320W;32.95
13086;47-59-58.920N;069-29-36.960W;32.61
13087;47-59-58.920N;069-29-36.600W;32.5
13088;47-59-58.920N;069-29-36.240W;32.23
13089;47-59-58.920N;069-29-35.880W;32.02
13090;47-59-58.920N;069-29-35.520W;31.55
13091;47-59-58.920N;069-29-35.160W;31.34
13092;47-59-58.920N;069-29-34.800W;30.68
13093;47-59-58.920N;069-29-34.440W;30.24
13094;47-59-58.920N;069-29-34.080W;29.85
13095;47-59-58.920N;069-29-33.720W;29.52
13096;47-59-58.920N;069-29-33.360W;29.54
13097;47-59-58.920N;069-29-33.000W;29.49
13098;47-59-58.920N;069-29-32.640W;29.48
13099;47-59-58.920N;069-29-32.280W;29.55
13100;47-59-58.920N;069-29-31.920W;29.62
13101;47-59-58.920N;069-29-31.560W;29.43
13102;47-59-58.920N;069-29-31.200W;29.45
13103;47-59-58.920N;069-29-30.840W;29.44
13104;47-59-58.920N;069-29-30.480W;29.31
13105;47-59-58.920N;069-29-30.120W;29.2
13106;47-59-58.920N;069-29-29.760W;29.0
13107;47-59-58.920N;069-29-29.400W;28.82
13108;47-59-58.920N;069-29-29.040W;28.7
13109;47-59-58.920N;069-29-28.680W;28.56
13110;47-59-58.920N;069-29-28.320W;28.5
13111;47-59-58.920N;069-29-27.960W;28.44
13112;47-59-58.920N;069-29-27.600W;28.29
13113;47-59-58.920N;069-29-27.240W;28.24
13114;47-59-58.920N;069-29-26.880W;28.08
13115;47-59-58.920N;069-29-26.520W;28.06
13116;47-59-58.920N;069-29-26.160W;27.98
13117;47-59-58.920N;069-29-25.800W;27.94
13118;47-59-58.920N;069-29-25.440W;27.88
13119;47-59-58.920N;069-29-25.080W;27.91
13120;47-59-58.920N;069-29-24.720W;27.86
13121;47-59-58.920N;069-29-24.360W;27.9
13122;47-59-58.920N;069-29-24.000W;27.92
13123;47-59-58.920N;069-29-23.640W;27.86
13124;47-59-58.920N;069-29-23.280W;27.64
13125;47-59-58.920N;069-29-22.920W;27.41
13126;47-59-58.920N;069-29-22.560W;27.26
13127;47-59-58.920N;069-29-22.200W;27.14
13128;47-59-58.920N;069-29-21.840W;26.97
13129;47-59-58.920N;069-29-21.480W;26.9
13130;47-59-58.920N;069-29-21.120W;26.75
13131;47-59-58.920N;069-29-20.760W;26.64
13132;47-59-58.920N;069-29-20.400W;26.53
13133;47-59-58.920N;069-29-20.040W;26.5
13134;47-59-58.920N;069-29-19.680W;26.23
13135;47-59-58.920N;069-29-19.320W;26.1
13136;47-59-58.920N;069-29-18.960W;25.86
13137;47-59-58.920N;069-29-18.600W;25.83
13138;47-59-58.920N;069-29-18.240W;25.54
13139;47-59-58.920N;069-29-17.880W;25.34
13140;47-59-58.920N;069-29-17.520W;25.22
13141;47-59-58.920N;069-29-17.160W;25.12
13142;47-59-58.920N;069-29-16.800W;24.99
13143;47-59-58.920N;069-29-16.440W;24.95
13144;47-59-58.920N;069-29-16.080W;24.8
13145;47-59-58.920N;069-29-15.720W;24.72
13146;47-59-58.920N;069-29-15.360W;24.52
13147;47-59-58.920N;069-29-15.000W;24.47
13148;47-59-58.920N;069-29-14.640W;24.34
13149;47-59-58.920N;069-29-14.280W;24.32
13150;47-59-58.920N;069-29-13.920W;24.26
13151;47-59-58.920N;069-29-13.560W;24.17
13152;47-59-58.920N;069-29-13.200W;24.22
13153;47-59-58.920N;069-29-12.840W;24.17
13154;47-59-58.920N;069-29-12.480W;24.15
13155;47-59-58.920N;069-29-12.120W;24.09
13156;47-59-58.920N;069-29-11.760W;24.08
13157;47-59-58.920N;069-29-11.400W;24.02
13158;47-59-58.920N;069-29-11.040W;23.94
13159;47-59-58.920N;069-29-10.680W;23.8
13160;47-59-58.920N;069-29-10.320W;23.72
13161;47-59-58.920N;069-29-09.960W;23.59
13162;47-59-58.920N;069-29-09.600W;23.42
13163;47-59-58.920N;069-29-09.240W;23.29
13164;47-59-58.920N;069-29-08.880W;23.13
13165;47-59-58.920N;069-29-08.520W;22.87
13166;47-59-58.920N;069-29-08.160W;22.79
13167;47-59-58.920N;069-29-07.800W;22.58
13168;47-59-58.920N;069-29-07.440W;22.39
13169;47-59-58.920N;069-29-07.080W;21.96
13170;47-59-58.920N;069-29-06.720W;21.78
13171;47-59-58.920N;069-29-06.360W;21.26
13172;47-59-58.920N;069-29-06.000W;20.74
13173;47-59-58.920N;069-29-05.640W;20.43
13174;47-59-58.920N;069-29-05.280W;20.17
13175;47-59-58.920N;069-29-04.920W;19.76
13176;47-59-58.920N;069-29-04.560W;19.53
13177;47-59-58.920N;069-29-04.200W;19.31
13178;47-59-58.920N;069-29-03.840W;19.07
13179;47-59-58.920N;069-29-03.480W;18.81
13180;47-59-58.920N;069-29-03.120W;18.54
13181;47-59-58.920N;069-29-02.760W;18.27
13182;47-59-58.920N;069-29-02.400W;17.96
13183;47-59-58.920N;069-29-02.040W;17.61
13184;47-59-58.920N;069-29-01.680W;17.43
13185;47-59-58.920N;069-29-01.320W;17.17
13186;47-59-58.920N;069-29-00.960W;16.88
13187;47-59-58.920N;069-29-00.600W;16.71
13188;47-59-58.920N;069-29-00.240W;16.48
13189;47-59-58.920N;069-28-59.880W;16.23
13190;47-59-58.920N;069-28-59.520W;15.94
13191;47-59-58.920N;069-28-59.160W;15.73
13192;47-59-58.920N;069-28-58.800W;15.43
13193;47-59-58.920N;069-28-58.440W;15.24
13194;47-59-58.920N;069-28-58.080W;14.89
13195;47-59-58.920N;069-28-57.720W;14.47
13196;47-59-58.920N;069-28-57.360W;14.16
13197;47-59-58.920N;069-28-57.000W;13.8
13198;47-59-58.920N;069-28-56.640W;13.46
13199;47-59-58.920N;069-28-56.280W;13.1
13200;47-59-58.920N;069-28-55.920W;12.78
13201;47-59-58.920N;069-28-55.560W;12.37
13202;47-59-58.920N;069-28-55.200W;11.91
13203;47-59-58.920N;069-28-54.840W;11.34
13204;47-59-58.920N;069-28-54.480W;10.65
13205;47-59-58.920N;069-28-54.120W;10.4
13206;47-59-58.920N;069-28-53.760W;10.41
13207;47-59-58.770N;069-27-24.762W;-1.5
13208;47-59-58.840N;069-27-16.347W;-1.5
13209;47-59-58.892N;069-26-59.950W;-0.6
13210;47-59-59.280N;069-29-59.640W;45.32
13211;47-59-59.280N;069-29-59.280W;45.3
13212;47-59-59.280N;069-29-58.920W;45.12
13213;47-59-59.280N;069-29-58.560W;45.01
13214;47-59-59.280N;069-29-58.200W;45.03
13215;47-59-59.280N;069-29-57.840W;44.86
13216;47-59-59.280N;069-29-57.480W;44.9
13217;47-59-59.280N;069-29-57.120W;44.53
13218;47-59-59.280N;069-29-56.760W;44.56
13219;47-59-59.280N;069-29-56.400W;44.38
13220;47-59-59.280N;069-29-56.040W;44.3
13221;47-59-59.280N;069-29-55.680W;44.09
13222;47-59-59.280N;069-29-55.320W;44.03
13223;47-59-59.280N;069-29-54.960W;43.91
13224;47-59-59.280N;069-29-54.600W;43.83
13225;47-59-59.280N;069-29-54.240W;43.43
13226;47-59-59.280N;069-29-53.880W;43.27
13227;47-59-59.280N;069-29-53.520W;43.02
13228;47-59-59.280N;069-29-53.160W;42.86
13229;47-59-59.280N;069-29-52.800W;42.55
13230;47-59-59.280N;069-29-52.440W;42.25
13231;47-59-59.280N;069-29-52.080W;41.94
13232;47-59-59.280N;069-29-51.720W;41.68
13233;47-59-59.280N;069-29-51.360W;41.24
13234;47-59-59.280N;069-29-51.000W;41.03
13235;47-59-59.280N;069-29-50.640W;40.6
13236;47-59-59.280N;069-29-50.280W;40.38
13237;47-59-59.280N;069-29-49.920W;39.87
13238;47-59-59.280N;069-29-49.560W;39.63
13239;47-59-59.280N;069-29-49.200W;39.29
13240;47-59-59.280N;069-29-48.840W;38.97
13241;47-59-59.280N;069-29-48.480W;38.57
13242;47-59-59.280N;069-29-48.120W;38.51
13243;47-59-59.280N;069-29-47.760W;38.31
13244;47-59-59.280N;069-29-47.040W;38.63
13245;47-59-59.280N;069-29-46.680W;38.33
13246;47-59-59.280N;069-29-46.320W;37.95
13247;47-59-59.280N;069-29-45.960W;37.86
13248;47-59-59.280N;069-29-45.600W;37.59
13249;47-59-59.280N;069-29-45.240W;37.6
13250;47-59-59.280N;069-29-44.880W;37.41
13251;47-59-59.280N;069-29-44.160W;36.96
13252;47-59-59.280N;069-29-43.800W;36.94
13253;47-59-59.280N;069-29-43.440W;36.37
13254;47-59-59.280N;069-29-43.080W;36.2
13255;47-59-59.280N;069-29-42.720W;35.96
13256;47-59-59.280N;069-29-42.360W;35.89
13257;47-59-59.280N;069-29-42.000W;35.53
13258;47-59-59.280N;069-29-41.640W;35.42
13259;47-59-59.280N;069-29-41.280W;35.24
13260;47-59-59.280N;069-29-40.920W;35.11
13261;47-59-59.280N;069-29-40.560W;35.06
13262;47-59-59.280N;069-29-40.200W;34.93
13263;47-59-59.280N;069-29-39.840W;34.63
13264;47-59-59.280N;069-29-39.480W;34.61
13265;47-59-59.280N;069-29-39.120W;34.25
13266;47-59-59.280N;069-29-38.760W;34.15
13267;47-59-59.280N;069-29-38.400W;33.8
13268;47-59-59.280N;069-29-38.040W;33.57
13269;47-59-59.280N;069-29-37.680W;33.33
13270;47-59-59.280N;069-29-37.320W;33.27
13271;47-59-59.280N;069-29-36.960W;32.96
13272;47-59-59.280N;069-29-36.600W;32.74
13273;47-59-59.280N;069-29-36.240W;32.51
13274;47-59-59.280N;069-29-35.880W;32.27
13275;47-59-59.280N;069-29-35.520W;31.76
13276;47-59-59.280N;069-29-35.160W;31.53
13277;47-59-59.280N;069-29-34.800W;31.02
13278;47-59-59.280N;069-29-34.440W;30.68
13279;47-59-59.280N;069-29-34.080W;29.94
13280;47-59-59.280N;069-29-33.720W;29.9
13281;47-59-59.280N;069-29-33.360W;29.8
13282;47-59-59.280N;069-29-33.000W;29.62
13283;47-59-59.280N;069-29-32.640W;29.78
13284;47-59-59.280N;069-29-32.280W;29.79
13285;47-59-59.280N;069-29-31.920W;29.9
13286;47-59-59.280N;069-29-31.560W;29.91
13287;47-59-59.280N;069-29-31.200W;29.83
13288;47-59-59.280N;069-29-30.840W;29.76
13289;47-59-59.280N;069-29-30.480W;29.63
13290;47-59-59.280N;069-29-30.120W;29.49
13291;47-59-59.280N;069-29-29.760W;29.31
13292;47-59-59.280N;069-29-29.400W;29.2
13293;47-59-59.280N;069-29-29.040W;29.13
13294;47-59-59.280N;069-29-28.680W;28.94
13295;47-59-59.280N;069-29-28.320W;28.79
13296;47-59-59.280N;069-29-27.960W;28.72
13297;47-59-59.280N;069-29-27.600W;28.57
13298;47-59-59.280N;069-29-27.240W;28.45
13299;47-59-59.280N;069-29-26.880W;28.38
13300;47-59-59.280N;069-29-26.520W;28.34
13301;47-59-59.280N;069-29-26.160W;28.19
13302;47-59-59.280N;069-29-25.800W;28.09
13303;47-59-59.280N;069-29-25.440W;28.12
13304;47-59-59.280N;069-29-25.080W;28.04
13305;47-59-59.280N;069-29-24.720W;27.91
13306;47-59-59.280N;069-29-24.360W;28.02
13307;47-59-59.280N;069-29-24.000W;28.07
13308;47-59-59.280N;069-29-23.640W;28.13
13309;47-59-59.280N;069-29-23.280W;27.85
13310;47-59-59.280N;069-29-22.920W;27.78
13311;47-59-59.280N;069-29-22.560W;27.52
13312;47-59-59.280N;069-29-22.200W;27.42
13313;47-59-59.280N;069-29-21.840W;27.17
13314;47-59-59.280N;069-29-21.480W;27.06
13315;47-59-59.280N;069-29-21.120W;26.88
13316;47-59-59.280N;069-29-20.760W;26.88
13317;47-59-59.280N;069-29-20.400W;26.75
13318;47-59-59.280N;069-29-20.040W;26.59
13319;47-59-59.280N;069-29-19.680W;26.47
13320;47-59-59.280N;069-29-19.320W;26.33
13321;47-59-59.280N;069-29-18.960W;26.12
13322;47-59-59.280N;069-29-18.600W;25.96
13323;47-59-59.280N;069-29-18.240W;25.78
13324;47-59-59.280N;069-29-17.880W;25.64
13325;47-59-59.280N;069-29-17.520W;25.41
13326;47-59-59.280N;069-29-17.160W;25.37
13327;47-59-59.280N;069-29-16.800W;25.1
13328;47-59-59.280N;069-29-16.440W;25.14
13329;47-59-59.280N;069-29-16.080W;24.97
13330;47-59-59.280N;069-29-15.720W;24.9
13331;47-59-59.280N;069-29-15.360W;24.75
13332;47-59-59.280N;069-29-15.000W;24.67
13333;47-59-59.280N;069-29-14.640W;24.46
13334;47-59-59.280N;069-29-14.280W;24.48
13335;47-59-59.280N;069-29-13.920W;24.38
13336;47-59-59.280N;069-29-13.560W;24.31
13337;47-59-59.280N;069-29-13.200W;24.38
13338;47-59-59.280N;069-29-12.840W;24.27
13339;47-59-59.280N;069-29-12.480W;24.25
13340;47-59-59.280N;069-29-12.120W;24.15
13341;47-59-59.280N;069-29-11.760W;24.17
13342;47-59-59.280N;069-29-11.400W;24.1
13343;47-59-59.280N;069-29-11.040W;24.07
13344;47-59-59.280N;069-29-10.680W;23.95
13345;47-59-59.280N;069-29-10.320W;23.92
13346;47-59-59.280N;069-29-09.960W;23.79
13347;47-59-59.280N;069-29-09.600W;23.67
13348;47-59-59.280N;069-29-09.240W;23.44
13349;47-59-59.280N;069-29-08.880W;23.33
13350;47-59-59.280N;069-29-08.520W;23.19
13351;47-59-59.280N;069-29-08.160W;23.13
13352;47-59-59.280N;069-29-07.800W;22.83
13353;47-59-59.280N;069-29-07.440W;22.72
13354;47-59-59.280N;069-29-07.080W;22.35
13355;47-59-59.280N;069-29-06.720W;22.03
13356;47-59-59.280N;069-29-06.360W;21.52
13357;47-59-59.280N;069-29-06.000W;21.25
13358;47-59-59.280N;069-29-05.640W;20.51
13359;47-59-59.280N;069-29-05.280W;20.31
13360;47-59-59.280N;069-29-04.920W;20.06
13361;47-59-59.280N;069-29-04.560W;19.85
13362;47-59-59.280N;069-29-04.200W;19.59
13363;47-59-59.280N;069-29-03.840W;19.35
13364;47-59-59.280N;069-29-03.480W;19.14
13365;47-59-59.280N;069-29-03.120W;18.91
13366;47-59-59.280N;069-29-02.760W;18.63
13367;47-59-59.280N;069-29-02.400W;18.35
13368;47-59-59.280N;069-29-02.040W;18.01
13369;47-59-59.280N;069-29-01.680W;17.67
13370;47-59-59.280N;069-29-01.320W;17.41
13371;47-59-59.280N;069-29-00.960W;17.09
13372;47-59-59.280N;069-29-00.600W;16.74
13373;47-59-59.280N;069-29-00.240W;16.49
13374;47-59-59.280N;069-28-59.880W;16.42
13375;47-59-59.280N;069-28-59.520W;16.19
13376;47-59-59.280N;069-28-59.160W;15.93
13377;47-59-59.280N;069-28-58.800W;15.65
13378;47-59-59.280N;069-28-58.440W;15.4
13379;47-59-59.280N;069-28-58.080W;15.13
13380;47-59-59.280N;069-28-57.720W;14.82
13381;47-59-59.280N;069-28-57.360W;14.53
13382;47-59-59.280N;069-28-57.000W;14.18
13383;47-59-59.280N;069-28-56.640W;13.86
13384;47-59-59.280N;069-28-56.280W;13.52
13385;47-59-59.280N;069-28-55.920W;13.18
13386;47-59-59.280N;069-28-55.560W;12.82
13387;47-59-59.280N;069-28-55.200W;12.44
13388;47-59-59.280N;069-28-54.840W;11.96
13389;47-59-59.280N;069-28-54.480W;11.45
13390;47-59-59.280N;069-28-54.120W;10.81
13391;47-59-59.280N;069-28-53.760W;10.36
13392;47-59-59.280N;069-28-53.400W;10.09
13393;47-59-59.640N;069-29-59.640W;45.45
13394;47-59-59.640N;069-29-59.280W;45.36
13395;47-59-59.640N;069-29-58.920W;45.37
13396;47-59-59.640N;069-29-58.560W;45.2
13397;47-59-59.640N;069-29-58.200W;45.15
13398;47-59-59.640N;069-29-57.840W;44.97
13399;47-59-59.640N;069-29-57.480W;44.94
13400;47-59-59.640N;069-29-57.120W;44.93
13401;47-59-59.640N;069-29-56.760W;44.79
13402;47-59-59.640N;069-29-56.400W;44.52
13403;47-59-59.640N;069-29-56.040W;44.6
13404;47-59-59.640N;069-29-55.680W;44.3
13405;47-59-59.640N;069-29-55.320W;44.27
13406;47-59-59.640N;069-29-54.960W;43.89
13407;47-59-59.640N;069-29-54.600W;43.96
13408;47-59-59.640N;069-29-54.240W;43.76
13409;47-59-59.640N;069-29-53.880W;43.47
13410;47-59-59.640N;069-29-53.520W;43.24
13411;47-59-59.640N;069-29-53.160W;43.13
13412;47-59-59.640N;069-29-52.800W;42.85
13413;47-59-59.640N;069-29-52.440W;42.69
13414;47-59-59.640N;069-29-52.080W;42.27
13415;47-59-59.640N;069-29-51.720W;42.06
13416;47-59-59.640N;069-29-51.360W;41.61
13417;47-59-59.640N;069-29-51.000W;41.41
13418;47-59-59.640N;069-29-50.640W;40.98
13419;47-59-59.640N;069-29-50.280W;40.78
13420;47-59-59.640N;069-29-49.920W;40.31
13421;47-59-59.640N;069-29-49.560W;40.12
13422;47-59-59.640N;069-29-49.200W;39.76
13423;47-59-59.640N;069-29-48.840W;39.48
13424;47-59-59.640N;069-29-48.480W;39.14
13425;47-59-59.640N;069-29-48.120W;38.89
13426;47-59-59.640N;069-29-47.760W;39.33
13427;47-59-59.640N;069-29-47.400W;38.99
13428;47-59-59.640N;069-29-47.040W;38.75
13429;47-59-59.640N;069-29-46.680W;38.56
13430;47-59-59.640N;069-29-46.320W;38.25
13431;47-59-59.640N;069-29-45.960W;38.18
13432;47-59-59.640N;069-29-45.600W;37.91
13433;47-59-59.640N;069-29-45.240W;37.82
13434;47-59-59.640N;069-29-44.880W;37.6
13435;47-59-59.640N;069-29-44.520W;37.96
13436;47-59-59.640N;069-29-44.160W;37.52
13437;47-59-59.640N;069-29-43.800W;37.33
13438;47-59-59.640N;069-29-43.440W;36.9
13439;47-59-59.640N;069-29-43.080W;36.59
13440;47-59-59.640N;069-29-42.720W;36.33
13441;47-59-59.640N;069-29-42.360W;36.31
13442;47-59-59.640N;069-29-42.000W;36.08
13443;47-59-59.640N;069-29-41.640W;35.96
13444;47-59-59.640N;069-29-41.280W;35.57
13445;47-59-59.640N;069-29-40.920W;35.64
13446;47-59-59.640N;069-29-40.560W;35.44
13447;47-59-59.640N;069-29-40.200W;35.25
13448;47-59-59.640N;069-29-39.840W;34.81
13449;47-59-59.640N;069-29-39.480W;34.8
13450;47-59-59.640N;069-29-39.120W;34.6
13451;47-59-59.640N;069-29-38.760W;34.39
13452;47-59-59.640N;069-29-38.400W;34.02
13453;47-59-59.640N;069-29-38.040W;33.89
13454;47-59-59.640N;069-29-37.680W;33.64
13455;47-59-59.640N;069-29-37.320W;33.54
13456;47-59-59.640N;069-29-36.960W;33.17
13457;47-59-59.640N;069-29-36.600W;32.96
13458;47-59-59.640N;069-29-36.240W;32.64
13459;47-59-59.640N;069-29-35.880W;32.38
13460;47-59-59.640N;069-29-35.520W;32.25
13461;47-59-59.640N;069-29-35.160W;31.78
13462;47-59-59.640N;069-29-34.800W;31.57
13463;47-59-59.640N;069-29-34.440W;30.83
13464;47-59-59.640N;069-29-34.080W;30.56
13465;47-59-59.640N;069-29-33.720W;30.29
13466;47-59-59.640N;069-29-33.360W;30.28
13467;47-59-59.640N;069-29-33.000W;30.09
13468;47-59-59.640N;069-29-32.640W;30.19
13469;47-59-59.640N;069-29-32.280W;30.29
13470;47-59-59.640N;069-29-31.920W;30.25
13471;47-59-59.640N;069-29-31.560W;30.27
13472;47-59-59.640N;069-29-31.200W;30.17
13473;47-59-59.640N;069-29-30.840W;30.04
13474;47-59-59.640N;069-29-30.480W;30.08
13475;47-59-59.640N;069-29-30.120W;29.93
13476;47-59-59.640N;069-29-29.760W;29.72
13477;47-59-59.640N;069-29-29.400W;29.62
13478;47-59-59.640N;069-29-29.040W;29.43
13479;47-59-59.640N;069-29-28.680W;29.21
13480;47-59-59.640N;069-29-28.320W;29.16
13481;47-59-59.640N;069-29-27.960W;28.89
13482;47-59-59.640N;069-29-27.600W;28.88
13483;47-59-59.640N;069-29-27.240W;28.76
13484;47-59-59.640N;069-29-26.880W;28.64
13485;47-59-59.640N;069-29-26.520W;28.52
13486;47-59-59.640N;069-29-26.160W;28.5
13487;47-59-59.640N;069-29-25.800W;28.32
13488;47-59-59.640N;069-29-25.440W;28.2
13489;47-59-59.640N;069-29-25.080W;28.19
13490;47-59-59.640N;069-29-24.720W;28.15
13491;47-59-59.640N;069-29-24.360W;28.27
13492;47-59-59.640N;069-29-24.000W;28.25
13493;47-59-59.640N;069-29-23.640W;28.25
13494;47-59-59.640N;069-29-23.280W;28.19
13495;47-59-59.640N;069-29-22.920W;28.07
13496;47-59-59.640N;069-29-22.560W;27.8
13497;47-59-59.640N;069-29-22.200W;27.57
13498;47-59-59.640N;069-29-21.840W;27.37
13499;47-59-59.640N;069-29-21.480W;27.23
13500;47-59-59.640N;069-29-21.120W;27.1
13501;47-59-59.640N;069-29-20.760W;27.01
13502;47-59-59.640N;069-29-20.400W;26.87
13503;47-59-59.640N;069-29-20.040W;26.75
13504;47-59-59.640N;069-29-19.680W;26.63
13505;47-59-59.640N;069-29-19.320W;26.47
13506;47-59-59.640N;069-29-18.960W;26.22
13507;47-59-59.640N;069-29-18.600W;26.13
13508;47-59-59.640N;069-29-18.240W;25.95
13509;47-59-59.640N;069-29-17.880W;25.79
13510;47-59-59.640N;069-29-17.520W;25.54
13511;47-59-59.640N;069-29-17.160W;25.4
13512;47-59-59.640N;069-29-16.800W;25.38
13513;47-59-59.640N;069-29-16.440W;25.24
13514;47-59-59.640N;069-29-16.080W;25.13
13515;47-59-59.640N;069-29-15.720W;25.0
13516;47-59-59.640N;069-29-15.360W;24.89
13517;47-59-59.640N;069-29-15.000W;24.89
13518;47-59-59.640N;069-29-14.640W;24.71
13519;47-59-59.640N;069-29-14.280W;24.61
13520;47-59-59.640N;069-29-13.920W;24.5
13521;47-59-59.640N;069-29-13.560W;24.48
13522;47-59-59.640N;069-29-13.200W;24.42
13523;47-59-59.640N;069-29-12.840W;24.41
13524;47-59-59.640N;069-29-12.480W;24.36
13525;47-59-59.640N;069-29-12.120W;24.27
13526;47-59-59.640N;069-29-11.760W;24.26
13527;47-59-59.640N;069-29-11.400W;24.2
13528;47-59-59.640N;069-29-11.040W;24.19
13529;47-59-59.640N;069-29-10.680W;24.15
13530;47-59-59.640N;069-29-10.320W;24.13
13531;47-59-59.640N;069-29-09.960W;24.05
13532;47-59-59.640N;069-29-09.600W;23.92
13533;47-59-59.640N;069-29-09.240W;23.76
13534;47-59-59.640N;069-29-08.880W;23.66
13535;47-59-59.640N;069-29-08.520W;23.43
13536;47-59-59.640N;069-29-08.160W;23.28
13537;47-59-59.640N;069-29-07.800W;23.11
13538;47-59-59.640N;069-29-07.440W;22.9
13539;47-59-59.640N;069-29-07.080W;22.56
13540;47-59-59.640N;069-29-06.720W;22.25
13541;47-59-59.640N;069-29-06.360W;21.72
13542;47-59-59.640N;069-29-06.000W;21.41
13543;47-59-59.640N;069-29-05.640W;21.18
13544;47-59-59.640N;069-29-05.280W;20.85
13545;47-59-59.640N;069-29-04.920W;20.21
13546;47-59-59.640N;069-29-04.560W;20.05
13547;47-59-59.640N;069-29-04.200W;19.86
13548;47-59-59.640N;069-29-03.840W;19.61
13549;47-59-59.640N;069-29-03.480W;19.44
13550;47-59-59.640N;069-29-03.120W;19.2
13551;47-59-59.640N;069-29-02.760W;19.01
13552;47-59-59.640N;069-29-02.400W;18.67
13553;47-59-59.640N;069-29-02.040W;18.4
13554;47-59-59.640N;069-29-01.680W;18.03
13555;47-59-59.640N;069-29-01.320W;17.64
13556;47-59-59.640N;069-29-00.960W;17.4
13557;47-59-59.640N;069-29-00.600W;17.12
13558;47-59-59.640N;069-29-00.240W;16.63
13559;47-59-59.640N;069-28-59.880W;16.51
13560;47-59-59.640N;069-28-59.520W;16.37
13561;47-59-59.640N;069-28-59.160W;16.14
13562;47-59-59.640N;069-28-58.800W;15.92
13563;47-59-59.640N;069-28-58.440W;15.59
13564;47-59-59.640N;069-28-58.080W;15.31
13565;47-59-59.640N;069-28-57.720W;15.04
13566;47-59-59.640N;069-28-57.360W;14.83
13567;47-59-59.640N;069-28-57.000W;14.53
13568;47-59-59.640N;069-28-56.640W;14.24
13569;47-59-59.640N;069-28-56.280W;13.89
13570;47-59-59.640N;069-28-55.920W;13.61
13571;47-59-59.640N;069-28-55.560W;13.26
13572;47-59-59.640N;069-28-55.200W;12.9
13573;47-59-59.640N;069-28-54.840W;12.43
13574;47-59-59.640N;069-28-54.480W;12.02
13575;47-59-59.640N;069-28-54.120W;11.53
13576;47-59-59.640N;069-28-53.760W;10.85
13577;47-59-59.640N;069-28-53.400W;10.11
13578;47-59-59.640N;069-28-53.040W;9.96
13579;48-00-00.000N;069-29-59.640W;45.61
13580;48-00-00.000N;069-29-59.280W;45.52
13581;48-00-00.000N;069-29-58.920W;45.53
13582;48-00-00.000N;069-29-58.560W;45.29
13583;48-00-00.000N;069-29-58.200W;45.27
13584;48-00-00.000N;069-29-57.840W;44.97
13585;48-00-00.000N;069-29-57.480W;45.1
13586;48-00-00.000N;069-29-57.120W;45.02
13587;48-00-00.000N;069-29-56.760W;44.99
13588;48-00-00.000N;069-29-56.400W;44.84
13589;48-00-00.000N;069-29-56.040W;44.59
13590;48-00-00.000N;069-29-55.680W;44.46
13591;48-00-00.000N;069-29-55.320W;44.36
13592;48-00-00.000N;069-29-54.960W;44.04
13593;48-00-00.000N;069-29-54.600W;44.02
13594;48-00-00.000N;069-29-54.240W;43.83
13595;48-00-00.000N;069-29-53.880W;43.8
13596;48-00-00.000N;069-29-53.520W;43.5
13597;48-00-00.000N;069-29-53.160W;43.34
13598;48-00-00.000N;069-29-52.800W;43.05
13599;48-00-00.000N;069-29-52.440W;42.96
13600;48-00-00.000N;069-29-52.080W;42.61
13601;48-00-00.000N;069-29-51.720W;42.42
13602;48-00-00.000N;069-29-51.360W;41.96
13603;48-00-00.000N;069-29-51.000W;41.75
13604;48-00-00.000N;069-29-50.640W;41.33
13605;48-00-00.000N;069-29-50.280W;41.19
13606;48-00-00.000N;069-29-49.920W;40.76
13607;48-00-00.000N;069-29-49.560W;40.55
13608;48-00-00.000N;069-29-49.200W;40.12
13609;48-00-00.000N;069-29-48.840W;40.14
13610;48-00-00.000N;069-29-48.480W;39.83
13611;48-00-00.000N;069-29-48.120W;39.98
13612;48-00-00.000N;069-29-47.760W;39.49
13613;48-00-00.000N;069-29-47.400W;39.31
13614;48-00-00.000N;069-29-47.040W;39.07
13615;48-00-00.000N;069-29-46.680W;38.92
13616;48-00-00.000N;069-29-46.320W;38.71
13617;48-00-00.000N;069-29-45.960W;38.69
13618;48-00-00.000N;069-29-45.600W;38.33
13619;48-00-00.000N;069-29-45.240W;38.23
13620;48-00-00.000N;069-29-44.880W;38.14
13621;48-00-00.000N;069-29-44.520W;38.16
13622;48-00-00.000N;069-29-44.160W;37.81
13623;48-00-00.000N;069-29-43.800W;37.62
13624;48-00-00.000N;069-29-43.440W;37.05
13625;48-00-00.000N;069-29-43.080W;36.85
13626;48-00-00.000N;069-29-42.720W;36.67
13627;48-00-00.000N;069-29-42.360W;36.48
13628;48-00-00.000N;069-29-42.000W;36.24
13629;48-00-00.000N;069-29-41.640W;36.22
13630;48-00-00.000N;069-29-41.280W;35.89
13631;48-00-00.000N;069-29-40.920W;36.02
13632;48-00-00.000N;069-29-39.840W;35.2
13633;48-00-00.000N;069-29-39.480W;35.04
13634;48-00-00.000N;069-29-39.120W;34.65
13635;48-00-00.000N;069-29-38.760W;34.46
13636;48-00-00.000N;069-29-38.400W;34.17
13637;48-00-00.000N;069-29-38.040W;34.02
13638;48-00-00.000N;069-29-37.680W;33.66
13639;48-00-00.000N;069-29-37.320W;33.67
13640;48-00-00.000N;069-29-36.960W;33.46
13641;48-00-00.000N;069-29-36.600W;33.12
13642;48-00-00.000N;069-29-36.240W;32.99
13643;48-00-00.000N;069-29-35.880W;32.62
13644;48-00-00.000N;069-29-35.520W;32.43
13645;48-00-00.000N;069-29-35.160W;31.96
13646;48-00-00.000N;069-29-34.800W;31.71
13647;48-00-00.000N;069-29-34.440W;31.2
13648;48-00-00.000N;069-29-34.080W;31.0
13649;48-00-00.000N;069-29-33.720W;30.7
13650;48-00-00.000N;069-29-33.360W;30.72
13651;48-00-00.000N;069-29-33.000W;30.64
13652;48-00-00.000N;069-29-32.640W;30.66
13653;48-00-00.000N;069-29-32.280W;30.58
13654;48-00-00.000N;069-29-31.920W;30.64
13655;48-00-00.000N;069-29-31.560W;30.59
13656;48-00-00.000N;069-29-31.200W;30.56
13657;48-00-00.000N;069-29-30.840W;30.46
13658;48-00-00.000N;069-29-30.480W;30.39
13659;48-00-00.000N;069-29-30.120W;30.25
13660;48-00-00.000N;069-29-29.760W;30.16
13661;48-00-00.000N;069-29-29.400W;29.97
13662;48-00-00.000N;069-29-29.040W;29.77
13663;48-00-00.000N;069-29-28.680W;29.51
13664;48-00-00.000N;069-29-28.320W;29.41
13665;48-00-00.000N;069-29-27.960W;29.21
13666;48-00-00.000N;069-29-27.600W;29.02
13667;48-00-00.000N;069-29-27.240W;28.92
13668;48-00-00.000N;069-29-26.880W;28.88
13669;48-00-00.000N;069-29-26.520W;28.75
13670;48-00-00.000N;069-29-26.160W;28.62
13671;48-00-00.000N;069-29-25.800W;28.56
13672;48-00-00.000N;069-29-25.440W;28.35
13673;48-00-00.000N;069-29-25.080W;28.34
13674;48-00-00.000N;069-29-24.720W;28.22
13675;48-00-00.000N;069-29-24.360W;28.25
13676;48-00-00.000N;069-29-24.000W;28.23
13677;48-00-00.000N;069-29-23.640W;28.32
13678;48-00-00.000N;069-29-23.280W;28.32
13679;48-00-00.000N;069-29-22.920W;28.22
13680;48-00-00.000N;069-29-22.560W;28.14
13681;48-00-00.000N;069-29-22.200W;27.99
13682;48-00-00.000N;069-29-21.840W;27.71
13683;48-00-00.000N;069-29-21.480W;27.53
13684;48-00-00.000N;069-29-21.120W;27.31
13685;48-00-00.000N;069-29-20.760W;27.21
13686;48-00-00.000N;069-29-20.400W;26.92
13687;48-00-00.000N;069-29-20.040W;26.8
13688;48-00-00.000N;069-29-19.680W;26.78
13689;48-00-00.000N;069-29-19.320W;26.64
13690;48-00-00.000N;069-29-18.960W;26.37
13691;48-00-00.000N;069-29-18.600W;26.25
13692;48-00-00.000N;069-29-18.240W;26.03
13693;48-00-00.000N;069-29-17.880W;25.99
13694;48-00-00.000N;069-29-17.520W;25.85
13695;48-00-00.000N;069-29-17.160W;25.65
13696;48-00-00.000N;069-29-16.800W;25.49
13697;48-00-00.000N;069-29-16.440W;25.42
13698;48-00-00.000N;069-29-16.080W;25.29
13699;48-00-00.000N;069-29-15.720W;25.23
13700;48-00-00.000N;069-29-15.360W;25.06
13701;48-00-00.000N;069-29-15.000W;25.0
13702;48-00-00.000N;069-29-14.640W;24.94
13703;48-00-00.000N;069-29-14.280W;24.82
13704;48-00-00.000N;069-29-13.920W;24.68
13705;48-00-00.000N;069-29-13.560W;24.59
13706;48-00-00.000N;069-29-13.200W;24.55
13707;48-00-00.000N;069-29-12.840W;24.57
13708;48-00-00.000N;069-29-12.480W;24.51
13709;48-00-00.000N;069-29-12.120W;24.46
13710;48-00-00.000N;069-29-11.760W;24.4
13711;48-00-00.000N;069-29-11.400W;24.3
13712;48-00-00.000N;069-29-11.040W;24.38
13713;48-00-00.000N;069-29-10.680W;24.33
13714;48-00-00.000N;069-29-10.320W;24.29
13715;48-00-00.000N;069-29-09.960W;24.26
13716;48-00-00.000N;069-29-09.600W;24.15
13717;48-00-00.000N;069-29-09.240W;24.02
13718;48-00-00.000N;069-29-08.880W;23.92
13719;48-00-00.000N;069-29-08.520W;23.7
13720;48-00-00.000N;069-29-08.160W;23.49
13721;48-00-00.000N;069-29-07.800W;23.25
13722;48-00-00.000N;069-29-07.440W;23.08
13723;48-00-00.000N;069-29-07.080W;22.85
13724;48-00-00.000N;069-29-06.720W;22.56
13725;48-00-00.000N;069-29-06.360W;22.13
13726;48-00-00.000N;069-29-06.000W;21.63
13727;48-00-00.000N;069-29-05.640W;21.31
13728;48-00-00.000N;069-29-05.280W;21.03
13729;48-00-00.000N;069-29-04.920W;20.72
13730;48-00-00.000N;069-29-04.560W;20.25
13731;48-00-00.000N;069-29-04.200W;20.09
13732;48-00-00.000N;069-29-03.840W;19.89
13733;48-00-00.000N;069-29-03.480W;19.79
13734;48-00-00.000N;069-29-03.120W;19.53
13735;48-00-00.000N;069-29-02.760W;19.3
13736;48-00-00.000N;069-29-02.400W;19.06
13737;48-00-00.000N;069-29-02.040W;18.72
13738;48-00-00.000N;069-29-01.680W;18.36
13739;48-00-00.000N;069-29-01.320W;18.04
13740;48-00-00.000N;069-29-00.960W;17.68
13741;48-00-00.000N;069-29-00.600W;17.4
13742;48-00-00.000N;069-29-00.240W;17.08
13743;48-00-00.000N;069-28-59.880W;16.64
13744;48-00-00.000N;069-28-59.520W;16.34
13745;48-00-00.000N;069-28-59.160W;16.29
13746;48-00-00.000N;069-28-58.800W;16.09
13747;48-00-00.000N;069-28-58.440W;15.77
13748;48-00-00.000N;069-28-58.080W;15.51
13749;48-00-00.000N;069-28-57.720W;15.22
13750;48-00-00.000N;069-28-57.360W;15.0
13751;48-00-00.000N;069-28-57.000W;14.75
13752;48-00-00.000N;069-28-56.640W;14.56
13753;48-00-00.000N;069-28-56.280W;14.31
13754;48-00-00.000N;069-28-55.920W;13.99
13755;48-00-00.000N;069-28-55.560W;13.69
13756;48-00-00.000N;069-28-55.200W;13.3
13757;48-00-00.000N;069-28-54.840W;12.94
13758;48-00-00.000N;069-28-54.480W;12.51
13759;48-00-00.000N;069-28-54.120W;12.08
13760;48-00-00.000N;069-28-53.760W;11.44
13761;48-00-00.000N;069-28-53.400W;10.81
13762;48-00-00.000N;069-28-53.040W;10.03
13763;48-00-00.000N;069-28-52.680W;9.8
13764;47-59-30.893N;069-26-55.188W;-2.74
13765;47-59-35.252N;069-26-55.076W;-2.13
13766;47-59-38.761N;069-26-53.293W;-1.83
13767;47-59-42.095N;069-26-52.796W;-1.52
13768;47-59-44.793N;069-26-49.588W;-1.52
13769;47-59-47.243N;069-26-46.684W;-1.52
13770;47-59-48.161N;069-26-54.983W;-0.3
13771;47-59-48.983N;069-26-34.812W;-2.13
13772;47-59-49.654N;069-26-43.410W;-1.22
13773;47-59-49.564N;069-26-28.996W;-2.13
13774;47-59-50.447N;069-26-51.952W;-0.61
13775;47-59-50.760N;069-26-23.375W;-2.13
13776;47-59-52.065N;069-26-39.953W;-1.52
13777;47-59-52.284N;069-26-33.148W;-2.13
13778;47-59-53.224N;069-26-49.175W;-0.91
13779;47-59-53.083N;069-26-20.471W;-2.13
13780;47-59-54.128N;069-26-28.702W;-2.13
13781;47-59-54.632N;069-26-37.725W;-1.52
13782;47-59-55.019N;069-25-58.326W;-2.74
13783;47-59-55.150N;069-26-44.789W;-0.91
13784;47-59-55.458N;069-26-16.280W;-2.44
13785;47-59-55.982N;069-26-53.762W;4.27
13786;47-59-56.451N;069-26-25.919W;-2.13
13787;47-59-57.213N;069-26-48.873W;3.05
13788;47-59-56.966N;069-26-33.654W;-1.83
13789;47-59-57.074N;069-26-03.747W;-2.74
13790;47-59-57.353N;069-26-41.758W;-0.91
13791;47-59-57.417N;069-25-56.405W;-2.74
13792;47-59-57.696N;069-26-13.742W;-2.44
13793;47-59-58.825N;069-26-21.850W;-2.13
13794;47-59-58.842N;069-26-09.104W;-2.74
13795;47-59-59.315N;069-26-53.264W;1.22
13796;47-59-59.249N;069-26-30.747W;-1.83
13797;47-59-59.540N;069-26-45.597W;2.44
13798;47-59-59.473N;069-26-01.642W;-2.74
13799;47-59-59.969N;069-26-38.487W;-1.22
