;Lat (DMS);Long (DMS);Depth (m)
0;47-42-41.820N;069-41-59.532W;-1.2
1;47-42-43.992N;069-41-57.822W;-1.2
2;47-42-44.128N;069-41-45.562W;-2.7
3;47-42-46.846N;069-41-55.664W;-0.9
4;47-42-46.824N;069-41-49.166W;-1.8
5;47-42-46.856N;069-41-43.951W;-2.7
6;47-42-49.453N;069-41-53.594W;-0.9
7;47-42-49.487N;069-41-47.921W;-1.2
8;47-42-50.992N;069-41-44.188W;-1.8
9;47-42-52.366N;069-41-51.803W;-0.9
10;47-42-53.187N;069-41-59.044W;-0.6
11;47-42-53.414N;069-41-41.933W;-0.9
12;47-42-53.629N;069-41-47.335W;-0.3
13;47-42-55.160N;069-41-49.461W;-0.3
14;47-42-55.593N;069-41-39.217W;-0.6
15;47-42-55.796N;069-41-56.607W;-0.6
16;47-42-55.974N;069-41-51.873W;-0.0
17;47-42-56.542N;069-41-45.635W;-0.3
18;47-42-57.575N;069-41-48.395W;-0.3
19;47-42-58.068N;069-41-55.217W;-0.0
20;47-42-57.952N;069-41-37.143W;-0.6
21;47-42-58.775N;069-41-49.185W;-0.0
22;47-42-58.597N;069-41-42.917W;-0.3
23;47-43-00.625N;069-41-34.160W;-0.6
24;47-43-00.820N;069-41-53.014W;0.3
25;47-43-01.123N;069-41-47.148W;-0.0
26;47-43-01.391N;069-41-40.392W;-0.3
27;47-43-02.863N;069-41-31.810W;-0.6
28;47-43-03.367N;069-41-50.668W;0.3
29;47-43-03.579N;069-41-44.656W;-0.0
30;47-43-03.752N;069-41-38.044W;-0.3
31;47-43-04.321N;069-41-56.265W;0.6
32;47-43-05.990N;069-41-35.513W;-0.3
33;47-43-05.782N;069-41-29.104W;-0.3
34;47-43-06.220N;069-41-48.694W;0.3
35;47-43-06.208N;069-41-41.965W;-0.0
36;47-43-07.226N;069-41-55.846W;0.6
37;47-43-07.711N;069-41-26.657W;-0.3
38;47-43-08.116N;069-41-20.897W;-0.9
39;47-43-08.375N;069-41-39.570W;0.3
40;47-43-08.287N;069-41-33.530W;-0.3
41;47-43-09.075N;069-41-46.260W;0.6
42;47-43-09.648N;069-41-53.773W;0.6
43;47-43-10.170N;069-41-18.361W;-0.9
44;47-43-10.687N;069-41-37.312W;0.3
45;47-43-10.651N;069-41-30.724W;-0.3
46;47-43-11.384N;069-41-44.460W;0.6
47;47-43-12.453N;069-41-51.613W;0.9
48;47-43-12.296N;069-41-26.534W;-0.3
49;47-43-12.470N;069-41-15.829W;-0.9
50;47-43-12.718N;069-41-58.756W;0.9
51;47-43-13.059N;069-41-10.254W;-0.6
52;47-43-13.358N;069-41-34.693W;0.3
53;47-43-13.931N;069-41-42.114W;0.6
54;47-43-14.597N;069-41-23.910W;-0.3
55;47-43-14.681N;069-41-07.530W;-1.5
56;47-43-14.933N;069-41-49.999W;0.9
57;47-43-15.328N;069-41-56.228W;1.2
58;47-43-15.533N;069-41-32.617W;0.3
59;47-43-16.352N;069-41-40.042W;0.9
60;47-43-16.709N;069-41-21.833W;-0.3
61;47-43-16.676N;069-41-14.695W;-0.3
62;47-43-17.108N;069-41-04.450W;-1.2
63;47-43-17.298N;069-41-47.101W;0.6
64;47-43-17.931N;069-41-54.707W;1.2
65;47-43-18.451N;069-41-29.910W;0.6
66;47-43-18.913N;069-41-12.528W;-0.3
67;47-43-19.420N;069-41-53.537W;0.9
68;47-43-19.389N;069-41-38.251W;0.9
69;47-43-19.715N;069-41-02.378W;-1.2
70;47-43-20.028N;069-41-45.033W;0.9
71;47-43-19.746N;069-41-20.042W;0.3
72;47-43-20.442N;069-41-27.648W;0.6
73;47-43-20.850N;069-41-52.000W;0.9
74;47-43-21.337N;069-41-09.905W;-0.3
75;47-43-21.610N;069-41-58.967W;1.2
76;47-43-21.750N;069-41-35.903W;0.9
77;47-43-21.906N;069-41-18.059W;0.3
78;47-43-22.512N;069-41-42.778W;0.9
79;47-43-22.718N;069-41-06.262W;-0.3
80;47-43-23.109N;069-41-25.761W;0.6
81;47-43-23.457N;069-41-49.838W;1.2
82;47-43-24.032N;069-41-56.893W;1.2
83;47-43-24.480N;069-41-33.926W;0.9
84;47-43-24.576N;069-41-15.622W;0.3
85;47-43-25.116N;069-41-41.073W;1.2
86;47-43-25.470N;069-41-23.321W;0.6
87;47-43-25.309N;069-41-10.534W;-0.0
88;47-43-25.690N;069-41-48.312W;1.2
89;47-43-25.507N;069-41-04.651W;-0.3
90;47-43-26.639N;069-41-54.732W;1.2
91;47-43-26.817N;069-41-25.352W;0.6
92;47-43-26.865N;069-40-54.234W;-0.9
93;47-43-27.211N;069-41-31.673W;0.9
94;47-43-27.302N;069-41-47.235W;0.9
95;47-43-27.723N;069-41-38.911W;1.2
96;47-43-27.918N;069-41-14.476W;0.3
97;47-43-28.140N;069-41-21.068W;0.3
98;47-43-28.509N;069-41-09.022W;-0.0
99;47-43-28.511N;069-41-05.109W;-0.0
100;47-43-28.608N;069-41-02.403W;-0.3
101;47-43-28.794N;069-41-45.516W;0.9
102;47-43-28.794N;069-40-51.880W;-0.9
103;47-43-29.394N;069-41-58.705W;1.5
104;47-43-29.122N;069-41-52.568W;1.2
105;47-43-29.485N;069-41-23.282W;0.9
106;47-43-29.798N;069-41-03.472W;-0.0
107;47-43-29.938N;069-41-30.062W;0.9
108;47-43-29.867N;069-40-58.484W;-0.3
109;47-43-30.451N;069-41-37.117W;0.9
110;47-43-30.614N;069-41-18.173W;0.6
111;47-43-30.723N;069-40-49.433W;-0.9
112;47-43-31.214N;069-41-43.809W;1.2
113;47-43-31.569N;069-41-56.537W;1.5
114;47-43-31.299N;069-41-07.501W;-0.0
115;47-43-31.789N;069-41-50.773W;1.2
116;47-43-32.277N;069-41-21.122W;0.9
117;47-43-32.290N;069-40-55.953W;-0.3
118;47-43-32.484N;069-41-27.807W;0.9
119;47-43-32.671N;069-41-14.905W;0.3
120;47-43-32.534N;069-41-03.562W;-0.0
121;47-43-32.811N;069-41-35.043W;0.9
122;47-43-32.781N;069-40-46.074W;-0.6
123;47-43-33.759N;069-41-41.646W;1.2
124;47-43-33.477N;069-40-53.771W;-0.3
125;47-43-34.460N;069-41-48.337W;1.5
126;47-43-34.233N;069-41-11.997W;0.3
127;47-43-34.545N;069-41-54.563W;1.5
128;47-43-34.578N;069-41-00.778W;-0.0
129;47-43-34.994N;069-41-18.872W;0.9
130;47-43-34.902N;069-40-42.531W;-0.6
131;47-43-35.461N;069-41-25.833W;1.2
132;47-43-35.538N;069-40-49.862W;-0.3
133;47-43-35.485N;069-40-38.054W;-0.6
134;47-43-35.611N;069-41-08.043W;-0.0
135;47-43-36.179N;069-41-39.756W;0.9
136;47-43-36.036N;069-41-32.797W;1.2
137;47-43-36.291N;069-40-58.293W;-0.3
138;47-43-36.969N;069-41-52.124W;1.5
139;47-43-36.757N;069-41-46.263W;1.2
140;47-43-37.358N;069-41-59.178W;1.5
141;47-43-37.354N;069-41-16.797W;0.9
142;47-43-37.733N;069-41-05.086W;0.3
143;47-43-38.006N;069-41-23.670W;1.2
144;47-43-38.001N;069-41-11.863W;0.6
145;47-43-37.780N;069-40-46.688W;-0.3
146;47-43-38.106N;069-40-54.289W;-0.3
147;47-43-38.303N;069-40-41.843W;-0.3
148;47-43-38.787N;069-41-37.411W;1.5
149;47-43-38.521N;069-41-30.450W;1.2
150;47-43-38.640N;069-40-37.087W;-0.3
151;47-43-38.933N;069-41-44.003W;1.2
152;47-43-39.451N;069-41-50.234W;1.5
153;47-43-39.323N;069-41-03.085W;-0.0
154;47-43-39.906N;069-41-56.649W;1.5
155;47-43-40.246N;069-40-39.214W;-0.6
156;47-43-40.551N;069-41-21.506W;1.2
157;47-43-40.342N;069-41-14.824W;0.9
158;47-43-40.498N;069-41-09.425W;0.9
159;47-43-40.430N;069-40-58.126W;-0.0
160;47-43-40.299N;069-40-51.023W;-0.3
161;47-43-40.712N;069-40-33.453W;-0.6
162;47-43-41.002N;069-41-28.652W;1.2
163;47-43-41.021N;069-40-54.237W;-0.9
164;47-43-41.130N;069-40-46.274W;-0.3
165;47-43-41.456N;069-41-35.340W;1.2
166;47-43-41.933N;069-41-48.254W;1.5
167;47-43-41.972N;069-41-41.847W;1.2
168;47-43-42.119N;069-41-06.883W;0.6
169;47-43-42.208N;069-40-41.528W;-0.3
170;47-43-42.450N;069-41-54.669W;1.5
171;47-43-42.700N;069-41-13.116W;0.9
172;47-43-42.769N;069-40-30.276W;-0.3
173;47-43-43.022N;069-40-55.737W;-0.0
174;47-43-42.824N;069-40-52.246W;-1.2
175;47-43-43.278N;069-41-19.803W;0.9
176;47-43-43.670N;069-41-26.582W;1.2
177;47-43-43.508N;069-41-01.867W;0.6
178;47-43-43.516N;069-40-50.361W;-0.0
179;47-43-43.705N;069-40-39.076W;-0.3
180;47-43-43.876N;069-41-33.450W;1.5
181;47-43-44.396N;069-41-39.316W;1.2
182;47-43-44.727N;069-41-45.819W;1.5
183;47-43-44.699N;069-40-27.555W;-0.3
184;47-43-45.118N;069-41-52.690W;1.5
185;47-43-45.081N;069-40-46.600W;-0.3
186;47-43-44.982N;069-40-21.425W;-0.6
187;47-43-45.326N;069-41-59.101W;1.5
188;47-43-45.612N;069-41-32.283W;1.2
189;47-43-45.615N;069-41-10.957W;0.6
190;47-43-45.316N;069-40-38.273W;-3.4
191;47-43-45.588N;069-40-15.591W;-3.4
192;47-43-45.954N;069-41-05.927W;0.9
193;47-43-46.013N;069-40-35.261W;-0.3
194;47-43-46.068N;069-41-17.920W;1.2
195;47-43-46.061N;069-41-00.675W;-0.0
196;47-43-46.403N;069-41-24.147W;1.2
197;47-43-46.698N;069-40-55.135W;0.6
198;47-43-46.635N;069-40-44.881W;-0.3
199;47-43-46.941N;069-41-37.244W;1.5
200;47-43-47.040N;069-41-31.112W;1.5
201;47-43-46.918N;069-40-17.788W;-0.6
202;47-43-47.356N;069-41-50.340W;1.8
203;47-43-47.149N;069-41-43.563W;1.5
204;47-43-47.449N;069-40-32.346W;-0.0
205;47-43-47.750N;069-41-56.570W;1.5
206;47-43-47.513N;069-40-42.696W;-1.2
207;47-43-48.037N;069-41-08.700W;0.9
208;47-43-48.017N;069-40-51.398W;0.3
209;47-43-48.624N;069-41-03.490W;0.9
210;47-43-48.674N;069-40-40.755W;-0.0
211;47-43-49.190N;069-41-22.719W;1.2
212;47-43-48.923N;069-41-15.486W;0.9
213;47-43-49.184N;069-40-21.113W;-0.3
214;47-43-49.514N;069-40-59.291W;0.9
215;47-43-49.289N;069-40-34.754W;-0.3
216;47-43-49.280N;069-40-15.255W;-0.3
217;47-43-49.902N;069-41-47.903W;1.8
218;47-43-49.795N;069-41-35.176W;1.5
219;47-43-49.647N;069-41-28.950W;1.2
220;47-43-49.885N;069-40-48.860W;0.3
221;47-43-49.671N;069-40-29.035W;-0.0
222;47-43-50.065N;069-41-41.405W;1.8
223;47-43-50.478N;069-41-54.776W;1.8
224;47-43-50.620N;069-40-06.849W;-4.9
225;47-43-50.950N;069-41-06.999W;0.9
226;47-43-50.707N;069-40-27.141W;-0.0
227;47-43-51.396N;069-40-12.445W;-0.3
228;47-43-51.527N;069-41-13.781W;1.2
229;47-43-51.572N;069-40-45.586W;0.3
230;47-43-51.882N;069-41-27.057W;1.2
231;47-43-52.045N;069-41-20.376W;1.2
232;47-43-51.938N;069-40-56.668W;0.6
233;47-43-52.242N;069-41-38.871W;1.5
234;47-43-52.218N;069-41-32.645W;1.2
235;47-43-52.187N;069-40-25.088W;-0.3
236;47-43-52.781N;069-41-51.878W;1.8
237;47-43-52.813N;069-40-15.019W;-0.0
238;47-43-52.594N;069-40-08.249W;-0.3
239;47-43-52.880N;069-41-45.746W;1.8
240;47-43-53.124N;069-41-04.922W;0.9
241;47-43-53.188N;069-40-33.432W;-0.3
242;47-43-53.003N;069-40-20.613W;-0.0
243;47-43-53.430N;069-41-58.936W;1.8
244;47-43-53.564N;069-40-53.210W;0.9
245;47-43-53.879N;069-40-41.863W;0.3
246;47-43-54.012N;069-41-11.433W;0.9
247;47-43-54.342N;069-41-30.752W;1.2
248;47-43-54.466N;069-41-18.031W;1.2
249;47-43-54.349N;069-40-04.225W;-0.0
250;47-43-54.863N;069-41-36.526W;1.2
251;47-43-54.873N;069-41-24.626W;1.5
252;47-43-55.002N;069-41-00.644W;0.9
253;47-43-54.934N;069-40-11.605W;-0.0
254;47-43-54.755N;069-39-59.764W;-0.9
255;47-43-55.192N;069-41-43.305W;1.8
256;47-43-55.182N;069-40-30.345W;-0.3
257;47-43-55.137N;069-39-47.227W;-1.2
258;47-43-55.401N;069-41-49.624W;1.8
259;47-43-55.684N;069-40-49.942W;1.2
260;47-43-55.586N;069-40-19.138W;-0.0
261;47-43-55.791N;069-41-56.587W;1.8
262;47-43-55.816N;069-40-38.134W;0.3
263;47-43-55.970N;069-40-25.904W;-0.0
264;47-43-55.776N;069-39-54.101W;-0.9
265;47-43-56.312N;069-41-08.992W;1.2
266;47-43-56.811N;069-40-08.642W;-0.0
267;47-43-57.073N;069-41-15.868W;0.9
268;47-43-56.872N;069-40-57.831W;1.2
269;47-43-57.492N;069-41-40.956W;1.5
270;47-43-57.345N;069-41-34.637W;1.5
271;47-43-57.506N;069-41-28.414W;1.2
272;47-43-57.419N;069-41-22.371W;1.2
273;47-43-57.434N;069-40-46.486W;0.9
274;47-43-57.467N;069-40-15.668W;-0.0
275;47-43-57.193N;069-39-44.049W;-0.9
276;47-43-57.638N;069-41-47.457W;2.1
277;47-43-57.872N;069-40-35.049W;0.3
278;47-43-57.629N;069-40-02.820W;-0.3
279;47-43-57.894N;069-39-51.016W;-0.6
280;47-43-57.940N;069-41-05.260W;1.2
281;47-43-58.224N;069-40-27.729W;-1.2
282;47-43-58.147N;069-40-23.964W;-0.0
283;47-43-58.160N;069-39-58.434W;-0.3
284;47-43-58.277N;069-41-54.057W;1.8
285;47-43-58.928N;069-40-54.928W;1.5
286;47-43-59.251N;069-41-13.242W;1.2
287;47-43-59.248N;069-40-42.573W;0.6
288;47-43-59.246N;069-40-31.253W;-0.0
289;47-43-59.313N;069-39-40.688W;-0.6
290;47-43-59.343N;069-41-20.839W;1.2
291;47-43-59.548N;069-40-12.964W;-0.0
292;47-43-59.640N;069-39-48.108W;-0.6
293;47-43-59.438N;069-39-18.902W;-1.2
294;47-43-59.986N;069-41-26.799W;1.2
295;47-43-59.990N;069-41-03.090W;1.2
296;47-44-00.160N;069-41-38.885W;1.5
297;47-44-00.141N;069-41-31.927W;1.5
298;47-44-00.108N;069-40-07.842W;-0.0
299;47-44-00.579N;069-41-51.341W;2.1
300;47-44-00.553N;069-41-45.482W;1.8
301;47-44-00.471N;069-40-20.757W;-0.0
302;47-44-00.463N;069-39-55.442W;-0.3
303;47-44-00.832N;069-41-19.669W;1.2
304;47-44-00.862N;069-40-51.657W;0.9
305;47-44-00.874N;069-40-39.115W;0.6
306;47-44-01.002N;069-40-27.948W;0.6
307;47-44-00.901N;069-40-02.862W;-0.3
308;47-44-01.338N;069-41-58.492W;2.1
309;47-44-01.184N;069-41-10.064W;1.2
310;47-44-01.234N;069-39-07.206W;-1.2
311;47-44-01.775N;069-39-52.713W;-0.3
312;47-44-01.864N;069-40-59.636W;1.5
313;47-44-01.996N;069-40-47.828W;0.9
314;47-44-02.113N;069-40-17.526W;0.3
315;47-44-02.191N;069-39-44.936W;-0.3
316;47-44-01.978N;069-39-38.983W;-0.3
317;47-44-01.944N;069-39-34.130W;-0.6
318;47-44-02.555N;069-41-18.321W;1.2
319;47-44-02.383N;069-39-22.234W;-0.9
320;47-44-02.301N;069-39-15.001W;-0.9
321;47-44-02.685N;069-41-29.947W;1.5
322;47-44-02.936N;069-40-35.205W;0.6
323;47-44-02.753N;069-39-59.507W;-0.0
324;47-44-02.590N;069-39-29.194W;-0.9
325;47-44-03.183N;069-41-49.637W;1.8
326;47-44-02.975N;069-41-43.225W;1.8
327;47-44-03.138N;069-41-36.728W;1.5
328;47-44-02.959N;069-41-25.373W;1.2
329;47-44-03.054N;069-41-07.250W;1.5
330;47-44-03.182N;069-40-24.863W;0.3
331;47-44-03.482N;069-39-24.445W;-1.2
332;47-44-03.615N;069-39-12.088W;-1.2
333;47-44-03.799N;069-40-56.274W;1.2
334;47-44-03.935N;069-40-43.825W;0.6
335;47-44-03.685N;069-40-12.694W;-0.3
336;47-44-04.068N;069-41-56.332W;1.8
337;47-44-04.123N;069-41-14.313W;1.2
338;47-44-04.309N;069-40-32.752W;0.6
339;47-44-04.639N;069-40-07.945W;-0.3
340;47-44-04.468N;069-39-57.050W;-0.3
341;47-44-04.638N;069-39-48.904W;-0.3
342;47-44-04.439N;069-39-19.056W;-0.6
343;47-44-04.849N;069-41-16.886W;1.2
344;47-44-04.863N;069-41-04.252W;1.8
345;47-44-04.993N;069-40-52.810W;0.6
346;47-44-04.993N;069-40-21.408W;0.6
347;47-44-05.027N;069-40-15.549W;-0.6
348;47-44-04.949N;069-39-38.014W;-0.3
349;47-44-04.831N;069-39-26.110W;-0.3
350;47-44-05.438N;069-41-34.286W;1.5
351;47-44-05.652N;069-39-44.614W;-0.3
352;47-44-05.677N;069-39-07.811W;-0.9
353;47-44-06.101N;069-41-47.204W;1.8
354;47-44-06.016N;069-41-40.794W;1.8
355;47-44-05.936N;069-41-23.307W;1.5
356;47-44-05.868N;069-40-40.737W;0.6
357;47-44-05.821N;069-39-34.409W;-0.0
358;47-44-05.894N;069-39-02.137W;-1.2
359;47-44-06.489N;069-41-54.442W;1.8
360;47-44-06.233N;069-41-12.784W;1.5
361;47-44-06.182N;069-40-29.297W;0.6
362;47-44-06.289N;069-40-17.769W;-0.0
363;47-44-06.383N;069-40-03.714W;-0.0
364;47-44-06.433N;069-39-16.060W;-0.6
365;47-44-06.696N;069-41-30.458W;1.5
366;47-44-06.737N;069-41-00.707W;1.5
367;47-44-06.753N;069-40-47.707W;0.9
368;47-44-06.764N;069-39-23.022W;-0.3
369;47-44-07.258N;069-41-19.205W;1.5
370;47-44-06.959N;069-39-53.419W;-0.3
371;47-44-07.211N;069-38-58.675W;-1.2
372;47-44-07.555N;069-40-37.372W;0.9
373;47-44-07.860N;069-41-09.144W;1.5
374;47-44-07.870N;069-40-57.060W;0.9
375;47-44-07.951N;069-39-42.171W;-0.3
376;47-44-08.253N;069-41-38.627W;1.5
377;47-44-08.263N;069-41-14.002W;0.9
378;47-44-08.176N;069-40-26.210W;0.3
379;47-44-08.139N;069-40-13.994W;-0.0
380;47-44-08.068N;069-40-00.767W;-0.0
381;47-44-08.198N;069-39-31.462W;-0.3
382;47-44-08.216N;069-39-06.561W;-0.6
383;47-44-08.458N;069-41-45.404W;2.1
384;47-44-08.372N;069-40-45.347W;0.6
385;47-44-08.583N;069-39-49.447W;-0.0
386;47-44-08.613N;069-39-12.883W;-0.6
387;47-44-08.891N;069-39-39.804W;-0.0
388;47-44-09.285N;069-41-51.641W;1.8
389;47-44-09.121N;069-40-33.638W;0.9
390;47-44-09.389N;069-40-09.014W;-0.9
391;47-44-09.186N;069-39-20.672W;-0.3
392;47-44-09.425N;069-41-28.571W;1.5
393;47-44-09.602N;069-41-17.315W;1.8
394;47-44-09.673N;069-41-05.414W;1.5
395;47-44-09.625N;069-40-52.779W;1.2
396;47-44-09.608N;069-40-10.667W;-0.0
397;47-44-09.917N;069-41-59.340W;1.5
398;47-44-10.127N;069-41-35.081W;1.5
399;47-44-10.134N;069-41-23.637W;1.8
400;47-44-10.123N;069-39-59.141W;-0.0
401;47-44-10.311N;069-40-41.344W;1.2
402;47-44-10.237N;069-40-22.483W;0.3
403;47-44-10.316N;069-39-28.193W;-0.3
404;47-44-10.150N;069-39-03.198W;-0.6
405;47-44-11.006N;069-41-42.875W;1.5
406;47-44-10.986N;069-41-13.122W;1.5
407;47-44-11.177N;069-41-01.863W;1.2
408;47-44-11.117N;069-40-30.276W;0.9
409;47-44-10.946N;069-40-17.365W;-0.3
410;47-44-10.969N;069-39-11.173W;-0.6
411;47-44-11.521N;069-41-49.565W;1.5
412;47-44-11.430N;069-40-50.423W;0.9
413;47-44-11.433N;069-40-07.941W;0.3
414;47-44-11.381N;069-39-36.355W;-0.3
415;47-44-11.242N;069-39-17.585W;-0.3
416;47-44-11.873N;069-40-38.160W;0.9
417;47-44-12.095N;069-41-56.714W;1.5
418;47-44-12.047N;069-40-19.119W;0.3
419;47-44-12.205N;069-39-56.182W;-0.0
420;47-44-12.077N;069-39-44.238W;0.3
421;47-44-12.021N;069-39-00.017W;-0.6
422;47-44-12.314N;069-41-20.553W;1.8
423;47-44-12.442N;069-40-56.844W;1.2
424;47-44-12.429N;069-39-25.931W;-0.3
425;47-44-12.531N;069-39-08.080W;-0.3
426;47-44-12.855N;069-41-33.378W;1.8
427;47-44-12.744N;069-40-26.727W;0.9
428;47-44-12.891N;069-39-20.719W;-0.9
429;47-44-13.306N;069-41-40.433W;1.5
430;47-44-13.379N;069-41-28.258W;1.8
431;47-44-13.161N;069-41-10.862W;1.5
432;47-44-13.368N;069-40-46.419W;1.2
433;47-44-13.023N;069-39-33.682W;-0.0
434;47-44-13.572N;069-40-04.340W;-0.0
435;47-44-13.420N;069-39-14.682W;-0.3
436;47-44-13.923N;069-41-17.647W;1.8
437;47-44-13.927N;069-41-06.752W;1.2
438;47-44-13.867N;069-40-35.256W;1.2
439;47-44-13.920N;069-40-15.664W;0.3
440;47-44-14.054N;069-39-52.507W;-0.0
441;47-44-13.958N;069-38-56.012W;-0.9
442;47-44-14.132N;069-41-56.832W;1.5
443;47-44-14.127N;069-41-47.677W;1.5
444;47-44-14.372N;069-40-54.306W;1.2
445;47-44-14.319N;069-39-41.062W;0.3
446;47-44-14.147N;069-39-22.827W;-0.0
447;47-44-14.677N;069-40-23.548W;1.2
448;47-44-15.072N;069-41-54.648W;1.8
449;47-44-15.065N;069-41-25.168W;2.1
450;47-44-14.997N;069-40-42.595W;0.9
451;47-44-15.173N;069-40-12.659W;0.3
452;47-44-15.255N;069-41-01.550W;1.2
453;47-44-15.499N;069-40-30.700W;0.9
454;47-44-15.426N;069-40-01.126W;0.3
455;47-44-15.796N;069-39-31.101W;-0.3
456;47-44-15.720N;069-39-11.965W;-0.3
457;47-44-15.569N;069-39-06.012W;-0.3
458;47-44-15.911N;069-41-38.637W;1.8
459;47-44-15.961N;069-41-07.419W;1.2
460;47-44-15.999N;069-40-50.757W;1.2
461;47-44-16.125N;069-39-38.338W;0.3
462;47-44-16.160N;069-39-19.918W;-0.0
463;47-44-16.318N;069-41-32.600W;1.8
464;47-44-16.506N;069-41-21.890W;1.8
465;47-44-16.591N;069-41-15.667W;1.8
466;47-44-16.366N;069-40-19.815W;1.2
467;47-44-16.861N;069-41-44.967W;1.5
468;47-44-16.748N;069-40-38.956W;1.2
469;47-44-17.132N;069-41-51.196W;1.5
470;47-44-17.185N;069-40-27.608W;1.5
471;47-44-17.049N;069-39-27.915W;-0.0
472;47-44-17.204N;069-39-00.997W;-0.3
473;47-44-17.670N;069-41-53.950W;1.8
474;47-44-17.661N;069-41-12.294W;1.5
475;47-44-17.619N;069-40-16.902W;0.9
476;47-44-17.417N;069-40-09.117W;0.6
477;47-44-17.558N;069-39-57.583W;0.3
478;47-44-17.561N;069-39-46.322W;0.3
479;47-44-17.947N;069-41-59.264W;1.5
480;47-44-17.799N;069-40-59.569W;1.2
481;47-44-17.812N;069-40-47.026W;1.2
482;47-44-18.067N;069-41-29.235W;1.8
483;47-44-18.376N;069-40-35.223W;0.9
484;47-44-18.202N;069-39-17.669W;-0.0
485;47-44-18.679N;069-41-07.363W;1.5
486;47-44-18.558N;069-39-35.516W;-0.0
487;47-44-18.757N;069-39-10.172W;-0.3
488;47-44-19.004N;069-41-04.621W;1.5
489;47-44-18.813N;069-40-23.967W;1.2
490;47-44-18.808N;069-39-55.127W;0.3
491;47-44-19.130N;069-39-25.006W;-0.0
492;47-44-19.159N;069-41-42.892W;1.5
493;47-44-19.197N;069-41-36.483W;1.8
494;47-44-19.262N;069-41-25.680W;2.1
495;47-44-19.305N;069-40-55.653W;1.5
496;47-44-19.440N;069-40-43.202W;0.9
497;47-44-19.255N;069-40-11.704W;0.3
498;47-44-19.287N;069-40-06.211W;0.3
499;47-44-19.689N;069-40-00.814W;0.3
500;47-44-19.558N;069-39-42.868W;0.3
501;47-44-19.688N;069-38-58.464W;-0.3
502;47-44-20.126N;069-41-56.455W;1.2
503;47-44-19.918N;069-41-50.043W;1.5
504;47-44-20.034N;069-41-20.563W;1.8
505;47-44-19.999N;069-40-32.314W;1.2
506;47-44-19.905N;069-40-16.657W;0.9
507;47-44-20.093N;069-39-32.445W;-0.0
508;47-44-19.894N;069-39-05.791W;-0.3
509;47-44-20.451N;069-41-33.387W;2.1
510;47-44-20.499N;069-40-20.784W;1.2
511;47-44-20.919N;069-41-04.463W;1.2
512;47-44-20.844N;069-40-14.472W;0.9
513;47-44-20.786N;069-40-03.300W;0.3
514;47-44-20.681N;069-39-51.581W;0.3
515;47-44-20.873N;069-39-21.736W;-0.0
516;47-44-21.215N;069-41-16.919W;1.5
517;47-44-21.054N;069-40-52.196W;1.2
518;47-44-21.192N;069-40-39.471W;1.2
519;47-44-21.516N;069-41-41.092W;1.8
520;47-44-21.585N;069-41-29.648W;2.1
521;47-44-21.502N;069-40-28.672W;1.2
522;47-44-21.502N;069-40-07.613W;0.6
523;47-44-21.366N;069-39-39.778W;0.3
524;47-44-21.570N;069-39-15.060W;-0.3
525;47-44-21.863N;069-39-28.706W;0.3
526;47-44-22.274N;069-40-04.510W;0.3
527;47-44-22.235N;069-40-00.481W;0.3
528;47-44-22.367N;069-39-48.305W;0.3
529;47-44-22.206N;069-39-10.580W;-0.0
530;47-44-22.464N;069-41-47.788W;1.5
531;47-44-22.430N;069-41-12.174W;1.5
532;47-44-22.559N;069-41-00.730W;1.5
533;47-44-22.514N;069-40-47.728W;0.9
534;47-44-22.584N;069-40-35.919W;1.5
535;47-44-22.665N;069-40-11.565W;0.9
536;47-44-22.580N;069-39-03.115W;-0.0
537;47-44-22.412N;069-38-57.399W;-0.6
538;47-44-22.959N;069-40-24.569W;1.5
539;47-44-23.059N;069-39-30.265W;-0.0
540;47-44-23.104N;069-41-54.206W;1.2
541;47-44-23.327N;069-41-37.729W;2.1
542;47-44-23.339N;069-41-25.551W;1.8
543;47-44-23.932N;069-41-08.897W;1.5
544;47-44-24.004N;069-40-56.721W;1.5
545;47-44-24.047N;069-39-56.842W;0.3
546;47-44-23.856N;069-39-25.801W;0.3
547;47-44-23.953N;069-39-18.338W;-0.0
548;47-44-24.411N;069-41-21.903W;1.5
549;47-44-24.326N;069-40-44.090W;1.2
550;47-44-24.269N;069-40-32.827W;1.5
551;47-44-24.218N;069-40-20.557W;1.2
552;47-44-24.294N;069-40-07.557W;0.6
553;47-44-24.299N;069-39-45.400W;0.3
554;47-44-24.751N;069-41-47.453W;1.5
555;47-44-24.643N;069-41-44.888W;1.5
556;47-44-24.947N;069-39-14.443W;-0.0
557;47-44-25.099N;069-39-02.743W;-0.3
558;47-44-25.461N;069-41-52.497W;1.2
559;47-44-25.321N;069-41-34.916W;1.8
560;47-44-25.511N;069-40-52.620W;0.9
561;47-44-25.382N;069-39-07.844W;-0.0
562;47-44-25.734N;069-41-17.345W;1.5
563;47-44-25.804N;069-41-05.626W;1.8
564;47-44-25.889N;069-40-40.997W;1.8
565;47-44-25.711N;069-40-29.183W;1.5
566;47-44-25.970N;069-40-16.551W;1.2
567;47-44-25.917N;069-40-04.648W;0.6
568;47-44-25.672N;069-39-53.658W;0.6
569;47-44-26.092N;069-41-29.891W;1.8
570;47-44-26.134N;069-39-35.101W;-0.0
571;47-44-26.511N;069-41-42.349W;2.1
572;47-44-26.526N;069-40-58.494W;1.8
573;47-44-26.379N;069-39-22.958W;-0.0
574;47-44-27.213N;069-41-48.767W;1.2
575;47-44-27.104N;069-41-25.967W;1.8
576;47-44-27.297N;069-41-14.069W;1.5
577;47-44-27.126N;069-41-01.431W;1.8
578;47-44-27.327N;069-40-48.432W;1.2
579;47-44-27.200N;069-40-06.953W;0.3
580;47-44-27.233N;069-39-31.005W;-0.0
581;47-44-27.737N;069-41-43.922W;1.5
582;47-44-27.512N;069-40-37.905W;1.8
583;47-44-27.584N;069-40-25.820W;1.5
584;47-44-27.655N;069-40-13.735W;1.2
585;47-44-27.536N;069-40-02.288W;0.9
586;47-44-27.897N;069-41-37.880W;1.8
587;47-44-28.040N;069-40-11.176W;1.2
588;47-44-27.978N;069-39-49.842W;0.6
589;47-44-28.081N;069-39-12.672W;-0.0
590;47-44-28.213N;069-39-20.960W;-0.0
591;47-44-28.409N;069-39-07.180W;-0.3
592;47-44-28.448N;069-39-00.222W;-0.3
593;47-44-28.523N;069-41-56.842W;1.2
594;47-44-28.804N;069-41-10.060W;1.8
595;47-44-28.647N;069-40-33.982W;1.5
596;47-44-28.733N;069-39-58.183W;0.9
597;47-44-29.156N;069-41-33.960W;1.8
598;47-44-29.097N;069-41-23.247W;1.8
599;47-44-28.879N;069-40-57.517W;1.2
600;47-44-28.889N;069-40-45.339W;1.8
601;47-44-29.124N;069-40-05.330W;0.9
602;47-44-28.867N;069-39-39.880W;-0.0
603;47-44-29.293N;069-41-52.091W;0.9
604;47-44-29.391N;069-41-46.141W;1.5
605;47-44-29.398N;069-40-21.815W;1.5
606;47-44-29.417N;069-39-46.838W;0.6
607;47-44-29.353N;069-39-27.589W;-0.0
608;47-44-29.592N;069-40-09.914W;1.2
609;47-44-30.165N;069-41-30.494W;1.8
610;47-44-30.000N;069-41-06.230W;1.5
611;47-44-30.526N;069-41-42.310W;1.5
612;47-44-30.598N;069-41-19.881W;1.2
613;47-44-30.309N;069-40-55.887W;1.8
614;47-44-30.447N;069-40-53.325W;1.2
615;47-44-30.514N;069-40-42.064W;1.8
616;47-44-30.592N;069-39-35.866W;0.3
617;47-44-30.709N;069-40-29.980W;1.5
618;47-44-30.899N;069-40-18.629W;1.5
619;47-44-30.904N;069-40-07.275W;1.2
620;47-44-30.735N;069-39-10.842W;-0.0
621;47-44-31.099N;069-39-55.009W;0.6
622;47-44-31.348N;069-39-43.842W;0.6
623;47-44-31.202N;069-39-04.742W;-0.3
624;47-44-31.290N;069-38-58.501W;-0.0
625;47-44-31.700N;069-40-50.504W;2.1
626;47-44-31.557N;069-39-18.298W;1.5
627;47-44-32.084N;069-41-50.114W;1.2
628;47-44-32.078N;069-41-40.866W;1.5
629;47-44-32.033N;069-41-38.119W;1.8
630;47-44-31.919N;069-41-15.778W;1.8
631;47-44-31.877N;069-41-02.226W;1.5
632;47-44-31.829N;069-40-39.060W;1.8
633;47-44-32.088N;069-40-26.427W;1.2
634;47-44-32.008N;069-39-25.812W;0.3
635;47-44-32.228N;069-41-56.892W;1.2
636;47-44-32.338N;069-41-28.508W;1.5
637;47-44-32.223N;069-40-03.538W;1.2
638;47-44-32.292N;069-39-51.636W;0.6
639;47-44-32.607N;069-41-35.105W;1.8
640;47-44-32.525N;069-40-15.262W;1.5
641;47-44-32.585N;069-39-32.778W;0.3
642;47-44-33.100N;069-39-39.926W;0.6
643;47-44-33.431N;069-41-45.782W;0.61
644;47-44-33.289N;069-41-10.183W;1.52
645;47-44-33.481N;069-40-57.468W;1.83
646;47-44-33.409N;069-40-51.536W;1.83
647;47-44-33.266N;069-40-46.678W;1.8
648;47-44-33.487N;069-40-33.139W;1.52
649;47-44-33.385N;069-39-09.571W;-0.0
650;47-44-33.667N;069-41-23.461W;1.22
651;47-44-33.769N;069-39-16.491W;-0.0
652;47-44-33.968N;069-40-10.852W;1.22
653;47-44-34.147N;069-39-59.684W;1.22
654;47-44-34.195N;069-39-03.232W;-0.0
655;47-44-33.943N;069-38-56.772W;-0.0
656;47-44-34.472N;069-41-53.630W;0.91
657;47-44-34.389N;069-40-42.813W;1.83
658;47-44-34.310N;069-40-23.562W;1.52
659;47-44-34.289N;069-39-48.095W;0.61
660;47-44-34.739N;069-41-41.891W;0.91
661;47-44-34.760N;069-41-06.297W;1.52
662;47-44-34.705N;069-40-53.700W;1.52
663;47-44-34.625N;069-40-29.861W;1.52
664;47-44-35.147N;069-41-37.495W;1.52
665;47-44-35.010N;069-41-20.122W;1.83
666;47-44-35.187N;069-40-07.699W;1.22
667;47-44-35.221N;069-39-35.429W;0.3
668;47-44-35.319N;069-39-24.094W;1.83
669;47-44-35.443N;069-41-31.812W;1.52
670;47-44-35.493N;069-40-19.797W;1.52
671;47-44-35.369N;069-39-56.229W;1.22
672;47-44-35.392N;069-39-29.886W;0.3
673;47-44-35.860N;069-41-49.986W;0.61
674;47-44-35.806N;069-39-43.733W;0.61
675;47-44-36.171N;069-41-14.212W;1.52
676;47-44-36.334N;069-40-50.612W;1.83
677;47-44-36.263N;069-40-39.913W;1.52
678;47-44-36.209N;069-40-36.734W;1.52
679;47-44-36.767N;069-41-02.298W;1.52
680;47-44-36.745N;069-39-06.450W;0.3
681;47-44-37.129N;069-41-45.728W;0.61
682;47-44-37.117N;069-41-28.296W;1.22
683;47-44-37.122N;069-40-16.712W;1.52
684;47-44-37.479N;069-40-46.599W;1.83
685;47-44-37.318N;069-40-03.650W;1.52
686;47-44-37.208N;069-39-52.664W;0.91
687;47-44-37.277N;069-39-21.084W;0.3
688;47-44-37.795N;069-41-58.890W;0.61
689;47-44-37.540N;069-40-58.521W;1.52
690;47-44-37.835N;069-40-29.249W;1.52
691;47-44-37.807N;069-39-40.478W;0.61
692;47-44-37.539N;069-39-14.508W;0.3
693;47-44-37.563N;069-39-00.982W;0.0
694;47-44-38.071N;069-41-41.403W;0.3
695;47-44-38.213N;069-41-10.946W;1.52
696;47-44-38.058N;069-41-05.073W;2.13
697;47-44-37.924N;069-40-33.221W;1.52
698;47-44-37.916N;069-39-27.862W;0.61
699;47-44-38.514N;069-40-12.585W;1.52
700;47-44-38.498N;069-40-00.254W;1.52
701;47-44-38.430N;069-39-35.003W;0.61
702;47-44-38.590N;069-41-24.286W;1.52
703;47-44-38.926N;069-39-48.793W;0.91
704;47-44-38.977N;069-41-36.404W;0.61
705;47-44-39.130N;069-40-55.126W;1.83
706;47-44-39.039N;069-40-41.982W;1.83
707;47-44-39.221N;069-40-25.792W;1.52
708;47-44-39.476N;069-41-54.579W;0.3
709;47-44-39.618N;069-41-19.474W;1.22
710;47-44-39.512N;069-39-04.918W;0.3
711;47-44-39.888N;069-41-45.045W;0.61
712;47-44-40.009N;069-41-07.556W;1.83
713;47-44-40.009N;069-39-56.622W;1.52
714;47-44-39.921N;069-38-59.201W;0.0
715;47-44-40.124N;069-41-50.982W;0.3
716;47-44-40.283N;069-41-32.758W;0.91
717;47-44-40.379N;069-40-39.073W;1.83
718;47-44-40.721N;069-40-51.794W;1.83
719;47-44-40.518N;069-39-12.128W;0.3
720;47-44-40.771N;069-40-22.400W;1.52
721;47-44-40.761N;069-40-09.331W;1.52
722;47-44-40.883N;069-39-45.963W;0.91
723;47-44-40.815N;069-39-25.296W;0.3
724;47-44-40.786N;069-39-19.262W;0.3
725;47-44-41.294N;069-41-15.773W;1.52
726;47-44-41.112N;069-41-03.540W;1.83
727;47-44-41.367N;069-40-34.142W;1.52
728;47-44-41.348N;069-39-39.631W;0.91
729;47-44-41.162N;069-39-32.677W;0.61
730;47-44-41.805N;069-40-59.456W;2.44
731;47-44-41.851N;069-41-41.473W;0.61
732;47-44-42.161N;069-40-18.456W;1.52
733;47-44-42.063N;069-40-06.059W;1.52
734;47-44-41.889N;069-39-53.058W;1.52
735;47-44-41.914N;069-39-02.771W;0.61
736;47-44-42.429N;069-41-48.821W;-1.52
737;47-44-42.406N;069-40-46.995W;2.13
738;47-44-42.388N;069-39-09.786W;0.61
739;47-44-42.543N;069-41-37.448W;0.61
740;47-44-42.683N;069-41-30.845W;1.22
741;47-44-42.873N;069-40-31.114W;1.52
742;47-44-42.566N;069-38-57.547W;0.0
743;47-44-43.028N;069-41-24.184W;0.91
744;47-44-42.965N;069-41-12.624W;1.52
745;47-44-43.520N;069-40-55.942W;1.83
746;47-44-43.454N;069-40-02.057W;1.52
747;47-44-43.519N;069-39-30.954W;0.3
748;47-44-43.956N;069-41-07.200W;2.13
749;47-44-43.920N;069-40-14.581W;1.52
750;47-44-43.764N;069-39-50.105W;1.22
751;47-44-43.874N;069-39-37.483W;0.91
752;47-44-43.923N;069-39-17.676W;0.3
753;47-44-44.222N;069-41-33.442W;0.91
754;47-44-44.127N;069-40-38.043W;1.52
755;47-44-44.223N;069-40-27.047W;1.52
756;47-44-44.265N;069-39-44.503W;0.61
757;47-44-44.071N;069-39-24.199W;0.3
758;47-44-44.615N;069-41-44.826W;0.3
759;47-44-44.374N;069-41-20.601W;1.22
760;47-44-44.892N;069-41-03.487W;2.74
761;47-44-44.945N;069-40-43.253W;2.13
762;47-44-44.925N;069-39-01.488W;0.3
763;47-44-45.284N;069-40-51.511W;2.13
764;47-44-45.388N;069-40-11.190W;1.52
765;47-44-45.169N;069-39-58.612W;1.52
766;47-44-45.616N;069-41-29.003W;0.91
767;47-44-45.567N;069-41-15.730W;1.52
768;47-44-45.697N;069-40-22.920W;1.52
769;47-44-45.598N;069-39-13.991W;0.61
770;47-44-45.642N;069-39-08.873W;0.61
771;47-44-45.983N;069-41-41.115W;-0.61
772;47-44-45.935N;069-38-57.672W;0.0
773;47-44-46.276N;069-41-00.334W;2.44
774;47-44-46.438N;069-40-36.925W;1.83
775;47-44-46.273N;069-39-35.639W;0.91
776;47-44-46.472N;069-39-22.172W;0.61
777;47-44-46.835N;069-41-11.717W;1.52
778;47-44-46.642N;069-39-54.612W;1.22
779;47-44-46.788N;069-39-28.456W;1.52
780;47-44-46.906N;069-41-36.550W;0.3
781;47-44-47.214N;069-41-24.812W;1.22
782;47-44-47.057N;069-40-31.926W;1.52
783;47-44-47.017N;069-40-08.107W;1.83
784;47-44-46.956N;069-39-42.176W;1.22
785;47-44-47.367N;069-40-43.482W;1.83
786;47-44-47.330N;069-40-19.409W;1.52
787;47-44-47.268N;069-39-48.768W;1.52
788;47-44-48.061N;069-41-07.704W;2.44
789;47-44-48.040N;069-40-55.903W;2.44
790;47-44-48.171N;069-39-06.363W;0.91
791;47-44-48.466N;069-40-16.377W;1.83
792;47-44-48.528N;069-40-04.534W;1.83
793;47-44-48.596N;069-39-14.230W;0.3
794;47-44-48.499N;069-39-01.738W;0.61
795;47-44-48.734N;069-41-20.131W;0.91
796;47-44-48.660N;069-40-41.245W;1.83
797;47-44-48.986N;069-39-40.203W;0.91
798;47-44-48.758N;069-39-19.230W;0.91
799;47-44-49.244N;069-41-03.996W;2.74
800;47-44-49.191N;069-39-26.124W;0.61
801;47-44-49.652N;069-40-35.885W;1.52
802;47-44-49.665N;069-40-29.654W;1.83
803;47-44-49.456N;069-39-33.444W;1.22
804;47-44-49.814N;069-41-28.224W;0.91
805;47-44-49.997N;069-41-16.546W;0.61
806;47-44-49.795N;069-40-47.806W;1.83
807;47-44-50.051N;069-39-59.498W;1.52
808;47-44-49.939N;069-38-56.831W;0.3
809;47-44-50.349N;069-40-59.676W;3.05
810;47-44-50.148N;069-40-11.891W;1.22
811;47-44-50.426N;069-39-54.136W;1.83
812;47-44-50.151N;069-39-48.030W;1.83
813;47-44-51.018N;069-40-25.220W;1.52
814;47-44-51.175N;069-39-05.932W;0.61
815;47-44-51.504N;069-41-13.394W;1.52
816;47-44-51.321N;069-40-37.689W;1.83
817;47-44-51.421N;069-39-24.887W;0.61
818;47-44-51.517N;069-39-18.673W;0.61
819;47-44-51.373N;069-39-11.541W;0.61
820;47-44-51.615N;069-41-24.220W;0.3
821;47-44-51.740N;069-40-55.666W;3.05
822;47-44-51.777N;069-40-08.808W;1.83
823;47-44-51.813N;069-40-04.719W;1.52
824;47-44-51.879N;069-39-57.153W;1.52
825;47-44-51.856N;069-39-31.600W;1.22
826;47-44-52.231N;069-40-46.445W;1.83
827;47-44-51.941N;069-39-50.139W;1.52
828;47-44-52.255N;069-39-37.643W;1.22
829;47-44-52.473N;069-40-51.645W;2.44
830;47-44-52.398N;069-40-22.436W;1.83
831;47-44-52.316N;069-39-44.840W;1.52
832;47-44-52.770N;069-41-09.626W;1.52
833;47-44-53.054N;069-39-02.495W;0.61
834;47-44-53.581N;069-41-20.879W;-0.3
835;47-44-53.562N;069-40-35.165W;1.83
836;47-44-53.915N;069-40-41.710W;2.13
837;47-44-53.962N;069-40-17.458W;1.52
838;47-44-54.200N;069-41-05.800W;2.74
839;47-44-54.331N;069-39-16.472W;0.61
840;47-44-54.178N;069-39-10.376W;0.3
841;47-44-54.421N;069-40-49.787W;3.05
842;47-44-54.686N;069-39-22.816W;0.91
843;47-44-54.603N;069-38-59.296W;0.91
844;47-44-54.911N;069-40-59.577W;3.35
845;47-44-55.022N;069-39-36.110W;1.22
846;47-44-54.993N;069-39-30.014W;1.52
847;47-44-55.160N;069-40-30.856W;1.83
848;47-44-55.467N;069-40-14.495W;1.83
849;47-44-55.441N;069-39-49.291W;1.52
850;47-44-55.509N;069-41-53.589W;0.61
851;47-44-55.852N;069-40-26.899W;2.13
852;47-44-55.746N;069-39-42.649W;1.52
853;47-44-55.602N;069-39-07.295W;0.91
854;47-44-56.124N;069-40-33.380W;2.13
855;47-44-55.949N;069-40-01.624W;1.52
856;47-44-56.159N;069-39-56.442W;1.83
857;47-44-56.500N;069-40-56.427W;3.66
858;47-44-56.338N;069-40-08.834W;1.52
859;47-44-56.748N;069-41-15.310W;-0.61
860;47-44-56.928N;069-40-40.238W;1.83
861;47-44-56.924N;069-39-20.665W;0.91
862;47-44-57.001N;069-40-46.045W;2.44
863;47-44-57.280N;069-40-23.445W;1.83
864;47-44-57.051N;069-39-15.487W;0.3
865;47-44-57.786N;069-41-04.521W;1.83
866;47-44-57.779N;069-39-35.676W;1.83
867;47-44-57.885N;069-39-28.241W;1.83
868;47-44-57.937N;069-39-03.380W;0.3
869;47-44-58.100N;069-41-58.041W;1.83
870;47-44-58.265N;069-40-18.761W;1.83
871;47-44-58.264N;069-39-41.295W;1.83
872;47-44-58.457N;069-41-12.222W;-0.61
873;47-44-58.674N;069-41-06.311W;0.3
874;47-44-58.567N;069-40-54.938W;3.66
875;47-44-58.529N;069-40-35.747W;1.83
876;47-44-58.706N;069-40-01.249W;1.83
877;47-44-58.603N;069-39-54.170W;1.83
878;47-44-58.416N;069-39-47.456W;1.52
879;47-44-58.601N;069-39-12.227W;0.91
880;47-44-58.974N;069-41-47.292W;0.61
881;47-44-59.453N;069-40-38.147W;2.13
882;47-44-59.177N;069-40-32.032W;1.83
883;47-44-59.458N;069-40-13.837W;1.52
884;47-44-59.615N;069-41-53.910W;0.61
885;47-44-59.811N;069-40-44.265W;2.44
886;47-44-59.627N;069-40-08.591W;1.83
887;47-44-59.676N;069-39-25.532W;0.91
888;47-44-59.638N;069-39-20.534W;0.91
889;47-44-59.841N;069-40-50.193W;2.74
890;47-45-00.136N;069-39-01.167W;0.61
891;47-45-00.235N;069-41-44.134W;0.61
892;47-45-00.314N;069-41-02.001W;0.91
893;47-45-00.541N;069-41-09.036W;1.22
894;47-45-00.737N;069-40-27.480W;1.83
895;47-45-00.691N;069-39-31.646W;1.52
896;47-45-00.567N;069-39-08.243W;0.61
897;47-45-01.115N;069-41-56.262W;0.91
898;47-45-01.251N;069-39-52.207W;1.83
899;47-45-00.977N;069-39-45.920W;2.13
900;47-45-00.909N;069-39-39.637W;1.83
901;47-45-01.362N;069-41-51.495W;1.22
902;47-45-01.457N;069-40-58.109W;3.35
903;47-45-01.586N;069-40-29.084W;2.13
904;47-45-01.394N;069-39-17.094W;1.52
905;47-45-01.801N;069-40-23.286W;1.83
906;47-45-01.639N;069-39-59.414W;1.83
907;47-45-01.766N;069-38-58.030W;0.61
908;47-45-02.006N;069-41-39.885W;0.0
909;47-45-02.139N;069-41-04.786W;1.22
910;47-45-02.143N;069-40-12.302W;1.52
911;47-45-02.658N;069-40-42.851W;2.44
912;47-45-02.634N;069-40-36.191W;2.13
913;47-45-02.518N;069-40-06.937W;1.83
914;47-45-02.941N;069-41-58.865W;2.13
915;47-45-02.834N;069-41-47.608W;0.91
916;47-45-02.846N;069-40-54.284W;3.35
917;47-45-02.978N;069-40-48.663W;3.05
918;47-45-02.845N;069-39-25.044W;0.91
919;47-45-03.317N;069-40-19.101W;1.83
920;47-45-03.315N;069-39-37.061W;1.83
921;47-45-03.333N;069-39-30.234W;1.83
922;47-45-03.163N;069-39-12.130W;0.91
923;47-45-03.174N;069-39-06.221W;0.61
924;47-45-03.488N;069-39-50.054W;2.13
925;47-45-03.786N;069-39-44.204W;2.13
926;47-44-16.933N;069-38-54.219W;-0.9
927;47-44-19.658N;069-38-52.879W;-0.6
928;47-44-22.632N;069-38-51.267W;-0.6
929;47-44-25.509N;069-38-55.698W;-0.3
930;47-44-25.608N;069-38-49.199W;-0.3
931;47-44-28.854N;069-38-53.908W;-0.3
932;47-44-28.581N;069-38-47.679W;-0.3
933;47-44-29.037N;069-38-30.013W;-1.2
934;47-44-30.791N;069-38-25.640W;-1.2
935;47-44-31.213N;069-38-51.832W;-0.3
936;47-44-31.431N;069-38-46.157W;-0.3
937;47-44-32.038N;069-38-34.537W;-0.6
938;47-44-33.248N;069-38-50.152W;-0.0
939;47-44-34.161N;069-38-30.443W;-0.6
940;47-44-34.009N;069-38-24.489W;-0.6
941;47-44-34.435N;069-38-43.719W;-0.0
942;47-44-35.221N;069-38-39.704W;-0.3
943;47-44-35.572N;069-38-21.029W;-0.9
944;47-44-36.541N;069-38-35.600W;-0.3
945;47-44-37.369N;069-38-54.954W;0.0
946;47-44-37.430N;069-38-47.837W;0.0
947;47-44-37.187N;069-38-30.571W;-0.3
948;47-44-38.211N;069-38-42.983W;-0.3
949;47-44-38.735N;069-38-24.919W;-0.3
950;47-44-39.028N;069-38-19.385W;-0.91
951;47-44-40.266N;069-38-52.575W;0.0
952;47-44-40.577N;069-38-40.350W;-0.3
953;47-44-40.660N;069-38-16.007W;-0.91
954;47-44-40.877N;069-38-48.449W;-0.3
955;47-44-41.111N;069-38-35.553W;0.0
956;47-44-41.200N;069-38-29.956W;0.0
957;47-44-41.129N;069-38-23.746W;-0.3
958;47-44-42.662N;069-38-12.572W;-1.22
959;47-44-43.160N;069-38-45.936W;0.0
960;47-44-43.251N;069-38-20.803W;-0.3
961;47-44-43.471N;069-38-52.696W;0.0
962;47-44-43.273N;069-38-27.985W;-0.3
963;47-44-43.704N;069-38-40.044W;0.0
964;47-44-44.536N;069-38-34.156W;-0.3
965;47-44-45.419N;069-38-17.373W;-0.61
966;47-44-45.358N;069-38-09.881W;-2.13
967;47-44-45.474N;069-38-25.409W;0.0
968;47-44-46.248N;069-38-51.096W;0.3
969;47-44-46.623N;069-38-44.723W;0.0
970;47-44-46.532N;069-38-31.515W;-0.3
971;47-44-47.081N;069-38-39.316W;0.0
972;47-44-47.930N;069-38-21.802W;0.0
973;47-44-47.991N;069-38-14.679W;-0.3
974;47-44-48.166N;069-38-08.471W;-1.22
975;47-44-48.728N;069-38-29.487W;0.0
976;47-44-49.060N;069-38-49.139W;0.3
977;47-44-49.192N;069-38-37.773W;0.0
978;47-44-50.274N;069-38-45.644W;0.0
979;47-44-50.377N;069-38-19.411W;0.0
980;47-44-50.378N;069-38-04.673W;-2.74
981;47-44-51.014N;069-38-26.668W;0.0
982;47-44-51.356N;069-38-34.709W;0.0
983;47-44-51.362N;069-38-14.863W;-0.3
984;47-44-51.813N;069-38-53.942W;0.61
985;47-44-52.230N;069-38-42.881W;0.0
986;47-44-52.559N;069-38-09.465W;-0.3
987;47-44-52.979N;069-38-22.958W;0.3
988;47-44-52.900N;069-38-03.074W;-2.74
989;47-44-53.279N;069-38-50.803W;0.3
990;47-44-53.907N;069-38-39.789W;0.3
991;47-44-53.728N;069-38-31.406W;0.0
992;47-44-54.681N;069-38-06.579W;-0.3
993;47-44-55.032N;069-38-47.668W;0.3
994;47-44-54.989N;069-38-13.894W;0.0
995;47-44-55.389N;069-38-00.560W;-1.83
996;47-44-55.812N;069-38-28.312W;0.3
997;47-44-55.511N;069-38-20.237W;0.0
998;47-44-55.997N;069-38-35.686W;0.3
999;47-44-56.771N;069-38-55.681W;0.3
1000;47-44-56.740N;069-38-11.185W;0.0
1001;47-44-56.885N;069-38-03.695W;0.0
1002;47-44-57.236N;069-38-44.604W;0.3
1003;47-44-57.372N;069-38-37.925W;0.0
1004;47-44-57.854N;069-38-25.150W;0.0
1005;47-44-57.670N;069-38-17.901W;0.0
1006;47-44-57.674N;069-37-57.859W;-2.74
1007;47-44-58.239N;069-38-52.298W;0.61
1008;47-44-58.694N;069-38-32.692W;0.61
1009;47-44-59.009N;069-38-39.216W;0.3
1010;47-44-59.747N;069-38-15.442W;0.0
1011;47-44-59.473N;069-38-09.042W;0.0
1012;47-44-59.661N;069-38-01.308W;0.0
1013;47-45-00.022N;069-38-36.007W;0.3
1014;47-44-59.910N;069-38-29.791W;0.3
1015;47-44-59.928N;069-38-23.119W;0.0
1016;47-44-59.916N;069-37-55.462W;-1.52
1017;47-45-00.528N;069-38-48.991W;0.61
1018;47-45-00.500N;069-38-42.655W;0.3
1019;47-45-00.703N;069-37-49.807W;-2.44
1020;47-45-01.531N;069-37-44.091W;-2.74
1021;47-45-01.926N;069-38-20.415W;0.0
1022;47-45-01.832N;069-38-07.379W;0.0
1023;47-45-02.075N;069-38-45.974W;0.61
1024;47-45-02.111N;069-38-27.091W;0.3
1025;47-45-02.260N;069-38-13.996W;0.3
1026;47-45-02.030N;069-37-58.487W;0.0
1027;47-45-02.626N;069-38-34.350W;0.3
1028;47-45-02.641N;069-37-39.170W;-3.05
1029;47-45-03.517N;069-38-55.139W;0.61
1030;47-45-03.513N;069-37-48.395W;-0.91
1031;47-45-03.782N;069-38-29.217W;0.0
1032;47-45-03.898N;069-37-56.509W;-0.3
1033;47-45-04.439N;069-40-03.555W;1.52
1034;47-45-04.478N;069-39-21.600W;0.91
1035;47-45-04.524N;069-41-56.386W;2.74
1036;47-45-04.631N;069-41-44.277W;1.22
1037;47-45-04.785N;069-41-03.000W;1.22
1038;47-45-04.792N;069-40-33.787W;2.13
1039;47-45-04.785N;069-39-56.789W;1.83
1040;47-45-05.167N;069-39-03.943W;0.3
1041;47-45-05.309N;069-41-51.263W;1.22
1042;47-45-05.308N;069-41-32.911W;-0.61
1043;47-45-05.269N;069-41-08.818W;0.3
1044;47-45-05.372N;069-40-28.483W;2.13
1045;47-45-05.311N;069-40-16.635W;1.52
1046;47-45-05.402N;069-39-52.103W;1.83
1047;47-45-05.931N;069-40-58.804W;2.44
1048;47-45-05.705N;069-40-46.941W;2.44
1049;47-45-05.687N;069-40-11.148W;1.83
1050;47-45-05.638N;069-39-34.606W;1.83
1051;47-45-05.913N;069-39-17.301W;0.91
1052;47-45-06.024N;069-40-52.815W;2.44
1053;47-45-06.016N;069-39-29.005W;1.52
1054;47-45-06.344N;069-39-47.729W;2.13
1055;47-45-06.617N;069-39-12.074W;0.91
1056;47-45-06.602N;069-38-59.706W;0.3
1057;47-45-07.013N;069-40-24.056W;1.83
1058;47-45-07.016N;069-39-55.550W;1.83
1059;47-45-07.051N;069-40-43.422W;2.13
1060;47-45-08.031N;069-41-54.922W;2.13
1061;47-45-07.917N;069-41-49.170W;2.13
1062;47-45-07.879N;069-41-24.944W;0.0
1063;47-45-07.838N;069-40-37.937W;2.13
1064;47-45-08.006N;069-40-09.177W;1.83
1065;47-45-07.747N;069-40-01.177W;1.52
1066;47-45-07.811N;069-39-25.869W;1.83
1067;47-45-08.102N;069-41-37.429W;1.83
1068;47-45-08.286N;069-41-06.857W;1.83
1069;47-45-08.162N;069-39-09.300W;0.61
1070;47-45-08.278N;069-38-56.022W;0.91
1071;47-45-08.505N;069-40-51.088W;2.44
1072;47-45-08.686N;069-40-20.668W;1.52
1073;47-45-08.470N;069-39-39.659W;1.83
1074;47-45-08.633N;069-39-21.192W;1.52
1075;47-45-08.935N;069-41-03.078W;1.52
1076;47-45-09.064N;069-40-57.701W;1.83
1077;47-45-08.968N;069-40-16.582W;1.83
1078;47-45-08.823N;069-39-46.312W;1.83
1079;47-45-09.429N;069-40-34.546W;2.13
1080;47-45-09.416N;069-39-34.921W;1.52
1081;47-45-09.644N;069-40-28.686W;2.13
1082;47-45-09.621N;069-39-53.708W;1.83
1083;47-45-09.696N;069-39-17.190W;0.91
1084;47-45-09.805N;069-39-04.762W;0.61
1085;47-45-09.861N;069-38-58.306W;0.3
1086;47-45-10.219N;069-40-00.431W;1.83
1087;47-45-10.592N;069-41-58.150W;2.44
1088;47-45-10.337N;069-41-35.698W;0.61
1089;47-45-10.561N;069-41-28.791W;1.22
1090;47-45-10.585N;069-40-48.194W;2.13
1091;47-45-10.408N;069-39-38.964W;1.83
1092;47-45-10.960N;069-41-53.692W;2.74
1093;47-45-10.883N;069-40-42.333W;2.13
1094;47-45-10.885N;069-40-13.566W;1.83
1095;47-45-10.706N;069-40-05.810W;1.52
1096;47-45-10.769N;069-39-30.679W;1.83
1097;47-45-11.312N;069-41-41.587W;1.83
1098;47-45-11.276N;069-39-01.012W;0.91
1099;47-45-11.473N;069-41-46.667W;1.22
1100;47-45-11.595N;069-41-18.658W;1.22
1101;47-45-11.547N;069-39-26.366W;1.52
1102;47-45-11.574N;069-39-13.935W;0.91
1103;47-45-11.783N;069-41-01.725W;1.22
1104;47-45-12.055N;069-40-25.555W;1.83
1105;47-45-11.853N;069-40-20.483W;1.83
1106;47-45-12.026N;069-39-51.313W;1.83
1107;47-45-11.804N;069-39-43.868W;1.83
1108;47-45-12.288N;069-41-38.180W;1.83
1109;47-45-12.061N;069-41-07.600W;2.74
1110;47-45-12.243N;069-40-56.109W;1.83
1111;47-45-12.625N;069-39-39.250W;1.52
1112;47-45-12.720N;069-39-09.813W;0.91
1113;47-45-12.881N;069-40-39.316W;2.13
1114;47-45-12.934N;069-40-33.207W;2.13
1115;47-45-13.097N;069-39-55.665W;1.83
1116;47-45-13.023N;069-39-22.128W;1.52
1117;47-45-13.298N;069-41-40.095W;1.52
1118;47-45-13.224N;069-41-10.923W;1.52
1119;47-45-13.391N;069-40-04.335W;1.83
1120;47-45-13.155N;069-39-58.472W;1.83
1121;47-45-13.156N;069-38-57.637W;0.61
1122;47-45-13.710N;069-40-52.837W;1.52
1123;47-45-13.952N;069-41-45.245W;1.83
1124;47-45-13.968N;069-41-33.991W;1.83
1125;47-45-14.151N;069-41-22.497W;1.22
1126;47-45-14.006N;069-39-36.471W;1.83
1127;47-45-14.274N;069-41-50.756W;1.52
1128;47-45-14.296N;069-40-46.858W;1.83
1129;47-45-14.356N;069-40-11.494W;1.83
1130;47-45-14.392N;069-39-48.613W;1.83
1131;47-45-14.273N;069-39-06.187W;0.91
1132;47-45-14.624N;069-41-57.675W;3.35
1133;47-45-14.811N;069-40-25.363W;2.13
1134;47-45-14.702N;069-40-18.949W;2.13
1135;47-45-14.984N;069-41-11.750W;1.83
1136;47-45-15.070N;069-41-06.677W;1.83
1137;47-45-15.274N;069-39-55.828W;1.83
1138;47-45-15.330N;069-41-42.824W;1.83
1139;47-45-15.410N;069-41-00.570W;1.83
1140;47-45-15.599N;069-40-43.583W;2.13
1141;47-45-15.398N;069-39-32.473W;1.83
1142;47-45-15.938N;069-40-37.601W;2.13
1143;47-45-15.875N;069-40-02.307W;1.83
1144;47-45-15.702N;069-39-44.613W;0.91
1145;47-45-15.976N;069-39-13.652W;1.52
1146;47-45-16.342N;069-41-02.115W;1.22
1147;47-45-16.179N;069-40-09.820W;1.83
1148;47-45-16.311N;069-39-26.883W;1.52
1149;47-45-16.074N;069-39-02.444W;1.22
1150;47-45-16.648N;069-40-22.100W;2.13
1151;47-45-16.700N;069-40-16.117W;1.83
1152;47-45-16.955N;069-41-49.643W;2.13
1153;47-45-16.990N;069-41-26.952W;2.13
1154;47-45-16.972N;069-38-58.440W;1.52
1155;47-45-17.218N;069-41-38.394W;2.13
1156;47-45-17.256N;069-41-15.217W;1.22
1157;47-45-17.212N;069-39-41.226W;1.83
1158;47-45-17.645N;069-41-55.406W;2.44
1159;47-45-17.588N;069-40-51.258W;1.52
1160;47-45-18.011N;069-41-46.421W;2.13
1161;47-45-17.958N;069-41-10.154W;1.52
1162;47-45-17.933N;069-40-35.073W;1.83
1163;47-45-17.939N;069-40-29.636W;2.13
1164;47-45-17.847N;069-39-53.070W;1.83
1165;47-45-17.863N;069-39-23.377W;1.52
1166;47-45-18.240N;069-39-59.850W;1.83
1167;47-45-18.357N;069-39-37.224W;1.52
1168;47-45-18.350N;069-39-33.444W;1.52
1169;47-45-18.299N;069-39-11.320W;1.52
1170;47-45-18.644N;069-40-47.978W;1.83
1171;47-45-18.837N;069-40-06.696W;2.13
1172;47-45-18.984N;069-41-05.650W;1.83
1173;47-45-18.958N;069-40-25.930W;2.13
1174;47-45-19.088N;069-39-19.744W;1.83
1175;47-45-19.555N;069-40-42.495W;1.83
1176;47-45-19.557N;069-40-13.729W;1.83
1177;47-45-19.396N;069-39-31.330W;1.52
1178;47-45-19.798N;069-41-58.322W;2.74
1179;47-45-19.819N;069-40-54.723W;1.83
1180;47-45-19.662N;069-40-20.630W;2.13
1181;47-45-19.921N;069-39-50.975W;1.22
1182;47-45-19.685N;069-39-07.934W;1.52
1183;47-45-20.166N;069-41-53.863W;3.05
1184;47-45-19.996N;069-41-35.693W;2.13
1185;47-45-20.081N;069-41-30.741W;2.44
1186;47-45-20.143N;069-41-18.939W;1.52
1187;47-45-20.046N;069-41-01.757W;1.52
1188;47-45-20.165N;069-39-41.892W;1.83
1189;47-45-20.549N;069-41-43.043W;2.44
1190;47-45-20.562N;069-40-16.312W;1.83
1191;47-45-20.462N;069-39-45.557W;1.52
1192;47-45-20.665N;069-39-04.053W;1.52
1193;47-45-20.777N;069-41-49.776W;2.44
1194;47-45-20.978N;069-40-39.590W;1.83
1195;47-45-20.819N;069-40-34.210W;2.13
1196;47-45-21.252N;069-41-14.313W;1.52
1197;47-45-21.161N;069-40-56.521W;1.83
1198;47-45-21.080N;069-40-04.114W;2.13
1199;47-45-21.339N;069-39-58.017W;1.83
1200;47-45-21.070N;069-39-27.948W;1.52
1201;47-45-21.642N;069-41-21.474W;2.44
1202;47-45-21.623N;069-41-09.489W;1.22
1203;47-45-21.446N;069-40-52.064W;1.22
1204;47-45-22.139N;069-39-41.929W;1.83
1205;47-45-21.825N;069-39-17.053W;1.52
1206;47-45-22.309N;069-41-39.161W;2.44
1207;47-45-22.298N;069-40-24.710W;2.13
1208;47-45-22.165N;069-40-11.642W;1.83
1209;47-45-22.177N;069-39-23.702W;1.52
1210;47-45-22.221N;069-39-00.062W;1.22
1211;47-45-22.684N;069-40-46.770W;1.83
1212;47-45-22.802N;069-39-55.238W;1.52
1213;47-45-23.007N;069-41-58.015W;3.05
1214;47-45-22.972N;069-39-12.931W;1.52
1215;47-45-23.577N;069-41-54.049W;2.13
1216;47-45-23.373N;069-41-35.144W;2.44
1217;47-45-23.449N;069-40-20.029W;1.83
1218;47-45-23.440N;069-39-38.844W;1.83
1219;47-45-23.920N;069-41-47.693W;2.74
1220;47-45-23.717N;069-41-24.020W;2.13
1221;47-45-23.883N;069-41-00.300W;1.52
1222;47-45-23.658N;069-40-43.489W;1.83
1223;47-45-24.071N;069-40-38.486W;1.83
1224;47-45-24.138N;069-40-02.340W;1.83
1225;47-45-24.158N;069-39-50.627W;1.83
1226;47-45-23.989N;069-39-32.636W;1.52
1227;47-45-24.410N;069-40-08.754W;1.83
1228;47-45-24.653N;069-39-45.879W;1.52
1229;47-45-24.912N;069-41-42.513W;2.74
1230;47-45-24.726N;069-41-07.346W;1.52
1231;47-45-24.684N;069-39-10.038W;1.83
1232;47-45-25.160N;069-41-14.141W;1.83
1233;47-45-25.294N;069-40-15.973W;1.83
1234;47-45-25.054N;069-39-28.510W;1.22
1235;47-45-25.266N;069-39-23.151W;1.52
1236;47-45-25.700N;069-41-32.375W;2.44
1237;47-45-25.591N;069-40-29.107W;2.13
1238;47-45-25.853N;069-41-57.089W;2.74
1239;47-45-26.017N;069-40-51.294W;1.83
1240;47-45-25.824N;069-40-11.710W;1.83
1241;47-45-25.764N;069-39-41.143W;1.52
1242;47-45-26.085N;069-39-05.069W;1.52
1243;47-45-26.339N;069-41-39.115W;3.05
1244;47-45-26.334N;069-40-24.052W;1.83
1245;47-45-26.695N;069-41-45.422W;3.05
1246;47-45-26.726N;069-41-27.929W;2.44
1247;47-45-26.711N;069-39-59.642W;1.52
1248;47-45-27.008N;069-41-52.034W;2.74
1249;47-45-27.173N;069-41-05.068W;1.52
1250;47-45-26.975N;069-40-07.031W;1.83
1251;47-45-27.156N;069-39-37.145W;1.52
1252;47-45-27.068N;069-39-19.406W;1.83
1253;47-45-27.155N;069-39-00.276W;1.52
1254;47-45-27.283N;069-40-42.762W;1.83
1255;47-45-27.652N;069-41-11.436W;1.52
1256;47-45-27.605N;069-40-48.390W;1.83
1257;47-45-27.776N;069-39-55.331W;1.83
1258;47-45-27.816N;069-39-32.341W;1.52
1259;47-45-27.890N;069-39-14.790W;2.13
1260;47-45-27.999N;069-41-18.780W;2.44
1261;47-45-28.013N;069-40-20.114W;1.83
1262;47-45-28.368N;069-40-55.249W;1.83
1263;47-45-28.429N;069-39-51.256W;1.83
1264;47-45-28.467N;069-38-56.036W;1.52
1265;47-45-28.814N;069-41-47.663W;3.35
1266;47-45-28.752N;069-41-35.979W;3.05
1267;47-45-28.763N;069-40-33.259W;2.13
1268;47-45-28.791N;069-40-15.794W;1.83
1269;47-45-28.811N;069-39-45.225W;1.52
1270;47-45-28.799N;069-39-28.215W;1.52
1271;47-45-29.220N;069-40-28.015W;1.83
1272;47-45-29.671N;069-41-43.765W;3.05
1273;47-45-29.591N;069-40-04.151W;1.52
1274;47-45-30.017N;069-41-32.517W;3.05
1275;47-45-29.896N;069-40-11.602W;1.83
1276;47-45-30.303N;069-41-09.223W;2.13
1277;47-45-30.113N;069-40-58.033W;1.52
1278;47-45-30.361N;069-39-42.083W;1.52
1279;47-45-30.354N;069-39-24.465W;1.83
1280;47-45-30.221N;069-39-11.666W;1.83
1281;47-45-30.587N;069-41-56.506W;3.05
1282;47-45-30.662N;069-41-15.344W;1.52
1283;47-45-30.534N;069-40-47.406W;1.83
1284;47-45-30.593N;069-40-07.099W;1.83
1285;47-45-30.597N;069-39-06.372W;1.83
1286;47-45-31.087N;069-41-23.118W;2.74
1287;47-45-30.816N;069-40-00.329W;1.83
1288;47-45-31.489N;069-41-52.118W;3.66
1289;47-45-31.432N;069-41-39.944W;3.05
1290;47-45-31.144N;069-40-24.264W;1.83
1291;47-45-31.396N;069-39-55.276W;1.52
1292;47-45-31.259N;069-39-19.850W;1.83
1293;47-45-31.856N;069-40-32.400W;1.83
1294;47-45-31.514N;069-40-19.447W;1.83
1295;47-45-31.823N;069-40-02.789W;1.83
1296;47-45-31.680N;069-39-37.107W;1.52
1297;47-45-31.583N;069-39-01.882W;1.83
1298;47-45-32.070N;069-41-00.086W;1.83
1299;47-45-31.972N;069-40-38.023W;2.13
1300;47-45-32.137N;069-39-50.532W;1.52
1301;47-45-32.353N;069-41-47.424W;3.35
1302;47-45-32.450N;069-38-56.842W;1.52
1303;47-45-32.917N;069-39-32.193W;1.52
1304;47-45-33.226N;069-41-37.103W;3.05
1305;47-45-33.124N;069-41-01.940W;1.52
1306;47-45-32.947N;069-40-15.505W;1.83
1307;47-45-33.547N;069-41-19.373W;2.13
1308;47-45-33.515N;069-41-13.563W;2.44
1309;47-45-33.314N;069-40-11.055W;1.83
1310;47-45-33.526N;069-39-28.546W;1.83
1311;47-45-33.518N;069-39-10.996W;1.83
1312;47-45-33.746N;069-40-51.805W;1.83
1313;47-45-33.916N;069-39-17.157W;1.83
1314;47-45-34.132N;069-41-55.594W;3.96
1315;47-45-34.237N;069-41-43.728W;3.35
1316;47-45-34.274N;069-40-28.659W;1.83
1317;47-45-34.712N;069-41-27.284W;3.05
1318;47-45-34.578N;069-40-36.300W;1.83
1319;47-45-34.398N;069-40-23.653W;1.83
1320;47-45-34.710N;069-40-06.626W;1.83
1321;47-45-34.686N;069-39-59.913W;1.83
1322;47-45-34.382N;069-39-47.829W;1.52
1323;47-45-34.507N;069-39-06.201W;1.83
1324;47-45-34.954N;069-41-04.297W;1.83
1325;47-45-34.893N;069-39-55.097W;1.52
1326;47-45-35.039N;069-39-24.917W;1.83
1327;47-45-35.130N;069-40-58.310W;1.83
1328;47-45-35.376N;069-39-42.419W;1.52
1329;47-45-35.646N;069-41-51.829W;3.66
1330;47-45-35.718N;069-40-42.553W;1.83
1331;47-45-35.738N;069-39-01.959W;1.83
1332;47-45-36.146N;069-41-23.275W;2.13
1333;47-45-35.914N;069-40-19.650W;1.83
1334;47-45-36.117N;069-40-15.198W;1.83
1335;47-45-35.976N;069-40-02.988W;1.83
1336;47-45-35.945N;069-38-57.090W;1.52
1337;47-45-36.199N;069-39-37.801W;1.52
1338;47-45-36.482N;069-39-15.438W;1.83
1339;47-45-36.889N;069-41-41.576W;3.35
1340;47-45-36.688N;069-41-17.781W;2.74
1341;47-45-37.101N;069-41-59.443W;3.96
1342;47-45-37.101N;069-41-36.259W;3.05
1343;47-45-37.156N;069-40-33.171W;1.83
1344;47-45-37.045N;069-40-26.939W;1.52
1345;47-45-37.058N;069-39-33.793W;1.83
1346;47-45-37.250N;069-39-21.607W;1.83
1347;47-45-37.324N;069-41-48.192W;3.66
1348;47-45-37.290N;069-40-55.966W;1.83
1349;47-45-37.348N;069-40-39.651W;1.52
1350;47-45-37.456N;069-39-58.317W;1.83
1351;47-45-37.842N;069-41-31.563W;3.05
1352;47-45-37.798N;069-41-08.508W;2.13
1353;47-45-37.801N;069-40-10.651W;1.83
1354;47-45-37.914N;069-39-53.018W;1.52
1355;47-45-37.960N;069-39-29.543W;1.83
1356;47-45-37.675N;069-39-10.768W;1.52
1357;47-45-38.495N;069-41-55.310W;4.27
1358;47-45-38.437N;069-40-46.942W;2.13
1359;47-45-38.459N;069-39-47.294W;1.52
1360;47-45-38.902N;069-41-04.616W;1.52
1361;47-45-38.864N;069-40-06.703W;1.83
1362;47-45-39.024N;069-39-07.199W;2.13
1363;47-45-39.116N;069-41-27.062W;2.13
1364;47-45-39.126N;069-40-24.168W;2.13
1365;47-45-39.090N;069-40-18.794W;1.83
1366;47-45-39.284N;069-39-42.492W;1.52
1367;47-45-39.159N;069-39-19.753W;1.83
1368;47-45-39.237N;069-39-01.780W;1.83
1369;47-45-39.698N;069-41-21.752W;3.05
1370;47-45-39.766N;069-40-31.143W;1.52
1371;47-45-39.886N;069-41-51.605W;3.96
1372;47-45-39.856N;069-41-45.732W;3.35
1373;47-45-39.908N;069-41-39.860W;3.35
1374;47-45-40.059N;069-40-59.380W;1.83
1375;47-45-40.369N;069-40-37.630W;1.83
1376;47-45-40.378N;069-39-58.248W;2.13
1377;47-45-40.436N;069-39-37.879W;1.83
1378;47-45-40.394N;069-38-56.502W;1.83
1379;47-45-40.824N;069-40-56.522W;1.83
1380;47-45-40.686N;069-40-43.929W;1.83
1381;47-45-40.647N;069-40-14.732W;1.83
1382;47-45-40.793N;069-40-02.527W;2.13
1383;47-45-40.973N;069-41-35.782W;3.35
1384;47-45-41.014N;069-41-12.482W;2.44
1385;47-45-41.129N;069-39-34.112W;1.83
1386;47-45-41.257N;069-41-59.463W;4.88
1387;47-45-41.571N;069-40-51.035W;2.13
1388;47-45-41.525N;069-40-22.686W;2.13
1389;47-45-41.549N;069-40-10.293W;1.83
1390;47-45-41.355N;069-39-54.789W;2.13
1391;47-45-41.353N;069-39-27.472W;1.83
1392;47-45-41.900N;069-39-17.000W;1.83
1393;47-45-41.962N;069-41-31.091W;2.74
1394;47-45-42.118N;069-41-08.712W;2.13
1395;47-45-42.008N;069-39-23.217W;1.52
1396;47-45-42.368N;069-40-58.935W;1.83
1397;47-45-42.452N;069-40-34.675W;1.52
1398;47-45-42.330N;069-39-05.615W;1.83
1399;47-45-42.858N;069-41-55.210W;4.27
1400;47-45-42.988N;069-41-49.830W;3.96
1401;47-45-42.952N;069-41-26.156W;3.05
1402;47-45-42.939N;069-41-04.203W;2.44
1403;47-45-42.788N;069-40-29.062W;1.83
1404;47-45-42.899N;069-39-47.742W;1.83
1405;47-45-42.809N;069-39-11.898W;2.13
1406;47-45-42.997N;069-38-59.961W;1.83
1407;47-45-43.076N;069-41-44.631W;3.66
1408;47-45-43.125N;069-40-47.397W;2.13
1409;47-45-43.254N;069-40-42.021W;2.44
1410;47-45-43.187N;069-40-01.596W;2.13
1411;47-45-43.681N;069-40-06.425W;2.13
1412;47-45-43.687N;069-39-51.660W;2.13
1413;47-45-43.596N;069-39-43.486W;1.83
1414;47-45-43.819N;069-40-19.125W;1.83
1415;47-45-44.024N;069-40-14.428W;2.13
1416;47-45-44.346N;069-41-40.618W;3.66
1417;47-45-44.309N;069-41-17.069W;3.05
1418;47-45-44.379N;069-40-54.816W;2.13
1419;47-45-44.454N;069-40-26.771W;1.83
1420;47-45-44.328N;069-39-58.260W;2.13
1421;47-45-44.768N;069-41-34.938W;2.74
1422;47-45-44.501N;069-39-38.929W;1.83
1423;47-45-44.474N;069-39-32.772W;1.83
1424;47-45-44.964N;069-41-12.740W;2.13
1425;47-45-45.016N;069-41-02.163W;2.13
1426;47-45-44.987N;069-39-21.506W;1.52
1427;47-45-45.518N;069-41-47.676W;3.96
1428;47-45-45.219N;069-39-27.787W;1.52
1429;47-45-45.258N;069-39-09.567W;1.83
1430;47-45-45.383N;069-39-04.757W;1.83
1431;47-45-45.205N;069-38-57.078W;1.83
1432;47-45-45.707N;069-41-58.814W;4.57
1433;47-45-45.704N;069-41-08.168W;2.74
1434;47-45-45.707N;069-40-39.135W;1.83
1435;47-45-45.677N;069-40-33.024W;1.83
1436;47-45-45.849N;069-39-53.774W;2.13
1437;47-45-45.703N;069-39-47.122W;2.13
1438;47-45-45.957N;069-41-53.863W;4.88
1439;47-45-46.247N;069-41-30.623W;3.05
1440;47-45-46.097N;069-40-51.364W;2.13
1441;47-45-46.346N;069-40-46.296W;2.13
1442;47-45-46.402N;069-40-05.804W;1.83
1443;47-45-46.542N;069-39-17.999W;1.83
1444;47-45-46.951N;069-41-43.972W;4.27
1445;47-45-46.754N;069-40-17.653W;2.13
1446;47-45-46.898N;069-40-10.452W;1.83
1447;47-45-47.319N;069-41-21.163W;3.35
1448;47-45-47.190N;069-40-58.231W;2.44
1449;47-45-47.141N;069-40-30.303W;2.13
1450;47-45-47.034N;069-40-23.521W;1.83
1451;47-45-47.299N;069-40-02.037W;2.13
1452;47-45-47.294N;069-39-44.103W;1.83
1453;47-45-47.410N;069-39-12.958W;1.52
1454;47-45-47.921N;069-41-50.597W;4.27
1455;47-45-47.861N;069-41-38.911W;3.35
1456;47-45-47.733N;069-41-16.278W;2.44
1457;47-45-47.824N;069-41-05.885W;2.44
1458;47-45-47.932N;069-40-19.568W;1.83
1459;47-45-47.871N;069-39-48.565W;2.44
1460;47-45-48.046N;069-39-38.385W;1.83
1461;47-45-48.351N;069-40-42.972W;2.13
1462;47-45-48.419N;069-39-33.514W;1.83
1463;47-45-48.681N;069-39-27.302W;1.62
1464;47-45-48.478N;069-39-08.652W;1.83
1465;47-45-48.698N;069-39-02.381W;1.83
1466;47-45-48.839N;069-41-12.202W;2.74
1467;47-45-48.823N;069-40-55.144W;2.13
1468;47-45-48.866N;069-40-50.071W;2.44
1469;47-45-48.801N;069-40-09.327W;2.13
1470;47-45-49.011N;069-40-04.144W;2.13
1471;47-45-48.947N;069-38-57.451W;1.83
1472;47-45-49.213N;069-41-58.087W;4.88
1473;47-45-49.417N;069-41-35.271W;3.96
1474;47-45-49.236N;069-41-18.570W;2.13
1475;47-45-49.227N;069-40-27.043W;2.13
1476;47-45-49.475N;069-40-22.101W;2.13
1477;47-45-49.330N;069-40-14.892W;2.13
1478;47-45-49.311N;069-39-58.047W;2.13
1479;47-45-49.295N;069-39-23.107W;1.83
1480;47-45-49.825N;069-40-39.089W;2.44
1481;47-45-49.785N;069-40-34.140W;2.13
1482;47-45-49.804N;069-39-16.840W;1.52
1483;47-45-50.038N;069-41-53.270W;4.57
1484;47-45-50.120N;069-41-02.260W;2.74
1485;47-45-49.924N;069-39-49.274W;2.13
1486;47-45-50.433N;069-40-06.306W;2.13
1487;47-45-50.658N;069-41-48.510W;4.88
1488;47-45-50.626N;069-41-42.881W;3.96
1489;47-45-50.858N;069-41-26.063W;3.66
1490;47-45-50.591N;069-41-09.607W;2.44
1491;47-45-50.598N;069-39-52.214W;2.44
1492;47-45-50.784N;069-39-13.141W;1.83
1493;47-45-51.072N;069-41-20.501W;3.35
1494;47-45-51.155N;069-40-13.400W;2.13
1495;47-45-51.293N;069-39-06.815W;1.83
1496;47-45-51.368N;069-40-46.451W;2.13
1497;47-45-51.507N;069-40-01.138W;2.13
1498;47-45-51.554N;069-39-41.985W;1.83
1499;47-45-51.482N;069-39-31.681W;1.52
1500;47-45-51.715N;069-40-58.866W;2.74
1501;47-45-51.757N;069-39-37.782W;1.83
1502;47-45-51.835N;069-39-01.463W;1.83
1503;47-45-52.137N;069-41-16.485W;2.74
1504;47-45-52.332N;069-40-54.171W;2.44
1505;47-45-52.060N;069-39-45.227W;2.44
1506;47-45-52.294N;069-38-56.111W;1.83
1507;47-45-52.401N;069-41-56.253W;4.88
1508;47-45-52.716N;069-41-39.373W;3.96
1509;47-45-52.637N;069-40-37.736W;2.44
1510;47-45-52.447N;069-40-31.012W;2.44
1511;47-45-52.656N;069-40-25.823W;2.13
1512;47-45-52.468N;069-40-18.859W;2.13
1513;47-45-52.718N;069-39-27.071W;1.83
1514;47-45-52.530N;069-39-20.485W;1.52
1515;47-45-52.939N;069-39-52.867W;2.13
1516;47-45-53.360N;069-41-13.329W;3.05
1517;47-45-53.420N;069-41-06.358W;2.44
1518;47-45-53.448N;069-39-55.865W;2.44
1519;47-45-53.472N;069-41-47.035W;4.27
1520;47-45-53.494N;069-41-35.351W;3.05
1521;47-45-53.626N;069-41-29.786W;3.96
1522;47-45-53.651N;069-40-10.515W;2.13
1523;47-45-53.523N;069-39-15.385W;1.52
1524;47-45-53.872N;069-41-52.855W;4.88
1525;47-45-54.048N;069-41-23.984W;3.35
1526;47-45-54.131N;069-40-50.782W;2.13
1527;47-45-54.023N;069-40-44.178W;2.74
1528;47-45-53.923N;069-40-17.237W;2.13
1529;47-45-54.112N;069-40-04.725W;2.13
1530;47-45-53.941N;069-39-10.030W;1.83
1531;47-45-54.407N;069-40-33.064W;2.44
1532;47-45-54.802N;069-41-59.483W;5.49
1533;47-45-54.749N;069-41-19.288W;3.35
1534;47-45-54.726N;069-41-03.081W;2.44
1535;47-45-54.773N;069-39-41.312W;1.83
1536;47-45-55.182N;069-40-57.893W;2.74
1537;47-45-55.157N;069-40-22.328W;2.13
1538;47-45-55.060N;069-39-36.806W;1.52
1539;47-45-55.173N;069-39-05.850W;1.83
1540;47-45-55.566N;069-41-43.161W;4.27
1541;47-45-55.407N;069-40-41.332W;2.44
1542;47-45-55.427N;069-40-29.296W;2.13
1543;47-45-55.280N;069-39-49.067W;2.44
1544;47-45-55.321N;069-39-44.493W;1.52
1545;47-45-55.311N;069-38-59.456W;1.52
1546;47-45-55.826N;069-40-35.657W;2.44
1547;47-45-55.788N;069-39-56.823W;2.13
1548;47-45-55.725N;069-39-31.636W;1.83
1549;47-45-55.941N;069-39-25.849W;1.83
1550;47-45-56.210N;069-41-17.053W;3.05
1551;47-45-56.298N;069-39-59.700W;2.44
1552;47-45-56.323N;069-39-20.006W;1.52
1553;47-45-56.610N;069-41-50.768W;4.88
1554;47-45-56.470N;069-41-38.835W;3.66
1555;47-45-56.555N;069-41-10.576W;3.05
1556;47-45-56.668N;069-40-14.112W;2.13
1557;47-45-56.552N;069-40-08.432W;2.13
1558;47-45-56.540N;069-39-14.160W;1.83
1559;47-45-57.006N;069-41-34.134W;4.27
1560;47-45-56.781N;069-40-54.011W;2.44
1561;47-45-56.776N;069-40-20.831W;2.13
1562;47-45-57.293N;069-41-57.390W;5.49
1563;47-45-57.222N;069-41-28.327W;3.66
1564;47-45-57.157N;069-40-48.577W;2.44
1565;47-45-57.374N;069-39-40.567W;2.13
1566;47-45-57.576N;069-41-06.927W;2.74
1567;47-45-57.720N;069-39-48.013W;2.13
1568;47-45-58.006N;069-40-26.412W;2.74
1569;47-45-58.284N;069-41-24.677W;3.96
1570;47-45-58.481N;069-41-02.296W;3.05
1571;47-45-58.379N;069-40-45.422W;2.74
1572;47-45-58.320N;069-40-33.015W;2.44
1573;47-45-58.211N;069-39-52.963W;2.13
1574;47-45-58.424N;069-39-10.599W;1.83
1575;47-45-58.352N;069-39-04.871W;1.52
1576;47-45-58.812N;069-41-30.254W;3.35
1577;47-45-58.841N;069-40-39.624W;3.35
1578;47-45-58.680N;069-40-00.537W;2.13
1579;47-45-58.670N;069-39-29.251W;1.52
1580;47-45-58.689N;069-39-17.916W;1.83
1581;47-45-58.519N;069-38-59.879W;1.83
1582;47-45-58.862N;069-41-47.753W;4.88
1583;47-45-58.916N;069-41-41.697W;4.27
1584;47-45-59.105N;069-41-20.412W;3.35
1585;47-45-58.944N;069-39-35.474W;1.83
1586;47-45-59.381N;069-41-54.249W;5.18
1587;47-45-59.566N;069-41-14.854W;3.35
1588;47-45-59.324N;069-40-11.902W;2.13
1589;47-45-59.391N;069-40-04.090W;2.44
1590;47-45-59.250N;069-39-24.264W;1.83
1591;47-45-59.798N;069-40-57.735W;2.74
1592;47-45-59.763N;069-40-52.172W;2.13
1593;47-45-59.590N;069-40-24.181W;2.44
1594;47-45-59.804N;069-40-18.383W;2.13
1595;47-45-59.942N;069-41-37.618W;4.88
1596;47-46-00.182N;069-39-44.460W;2.44
1597;47-46-00.059N;069-39-39.762W;2.13
1598;47-46-00.385N;069-41-10.772W;3.66
1599;47-46-00.649N;069-40-49.743W;2.13
1600;47-46-00.367N;069-39-51.477W;2.13
1601;47-46-00.516N;069-38-57.661W;1.83
1602;47-46-00.912N;069-41-44.245W;4.27
1603;47-46-00.948N;069-40-43.697W;2.44
1604;47-46-01.009N;069-40-36.609W;2.44
1605;47-46-00.980N;069-40-30.316W;2.74
1606;47-46-01.106N;069-39-56.493W;2.44
1607;47-46-01.620N;069-41-06.148W;3.35
1608;47-46-01.448N;069-40-04.493W;2.13
1609;47-46-01.471N;069-39-15.407W;1.83
1610;47-46-01.525N;069-39-09.254W;1.52
1611;47-46-01.784N;069-41-34.228W;3.66
1612;47-46-01.748N;069-41-29.088W;3.96
1613;47-46-01.792N;069-41-24.133W;3.96
1614;47-46-01.816N;069-39-22.909W;1.83
1615;47-46-01.979N;069-39-04.571W;1.83
1616;47-46-02.121N;069-41-51.979W;5.18
1617;47-46-02.401N;069-41-01.576W;2.44
1618;47-46-02.196N;069-40-27.772W;2.44
1619;47-46-02.286N;069-40-07.683W;2.44
1620;47-46-02.312N;069-39-36.572W;2.44
1621;47-46-02.424N;069-39-33.281W;1.83
1622;47-46-02.382N;069-39-28.770W;1.83
1623;47-46-02.519N;069-41-58.106W;4.88
1624;47-46-02.781N;069-41-47.219W;3.96
1625;47-46-02.763N;069-40-48.316W;1.83
1626;47-46-02.788N;069-40-16.423W;2.13
1627;47-46-03.126N;069-41-36.335W;3.96
1628;47-46-02.949N;069-41-19.078W;3.96
1629;47-46-03.148N;069-40-56.271W;2.74
1630;47-46-02.990N;069-40-21.740W;2.44
1631;47-46-02.828N;069-39-48.106W;2.13
1632;47-46-03.115N;069-39-43.598W;2.13
1633;47-46-03.485N;069-41-42.277W;4.88
1634;47-46-03.316N;069-41-14.804W;3.66
1635;47-46-03.387N;069-39-54.765W;2.13
1636;47-46-03.208N;069-38-55.883W;1.83
1637;47-46-03.614N;069-40-40.324W;2.44
1638;47-46-03.745N;069-40-34.644W;2.74
1639;47-46-03.789N;069-40-00.630W;2.44
1640;47-46-04.087N;069-40-52.498W;2.74
1641;47-46-04.090N;069-39-03.330W;1.83
1642;47-46-04.536N;069-41-49.151W;4.57
1643;47-46-04.438N;069-41-32.383W;4.27
1644;47-46-04.564N;069-41-27.491W;3.96
1645;47-46-04.465N;069-40-08.211W;2.13
1646;47-46-04.556N;069-39-20.520W;1.83
1647;47-46-04.612N;069-39-14.184W;1.52
1648;47-46-04.881N;069-41-10.247W;3.96
1649;47-46-04.885N;069-40-31.488W;2.44
1650;47-46-04.808N;069-40-11.514W;2.44
1651;47-46-04.858N;069-39-32.899W;1.83
1652;47-46-04.822N;069-39-27.595W;1.83
1653;47-46-04.903N;069-39-09.315W;1.83
1654;47-46-05.005N;069-41-05.418W;3.05
1655;47-46-05.251N;069-39-39.673W;2.44
1656;47-46-05.679N;069-39-47.243W;2.13
1657;47-46-05.536N;069-39-35.471W;1.83
1658;47-46-05.749N;069-41-56.396W;5.18
1659;47-46-05.897N;069-41-39.816W;4.57
1660;47-46-06.045N;069-41-23.176W;3.96
1661;47-46-05.847N;069-40-49.107W;2.44
1662;47-46-05.926N;069-40-20.511W;2.13
1663;47-46-06.031N;069-39-58.779W;2.13
1664;47-46-05.882N;069-39-52.248W;2.44
1665;47-46-06.173N;069-41-17.979W;4.27
1666;47-46-06.081N;069-41-00.117W;3.05
1667;47-46-06.370N;069-40-26.444W;2.74
1668;47-46-06.183N;069-38-59.531W;1.52
1669;47-46-06.610N;069-40-56.214W;2.44
1670;47-46-06.632N;069-40-44.048W;2.13
1671;47-46-06.722N;069-40-04.590W;2.13
1672;47-46-06.869N;069-41-46.383W;5.18
1673;47-46-07.050N;069-40-38.494W;3.05
1674;47-46-07.306N;069-41-52.878W;4.57
1675;47-46-07.168N;069-41-31.335W;4.27
1676;47-46-07.357N;069-40-12.293W;2.13
1677;47-46-07.299N;069-39-31.723W;2.44
1678;47-46-07.418N;069-39-18.317W;1.52
1679;47-46-07.732N;069-41-14.094W;3.96
1680;47-46-07.767N;069-40-50.916W;2.74
1681;47-46-07.820N;069-40-35.208W;3.05
1682;47-46-07.742N;069-40-15.354W;2.74
1683;47-46-07.507N;069-39-08.204W;1.83
1684;47-46-07.982N;069-41-37.042W;4.57
1685;47-46-08.058N;069-39-43.809W;2.44
1686;47-46-08.020N;069-39-38.748W;2.13
1687;47-46-07.975N;069-39-25.214W;1.83
1688;47-46-07.870N;069-39-13.816W;1.83
1689;47-46-08.188N;069-38-56.399W;1.52
1690;47-46-08.391N;069-41-09.397W;3.35
1691;47-46-08.472N;069-40-02.363W;2.13
1692;47-46-08.874N;069-41-43.424W;4.88
1693;47-46-08.859N;069-39-55.781W;2.44
1694;47-46-08.861N;069-39-50.900W;2.13
1695;47-46-09.019N;069-41-27.028W;4.57
1696;47-46-09.228N;069-41-22.015W;4.57
1697;47-46-09.155N;069-40-47.763W;2.44
1698;47-46-08.943N;069-40-24.353W;2.13
1699;47-46-09.464N;069-41-04.524W;3.66
1700;47-46-09.430N;069-40-30.044W;2.74
1701;47-46-09.618N;069-40-08.183W;2.44
1702;47-46-09.951N;069-41-56.604W;4.88
1703;47-46-09.747N;069-41-00.310W;3.05
1704;47-46-10.334N;069-41-50.675W;5.49
1705;47-46-10.227N;069-41-34.945W;4.27
1706;47-46-10.069N;069-40-42.095W;3.05
1707;47-46-10.195N;069-39-35.068W;2.44
1708;47-46-10.316N;069-39-30.741W;2.13
1709;47-46-10.343N;069-39-27.694W;2.13
1710;47-46-10.050N;069-39-04.839W;1.83
1711;47-46-10.663N;069-40-54.517W;3.05
1712;47-46-10.513N;069-40-38.436W;2.44
1713;47-46-10.452N;069-40-16.563W;2.13
1714;47-46-10.382N;069-39-41.961W;2.13
1715;47-46-10.631N;069-39-23.067W;1.83
1716;47-46-10.952N;069-41-18.194W;4.57
1717;47-46-10.962N;069-40-19.565W;2.74
1718;47-46-11.034N;069-39-47.462W;2.44
1719;47-46-11.086N;069-39-13.509W;1.83
1720;47-46-11.163N;069-41-40.899W;4.88
1721;47-46-11.127N;069-39-18.140W;1.83
1722;47-46-11.807N;069-41-47.277W;5.18
1723;47-46-11.612N;069-41-13.435W;3.66
1724;47-46-11.570N;069-40-06.326W;2.13
1725;47-46-11.465N;069-39-59.489W;2.44
1726;47-46-11.508N;069-39-54.485W;2.44
1727;47-46-12.033N;069-41-31.187W;4.57
1728;47-46-12.133N;069-40-51.244W;3.05
1729;47-46-12.001N;069-40-28.198W;2.44
1730;47-46-11.887N;069-39-02.069W;1.83
1731;47-46-12.243N;069-41-25.990W;4.88
1732;47-46-12.319N;069-41-07.882W;4.27
1733;47-46-12.765N;069-41-04.037W;3.66
1734;47-46-12.550N;069-40-12.266W;2.44
1735;47-46-12.779N;069-39-27.068W;2.44
1736;47-46-12.974N;069-41-59.602W;5.18
1737;47-46-13.000N;069-41-38.305W;4.57
1738;47-46-13.005N;069-40-45.696W;3.05
1739;47-46-12.937N;069-40-34.448W;3.05
1740;47-46-13.152N;069-39-45.609W;2.13
1741;47-46-12.922N;069-39-38.958W;2.44
1742;47-46-13.128N;069-39-34.206W;2.13
1743;47-46-13.488N;069-40-42.281W;3.05
1744;47-46-13.559N;069-40-24.317W;2.74
1745;47-46-13.348N;069-40-20.158W;2.44
1746;47-46-13.342N;069-39-09.893W;1.83
1747;47-46-13.445N;069-38-58.138W;1.52
1748;47-46-13.719N;069-41-54.659W;5.49
1749;47-46-13.726N;069-41-21.430W;4.88
1750;47-46-13.758N;069-40-58.857W;3.96
1751;47-46-13.968N;069-39-51.358W;2.44
1752;47-46-14.182N;069-39-22.156W;1.83
1753;47-46-14.217N;069-39-18.195W;1.83
1754;47-46-14.659N;069-41-51.006W;5.49
1755;47-46-14.550N;069-41-44.762W;4.88
1756;47-46-14.469N;069-41-16.610W;4.57
1757;47-46-14.629N;069-40-10.167W;2.13
1758;47-46-14.562N;069-40-03.573W;2.44
1759;47-46-14.441N;069-39-58.505W;2.44
1760;47-46-14.740N;069-40-54.839W;3.05
1761;47-46-14.768N;069-40-32.343W;2.44
1762;47-46-15.301N;069-41-29.844W;4.88
1763;47-46-15.322N;069-40-15.858W;2.74
1764;47-46-15.300N;069-39-26.199W;2.13
1765;47-46-15.323N;069-39-23.578W;1.83
1766;47-46-15.308N;069-39-06.578W;1.83
1767;47-46-15.772N;069-41-41.787W;4.57
1768;47-46-15.582N;069-41-35.296W;4.88
1769;47-46-15.538N;069-41-12.227W;4.57
1770;47-46-15.501N;069-41-07.026W;4.27
1771;47-46-15.751N;069-40-37.922W;2.74
1772;47-46-15.594N;069-39-49.191W;2.13
1773;47-46-15.777N;069-39-37.607W;2.13
1774;47-46-15.675N;069-39-30.472W;2.44
1775;47-46-16.034N;069-40-24.117W;2.44
1776;47-46-15.940N;069-39-42.549W;2.44
1777;47-46-16.389N;069-40-50.039W;3.66
1778;47-46-16.178N;069-40-45.755W;3.05
1779;47-46-16.736N;069-41-02.339W;4.57
1780;47-46-16.696N;069-39-55.067W;2.44
1781;47-46-16.680N;069-39-14.523W;1.83
1782;47-46-17.024N;069-41-26.084W;4.88
1783;47-46-17.108N;069-40-28.658W;3.05
1784;47-46-17.086N;069-40-07.158W;2.44
1785;47-46-16.867N;069-39-02.524W;1.52
1786;47-46-17.309N;069-41-58.894W;5.49
1787;47-46-17.348N;069-41-54.488W;5.49
1788;47-46-17.486N;069-41-20.402W;4.88
1789;47-46-17.415N;069-40-02.526W;2.44
1790;47-46-17.838N;069-40-58.812W;3.66
1791;47-46-17.843N;069-40-19.813W;2.74
1792;47-46-17.728N;069-40-14.009W;2.74
1793;47-46-17.722N;069-39-22.586W;2.44
1794;47-46-18.094N;069-41-49.423W;5.49
1795;47-46-17.989N;069-41-33.569W;5.18
1796;47-46-18.155N;069-40-36.439W;2.13
1797;47-46-18.037N;069-39-28.929W;2.13
1798;47-46-18.623N;069-41-45.639W;4.88
1799;47-46-18.475N;069-41-15.710W;5.18
1800;47-46-18.599N;069-41-11.001W;4.88
1801;47-46-18.323N;069-39-52.839W;2.13
1802;47-46-18.505N;069-39-46.193W;2.44
1803;47-46-18.628N;069-39-41.499W;2.13
1804;47-46-18.321N;069-39-34.177W;2.44
1805;47-46-18.434N;069-39-11.751W;1.83
1806;47-46-18.539N;069-38-59.752W;1.52
1807;47-46-18.763N;069-41-39.154W;5.18
1808;47-46-18.787N;069-40-49.228W;3.35
1809;47-46-19.011N;069-40-42.262W;3.35
1810;47-46-18.973N;069-40-27.470W;2.74
1811;47-46-19.164N;069-40-53.272W;3.96
1812;47-46-19.387N;069-39-58.472W;2.44
1813;47-46-19.494N;069-39-17.864W;1.83
1814;47-46-20.041N;069-41-29.816W;5.18
1815;47-46-20.093N;069-41-24.002W;4.88
1816;47-46-19.978N;069-40-11.180W;2.74
1817;47-46-19.858N;069-40-05.987W;2.74
1818;47-46-20.408N;069-41-57.978W;5.49
1819;47-46-20.242N;069-41-06.872W;4.88
1820;47-46-20.207N;069-40-32.565W;3.05
1821;47-46-20.416N;069-40-17.844W;2.74
1822;47-46-20.439N;069-39-32.325W;2.13
1823;47-46-20.165N;069-39-21.227W;2.13
1824;47-46-20.122N;069-39-07.213W;1.52
1825;47-46-20.654N;069-41-02.047W;4.57
1826;47-46-21.006N;069-41-37.301W;5.18
1827;47-46-21.088N;069-40-40.405W;3.05
1828;47-46-21.152N;069-40-23.294W;2.74
1829;47-46-21.177N;069-39-37.460W;2.44
1830;47-46-20.901N;069-39-26.603W;2.74
1831;47-46-21.195N;069-41-53.036W;5.49
1832;47-46-21.284N;069-41-14.969W;5.18
1833;47-46-21.221N;069-39-56.125W;2.13
1834;47-46-21.232N;069-39-50.085W;2.44
1835;47-46-21.357N;069-39-45.207W;2.13
1836;47-46-21.686N;069-41-48.822W;5.18
1837;47-46-21.694N;069-41-19.933W;5.18
1838;47-46-21.846N;069-40-52.955W;3.96
1839;47-46-21.618N;069-39-15.221W;1.83
1840;47-46-21.607N;069-38-57.492W;1.83
1841;47-46-22.147N;069-41-43.384W;5.49
1842;47-46-22.056N;069-40-57.241W;4.57
1843;47-46-21.911N;069-40-30.947W;2.74
1844;47-46-21.956N;069-39-04.809W;1.52
1845;47-46-22.503N;069-40-14.767W;3.35
1846;47-46-22.360N;069-40-02.614W;2.44
1847;47-46-22.904N;069-41-27.730W;5.18
1848;47-46-22.725N;069-40-46.612W;4.27
1849;47-46-22.961N;069-40-09.462W;3.05
1850;47-46-22.872N;069-39-17.924W;2.74
1851;47-46-23.216N;069-41-10.845W;5.49
1852;47-46-23.253N;069-39-35.728W;2.13
1853;47-46-23.507N;069-41-34.169W;5.49
1854;47-46-23.670N;069-41-06.020W;4.57
1855;47-46-23.637N;069-40-21.873W;2.74
1856;47-46-23.509N;069-39-25.126W;2.13
1857;47-46-23.881N;069-41-43.051W;5.49
1858;47-46-24.022N;069-40-44.373W;3.66
1859;47-46-23.755N;069-40-37.032W;3.66
1860;47-46-24.006N;069-40-27.013W;2.44
1861;47-46-23.822N;069-39-41.287W;2.44
1862;47-46-23.998N;069-39-30.498W;2.74
1863;47-46-23.701N;069-39-12.577W;1.83
1864;47-46-23.878N;069-39-01.614W;2.13
1865;47-46-24.067N;069-41-40.668W;5.49
1866;47-46-24.076N;069-39-59.593W;2.44
1867;47-46-24.212N;069-39-53.493W;2.44
1868;47-46-24.087N;069-39-48.794W;2.13
1869;47-46-24.495N;069-41-57.327W;5.49
1870;47-46-24.459N;069-41-52.184W;5.18
1871;47-46-24.710N;069-41-23.849W;5.18
1872;47-46-24.428N;069-41-18.457W;5.18
1873;47-46-24.456N;069-40-56.185W;4.27
1874;47-46-24.996N;069-41-00.478W;4.88
1875;47-46-24.967N;069-40-35.037W;3.05
1876;47-46-25.051N;069-40-06.081W;2.74
1877;47-46-25.091N;069-39-09.068W;2.13
1878;47-46-24.951N;069-38-56.578W;1.83
1879;47-46-25.483N;069-40-13.294W;2.74
1880;47-46-25.274N;069-39-16.505W;2.13
1881;47-46-25.698N;069-41-47.251W;5.79
1882;47-46-25.604N;069-40-18.427W;2.74
1883;47-46-25.654N;069-39-39.186W;2.13
1884;47-46-25.764N;069-39-21.753W;2.74
1885;47-46-26.086N;069-41-31.466W;4.88
1886;47-46-25.947N;069-40-50.525W;4.57
1887;47-46-26.524N;069-41-14.398W;5.49
1888;47-46-26.404N;069-41-09.255W;4.88
1889;47-46-26.411N;069-40-25.284W;2.44
1890;47-46-26.320N;069-39-28.894W;2.13
1891;47-46-26.626N;069-41-49.535W;5.79
1892;47-46-26.876N;069-41-44.581W;5.79
1893;47-46-26.727N;069-41-38.273W;5.79
1894;47-46-26.812N;069-40-41.001W;4.27
1895;47-46-26.737N;069-40-30.485W;3.35
1896;47-46-26.736N;069-39-57.077W;2.44
1897;47-46-26.818N;069-39-52.319W;2.13
1898;47-46-26.593N;069-39-44.934W;2.44
1899;47-46-27.157N;069-41-22.122W;4.88
1900;47-46-27.267N;069-40-59.910W;4.57
1901;47-46-27.165N;069-40-47.979W;3.96
1902;47-46-27.215N;069-40-03.617W;2.74
1903;47-46-26.973N;069-39-34.392W;2.74
1904;47-46-27.179N;069-39-05.755W;2.13
1905;47-46-27.353N;069-41-55.733W;5.18
1906;47-46-27.489N;069-39-12.827W;2.44
1907;47-46-27.975N;069-41-27.647W;5.18
1908;47-46-27.722N;069-41-04.507W;5.18
1909;47-46-27.944N;069-40-38.760W;3.35
1910;47-46-27.695N;069-40-10.036W;3.05
1911;47-46-27.764N;069-39-19.169W;2.13
1912;47-46-27.916N;069-39-01.504W;1.83
1913;47-46-28.379N;069-40-16.828W;3.05
1914;47-46-28.260N;069-39-42.769W;2.13
1915;47-46-28.654N;069-41-34.700W;5.18
1916;47-46-28.540N;069-40-22.085W;2.74
1917;47-46-28.957N;069-41-51.542W;5.79
1918;47-46-28.864N;069-39-25.282W;2.74
1919;47-46-29.220N;069-41-12.370W;4.88
1920;47-46-29.287N;069-40-55.053W;4.88
1921;47-46-29.324N;069-39-48.399W;2.44
1922;47-46-29.459N;069-39-32.729W;2.13
1923;47-46-29.809N;069-41-25.235W;5.18
1924;47-46-29.579N;069-41-18.558W;5.49
1925;47-46-29.630N;069-40-34.389W;3.96
1926;47-46-29.673N;069-40-29.316W;2.74
1927;47-46-29.754N;069-40-00.732W;3.05
1928;47-46-29.796N;069-39-55.851W;2.44
1929;47-46-30.082N;069-41-59.278W;4.88
1930;47-46-29.827N;069-41-41.948W;6.1
1931;47-46-30.089N;069-41-30.872W;5.49
1932;47-46-29.898N;069-40-51.211W;4.27
1933;47-46-29.944N;069-40-07.390W;3.35
1934;47-46-30.029N;069-39-38.348W;2.74
1935;47-46-30.166N;069-39-22.502W;2.13
1936;47-46-30.017N;069-39-11.045W;2.13
1937;47-46-30.183N;069-41-48.200W;5.79
1938;47-46-30.328N;069-41-03.517W;5.18
1939;47-46-30.239N;069-40-45.101W;4.57
1940;47-46-30.424N;069-39-16.352W;2.44
1941;47-46-30.438N;069-39-05.265W;2.13
1942;47-46-30.798N;069-40-42.360W;3.66
1943;47-46-30.840N;069-40-13.451W;3.05
1944;47-46-30.657N;069-38-58.995W;2.13
1945;47-46-31.149N;069-41-08.551W;5.49
1946;47-46-31.075N;069-39-46.111W;2.13
1947;47-46-31.602N;069-41-55.330W;5.79
1948;47-46-31.316N;069-41-31.937W;5.49
1949;47-46-31.356N;069-40-25.313W;3.05
1950;47-46-31.400N;069-40-20.242W;2.74
1951;47-46-31.947N;069-41-16.401W;45.72
1952;47-46-31.888N;069-39-52.227W;2.44
1953;47-46-31.918N;069-39-29.482W;2.74
1954;47-46-32.039N;069-41-38.748W;5.49
1955;47-46-32.317N;069-40-04.623W;3.05
1956;47-46-32.308N;069-39-08.162W;2.44
1957;47-46-32.680N;069-41-22.108W;5.49
1958;47-46-32.636N;069-40-58.605W;5.18
1959;47-46-32.509N;069-40-54.197W;4.88
1960;47-46-32.526N;069-40-37.927W;4.27
1961;47-46-32.685N;069-40-33.711W;3.66
1962;47-46-32.443N;069-39-59.498W;3.05
1963;47-46-32.555N;069-39-36.869W;2.13
1964;47-46-32.410N;069-38-56.286W;2.13
1965;47-46-33.003N;069-41-46.236W;5.79
1966;47-46-32.865N;069-41-29.275W;5.49
1967;47-46-32.731N;069-41-25.660W;5.49
1968;47-46-32.815N;069-39-25.840W;2.13
1969;47-46-33.362N;069-41-52.121W;5.49
1970;47-46-33.181N;069-41-07.061W;5.18
1971;47-46-33.127N;069-40-11.049W;3.35
1972;47-46-33.247N;069-39-42.613W;2.74
1973;47-46-33.358N;069-39-20.121W;2.44
1974;47-46-33.697N;069-40-45.533W;4.27
1975;47-46-33.486N;069-40-17.286W;3.05
1976;47-46-33.481N;069-39-15.371W;2.13
1977;47-46-33.825N;069-40-49.756W;5.49
1978;47-46-33.888N;069-39-49.638W;2.13
1979;47-46-34.077N;069-39-03.564W;2.13
1980;47-46-34.294N;069-41-35.487W;5.49
1981;47-46-34.167N;069-41-12.221W;5.49
1982;47-46-34.167N;069-40-29.093W;3.96
1983;47-46-34.294N;069-40-23.961W;3.66
1984;47-46-34.657N;069-39-56.059W;3.05
1985;47-46-35.179N;069-41-42.546W;5.49
1986;47-46-35.048N;069-41-19.951W;5.49
1987;47-46-35.130N;069-40-08.093W;3.35
1988;47-46-34.928N;069-40-02.838W;3.05
1989;47-46-35.058N;069-39-33.255W;3.05
1990;47-46-35.207N;069-39-06.264W;2.13
1991;47-46-35.574N;069-41-25.716W;6.1
1992;47-46-35.566N;069-40-58.110W;5.49
1993;47-46-35.378N;069-40-41.711W;4.57
1994;47-46-35.262N;069-39-28.687W;2.13
1995;47-46-35.243N;069-39-11.686W;2.44
1996;47-46-35.665N;069-40-37.068W;3.96
1997;47-46-35.856N;069-40-14.763W;3.35
1998;47-46-35.777N;069-39-40.768W;2.13
1999;47-46-35.670N;069-39-00.242W;2.44
2000;47-46-36.177N;069-41-55.301W;5.18
2001;47-46-36.226N;069-41-49.853W;5.49
2002;47-46-36.047N;069-41-32.950W;5.49
2003;47-46-36.075N;069-41-10.727W;5.18
2004;47-46-35.975N;069-41-03.258W;5.49
2005;47-46-36.603N;069-41-58.248W;5.18
2006;47-46-36.575N;069-41-14.962W;5.49
2007;47-46-36.341N;069-40-20.698W;3.35
2008;47-46-36.307N;069-39-46.205W;3.05
2009;47-46-36.453N;069-39-24.259W;2.74
2010;47-46-36.964N;069-41-17.540W;5.49
2011;47-46-36.756N;069-40-49.138W;5.18
2012;47-46-36.938N;069-40-32.750W;4.27
2013;47-46-36.866N;069-39-53.108W;3.05
2014;47-46-36.742N;069-39-19.390W;2.44
2015;47-46-37.170N;069-40-53.674W;5.49
2016;47-46-37.314N;069-40-27.377W;3.66
2017;47-46-37.284N;069-39-08.981W;2.13
2018;47-46-37.718N;069-41-39.658W;5.49
2019;47-46-37.613N;069-41-23.492W;5.49
2020;47-46-37.472N;069-39-59.344W;3.35
2021;47-46-37.578N;069-39-03.505W;2.44
2022;47-46-37.827N;069-41-55.028W;5.18
2023;47-46-37.817N;069-40-16.753W;3.05
2024;47-46-38.068N;069-40-11.505W;3.35
2025;47-46-38.034N;069-39-36.844W;3.05
2026;47-46-37.826N;069-39-32.268W;2.13
2027;47-46-38.009N;069-38-56.569W;2.44
2028;47-46-38.112N;069-41-46.340W;5.18
2029;47-46-38.297N;069-41-01.528W;5.49
2030;47-46-38.439N;069-40-45.071W;5.49
2031;47-46-38.357N;069-40-06.624W;3.35
2032;47-46-38.421N;069-39-15.703W;2.44
2033;47-46-38.510N;069-41-29.265W;6.1
2034;47-46-38.798N;069-41-05.639W;5.18
2035;47-46-39.167N;069-41-52.668W;5.18
2036;47-46-38.982N;069-41-36.561W;5.18
2037;47-46-38.890N;069-41-13.966W;5.18
2038;47-46-39.094N;069-40-40.740W;4.57
2039;47-46-39.155N;069-40-24.049W;4.27
2040;47-46-38.916N;069-39-44.604W;2.44
2041;47-46-38.994N;069-39-11.327W;2.13
2042;47-46-39.526N;069-40-52.800W;5.49
2043;47-46-39.197N;069-40-19.100W;3.66
2044;47-46-39.280N;069-39-50.222W;3.35
2045;47-46-39.303N;069-39-28.211W;2.74
2046;47-46-39.603N;069-41-59.167W;4.88
2047;47-46-39.751N;069-40-36.165W;4.57
2048;47-46-39.555N;069-39-56.573W;3.35
2049;47-46-40.045N;069-40-30.729W;4.27
2050;47-46-39.999N;069-39-23.835W;2.13
2051;47-46-40.058N;069-39-07.265W;2.44
2052;47-46-40.226N;069-39-02.090W;2.13
2053;47-46-40.129N;069-38-59.043W;2.44
2054;47-46-40.568N;069-41-20.060W;5.49
2055;47-46-40.314N;069-41-11.300W;5.49
2056;47-46-40.271N;069-40-57.160W;5.79
2057;47-46-40.557N;069-39-35.730W;2.44
2058;47-46-40.797N;069-40-15.157W;3.35
2059;47-46-40.813N;069-40-03.737W;3.66
2060;47-46-40.842N;069-39-40.979W;3.05
2061;47-46-41.006N;069-41-49.828W;5.18
2062;47-46-40.982N;069-41-43.276W;5.49
2063;47-46-41.043N;069-41-26.989W;5.49
2064;47-46-40.988N;069-41-04.763W;5.18
2065;47-46-41.086N;069-40-48.608W;5.79
2066;47-46-41.455N;069-41-17.506W;5.79
2067;47-46-41.620N;069-40-10.407W;3.35
2068;47-46-41.356N;069-39-19.229W;2.74
2069;47-46-42.060N;069-41-56.279W;4.88
2070;47-46-41.936N;069-41-33.314W;6.1
2071;47-46-41.968N;069-40-27.462W;4.57
2072;47-46-41.929N;069-40-22.449W;4.27
2073;47-46-42.054N;069-39-48.624W;2.74
2074;47-46-41.845N;069-39-14.972W;2.13
2075;47-46-42.204N;069-41-40.238W;5.18
2076;47-46-42.155N;069-41-08.030W;5.49
2077;47-46-42.194N;069-40-44.407W;5.18
2078;47-46-42.293N;069-39-54.364W;3.66
2079;47-46-42.237N;069-39-31.859W;2.74
2080;47-46-42.422N;069-40-56.099W;5.79
2081;47-46-42.778N;069-40-33.897W;4.57
2082;47-46-42.521N;069-39-27.476W;2.13
2083;47-46-42.477N;069-38-58.842W;2.44
2084;47-46-42.808N;069-40-40.014W;5.49
2085;47-46-42.820N;069-40-00.170W;3.35
2086;47-46-42.954N;069-39-05.612W;2.13
2087;47-46-43.415N;069-41-00.464W;5.49
2088;47-46-43.250N;069-40-12.514W;3.05
2089;47-46-43.369N;069-39-39.256W;2.44
2090;47-46-43.200N;069-39-10.671W;2.44
2091;47-46-43.664N;069-41-23.979W;5.49
2092;47-46-43.691N;069-40-18.753W;3.96
2093;47-46-43.816N;069-39-44.813W;3.35
2094;47-46-43.969N;069-41-07.820W;5.18
2095;47-46-43.953N;069-40-07.396W;3.66
2096;47-46-44.433N;069-41-53.511W;4.57
2097;47-46-44.242N;069-41-47.322W;5.18
2098;47-46-44.227N;069-41-30.420W;5.49
2099;47-46-44.351N;069-40-52.158W;5.79
2100;47-46-44.885N;069-41-21.002W;5.49
2101;47-46-44.617N;069-41-13.833W;6.4
2102;47-46-44.742N;069-40-30.571W;4.57
2103;47-46-44.615N;069-39-52.513W;3.05
2104;47-46-44.829N;069-39-22.520W;3.05
2105;47-46-44.698N;069-39-18.497W;2.13
2106;47-46-45.055N;069-41-43.909W;4.88
2107;47-46-45.113N;069-41-37.358W;5.79
2108;47-46-45.124N;069-41-02.823W;5.79
2109;47-46-45.083N;069-40-48.439W;5.79
2110;47-46-45.275N;069-40-26.116W;4.57
2111;47-46-45.043N;069-40-14.806W;3.66
2112;47-46-45.207N;069-38-57.308W;2.44
2113;47-46-45.522N;069-40-59.586W;5.79
2114;47-46-45.629N;069-40-04.067W;3.35
2115;47-46-45.514N;069-39-58.204W;3.66
2116;47-46-45.335N;069-39-35.633W;3.05
2117;47-46-45.540N;069-39-30.882W;2.44
2118;47-46-45.827N;069-40-43.313W;5.79
2119;47-46-45.792N;069-40-37.806W;5.49
2120;47-46-45.888N;069-39-09.259W;2.44
2121;47-46-45.700N;069-39-02.372W;2.44
2122;47-46-46.204N;069-41-11.292W;6.1
2123;47-46-46.342N;069-40-21.796W;4.57
2124;47-46-46.090N;069-39-14.562W;2.74
2125;47-46-46.479N;069-41-27.096W;5.18
2126;47-46-46.595N;069-39-42.484W;2.74
2127;47-46-47.034N;069-41-34.334W;5.49
2128;47-46-46.925N;069-41-04.143W;6.1
2129;47-46-46.972N;069-40-10.747W;4.27
2130;47-46-47.450N;069-41-56.940W;4.57
2131;47-46-47.204N;069-40-55.639W;6.1
2132;47-46-47.116N;069-39-49.080W;3.66
2133;47-46-47.347N;069-39-21.652W;2.13
2134;47-46-47.820N;069-41-24.551W;5.49
2135;47-46-47.757N;069-40-58.343W;6.1
2136;47-46-47.798N;069-40-34.357W;5.49
2137;47-46-47.717N;069-39-55.802W;3.35
2138;47-46-47.639N;069-39-26.166W;3.05
2139;47-46-47.910N;069-41-51.683W;4.57
2140;47-46-47.966N;069-41-17.144W;6.4
2141;47-46-48.023N;069-40-17.854W;4.27
2142;47-46-48.144N;069-39-39.402W;3.35
2143;47-46-47.979N;069-39-00.586W;2.44
2144;47-46-48.315N;069-41-47.833W;4.57
2145;47-46-48.432N;069-40-51.684W;5.79
2146;47-46-48.357N;069-40-41.280W;5.79
2147;47-46-48.295N;069-40-29.351W;5.18
2148;47-46-48.273N;069-39-33.978W;2.74
2149;47-46-48.484N;069-39-23.500W;2.13
2150;47-46-48.428N;069-39-05.833W;2.44
2151;47-46-48.542N;069-41-40.917W;5.18
2152;47-46-48.664N;069-41-03.013W;6.1
2153;47-46-48.564N;069-40-07.600W;3.96
2154;47-46-48.613N;069-40-01.922W;3.66
2155;47-46-49.011N;069-40-46.555W;5.79
2156;47-46-49.113N;069-40-25.148W;4.88
2157;47-46-49.242N;069-39-45.946W;3.05
2158;47-46-48.941N;069-39-18.207W;2.74
2159;47-46-48.989N;069-39-12.543W;2.44
2160;47-46-49.548N;069-41-15.092W;5.79
2161;47-46-49.321N;069-41-07.924W;6.71
2162;47-46-49.429N;069-40-55.437W;6.1
2163;47-46-49.933N;069-41-37.210W;5.18
2164;47-46-49.656N;069-41-31.263W;5.18
2165;47-46-49.947N;069-40-14.406W;4.57
2166;47-46-49.901N;069-38-57.150W;2.74
2167;47-46-50.180N;069-40-59.063W;6.1
2168;47-46-50.007N;069-39-52.853W;3.96
2169;47-46-50.446N;069-40-37.771W;5.79
2170;47-46-50.693N;069-39-30.060W;3.05
2171;47-46-50.716N;069-41-27.670W;5.18
2172;47-46-50.939N;069-39-59.582W;3.66
2173;47-46-50.728N;069-39-25.978W;2.44
2174;47-46-51.335N;069-41-55.427W;4.88
2175;47-46-51.101N;069-41-21.124W;5.49
2176;47-46-51.350N;069-40-33.138W;5.79
2177;47-46-51.284N;069-40-21.764W;4.57
2178;47-46-51.239N;069-39-43.481W;3.66
2179;47-46-51.126N;069-39-37.382W;3.35
2180;47-46-51.280N;069-39-09.234W;2.44
2181;47-46-51.237N;069-39-04.605W;2.13
2182;47-46-51.700N;069-41-51.515W;4.57
2183;47-46-51.514N;069-41-06.680W;6.4
2184;47-46-51.693N;069-40-55.480W;5.79
2185;47-46-51.543N;069-40-44.216W;6.1
2186;47-46-51.456N;069-40-11.378W;4.27
2187;47-46-51.588N;069-40-05.456W;4.57
2188;47-46-51.710N;069-39-21.731W;3.05
2189;47-46-51.906N;069-40-49.852W;6.1
2190;47-46-52.091N;069-40-28.443W;5.18
2191;47-46-52.097N;069-39-49.169W;3.35
2192;47-46-51.920N;069-39-16.312W;2.44
2193;47-46-52.292N;069-41-45.219W;4.88
2194;47-46-52.770N;069-41-18.646W;5.49
2195;47-46-52.748N;069-41-11.664W;6.71
2196;47-46-52.752N;069-39-00.674W;2.74
2197;47-46-52.864N;069-41-41.004W;4.57
2198;47-46-53.079N;069-41-35.190W;4.88
2199;47-46-53.195N;069-41-02.671W;6.1
2200;47-46-53.208N;069-40-18.192W;4.88
2201;47-46-53.103N;069-38-58.122W;2.13
2202;47-46-53.231N;069-39-56.267W;3.96
2203;47-46-53.730N;069-41-31.344W;4.88
2204;47-46-53.709N;069-40-41.258W;6.1
2205;47-46-53.826N;069-39-29.507W;2.74
2206;47-46-54.224N;069-41-54.629W;5.18
2207;47-46-54.118N;069-40-03.303W;3.96
2208;47-46-53.979N;069-39-40.787W;3.35
2209;47-46-54.113N;069-39-34.632W;3.66
2210;47-46-54.211N;069-39-13.064W;2.74
2211;47-46-54.252N;069-39-08.254W;2.44
2212;47-46-54.487N;069-41-24.805W;5.18
2213;47-46-54.518N;069-40-47.698W;6.1
2214;47-46-54.448N;069-40-36.683W;6.1
2215;47-46-54.655N;069-40-31.793W;5.79
2216;47-46-54.625N;069-40-25.738W;5.18
2217;47-46-54.394N;069-40-14.364W;4.57
2218;47-46-54.522N;069-40-09.112W;4.88
2219;47-46-54.461N;069-39-47.137W;3.96
2220;47-46-54.919N;069-41-59.664W;6.4
2221;47-46-54.857N;069-41-10.419W;6.4
2222;47-46-54.787N;069-40-59.518W;6.1
2223;47-46-54.756N;069-40-53.457W;6.1
2224;47-46-54.908N;069-39-52.696W;3.35
2225;47-46-54.888N;069-39-25.504W;3.66
2226;47-46-54.772N;069-39-19.837W;3.05
2227;47-46-54.802N;069-38-56.753W;2.13
2228;47-46-55.551N;069-41-48.960W;5.49
2229;47-46-55.543N;069-41-21.518W;5.18
2230;47-46-55.687N;069-39-03.955W;3.05
2231;47-46-55.841N;069-41-44.126W;4.88
2232;47-46-55.761N;069-41-15.336W;6.1
2233;47-46-56.376N;069-41-06.101W;6.4
2234;47-46-56.330N;069-39-59.802W;4.57
2235;47-46-56.349N;069-39-37.904W;3.96
2236;47-46-56.272N;069-39-27.358W;3.35
2237;47-46-56.429N;069-38-58.914W;2.13
2238;47-46-56.585N;069-41-39.119W;4.57
2239;47-46-56.521N;069-40-44.432W;6.1
2240;47-46-56.465N;069-40-22.348W;5.49
2241;47-46-56.870N;069-41-34.775W;4.57
2242;47-46-56.994N;069-39-44.439W;3.66
2243;47-46-57.004N;069-39-33.405W;2.74
2244;47-46-56.937N;069-39-11.896W;2.74
2245;47-46-57.278N;069-41-58.242W;5.79
2246;47-46-57.338N;069-40-40.347W;6.1
2247;47-46-57.512N;069-40-29.767W;5.79
2248;47-46-57.530N;069-40-18.149W;4.88
2249;47-46-57.299N;069-40-06.841W;4.27
2250;47-46-57.478N;069-39-50.547W;4.27
2251;47-46-57.496N;069-39-23.786W;3.05
2252;47-46-57.227N;069-39-16.531W;3.05
2253;47-46-57.667N;069-41-13.842W;6.1
2254;47-46-57.765N;069-41-02.515W;6.71
2255;47-46-57.894N;069-40-57.006W;6.1
2256;47-46-57.695N;069-40-51.493W;6.4
2257;47-46-57.673N;069-40-34.908W;6.1
2258;47-46-57.783N;069-40-12.776W;5.18
2259;47-46-57.836N;069-39-56.899W;3.96
2260;47-46-57.900N;069-39-29.581W;3.66
2261;47-46-58.153N;069-41-29.165W;4.88
2262;47-46-58.597N;069-41-25.314W;4.57
2263;47-46-58.533N;069-39-07.967W;3.05
2264;47-46-58.730N;069-41-52.515W;6.1
2265;47-46-58.771N;069-41-47.922W;4.88
2266;47-46-59.183N;069-41-19.384W;5.49
2267;47-46-59.313N;069-40-26.131W;5.79
2268;47-46-59.301N;069-40-03.702W;5.18
2269;47-46-59.237N;069-39-02.620W;2.13
2270;47-46-59.676N;069-41-09.900W;6.1
2271;47-46-59.373N;069-40-47.669W;6.1
2272;47-46-59.640N;069-39-47.842W;3.66
2273;47-46-59.614N;069-39-41.194W;4.27
2274;47-47-00.009N;069-41-42.801W;4.88
2275;47-46-59.800N;069-41-38.447W;4.57
2276;47-46-59.994N;069-39-20.176W;3.35
2277;47-46-59.911N;069-39-15.302W;3.05
2278;47-47-00.110N;069-40-10.130W;4.57
2279;47-47-00.182N;069-39-37.181W;3.05
2280;47-47-00.624N;069-41-00.120W;6.71
2281;47-47-00.670N;069-40-54.733W;6.71
2282;47-47-00.599N;069-40-43.958W;6.1
2283;47-47-00.423N;069-40-35.755W;6.1
2284;47-47-00.531N;069-40-32.821W;6.1
2285;47-47-00.486N;069-39-59.877W;4.27
2286;47-47-00.491N;069-39-54.445W;4.27
2287;47-47-00.466N;069-39-32.676W;3.96
2288;47-47-00.511N;069-39-27.192W;3.35
2289;47-47-01.011N;069-41-17.215W;5.49
2290;47-47-00.784N;069-41-05.389W;6.71
2291;47-47-00.807N;069-40-38.822W;5.79
2292;47-47-00.873N;069-40-21.757W;5.49
2293;47-47-00.918N;069-40-16.684W;5.49
2294;47-47-01.035N;069-38-59.121W;2.74
2295;47-47-01.344N;069-39-11.247W;3.05
2296;47-47-01.575N;069-41-33.030W;4.57
2297;47-47-01.612N;069-41-28.681W;4.57
2298;47-47-02.031N;069-41-51.417W;5.49
2299;47-47-02.166N;069-39-06.389W;2.13
2300;47-47-02.398N;069-41-56.325W;6.71
2301;47-47-02.530N;069-41-41.442W;4.88
2302;47-47-02.533N;069-41-22.022W;5.18
2303;47-47-02.511N;069-40-51.095W;6.1
2304;47-47-02.289N;069-40-29.245W;6.4
2305;47-47-02.478N;069-40-07.486W;5.49
2306;47-47-02.410N;069-39-51.247W;4.27
2307;47-47-02.545N;069-39-44.846W;4.27
2308;47-47-02.770N;069-41-13.574W;5.79
2309;47-47-02.886N;069-39-23.581W;3.35
2310;47-47-02.765N;069-39-18.340W;3.05
2311;47-47-03.592N;069-41-08.812W;6.1
2312;47-47-03.601N;069-40-58.279W;6.71
2313;47-47-03.528N;069-40-47.625W;6.4
2314;47-47-03.497N;069-40-41.749W;5.79
2315;47-47-03.545N;069-40-36.181W;5.79
2316;47-47-03.453N;069-40-13.736W;4.88
2317;47-47-03.544N;069-40-03.108W;4.57
2318;47-47-03.605N;069-39-36.087W;4.27
2319;47-47-03.565N;069-39-30.966W;3.66
2320;47-47-03.716N;069-41-46.856W;5.49
2321;47-47-03.909N;069-41-19.843W;4.88
2322;47-47-03.801N;069-41-03.672W;6.1
2323;47-47-04.015N;069-40-29.399W;5.79
2324;47-47-03.722N;069-40-25.296W;5.79
2325;47-47-03.768N;069-40-20.038W;6.1
2326;47-47-03.674N;069-39-57.493W;4.88
2327;47-47-03.727N;069-39-41.209W;3.66
2328;47-47-03.885N;069-39-02.524W;3.05
2329;47-47-04.275N;069-39-14.774W;3.66
2330;47-47-04.586N;069-41-31.986W;4.57
2331;47-47-04.585N;069-38-57.544W;2.44
2332;47-47-04.757N;069-41-54.718W;7.01
2333;47-47-04.995N;069-41-36.957W;5.18
2334;47-47-05.019N;069-39-09.489W;2.13
2335;47-47-05.360N;069-40-54.578W;6.71
2336;47-47-05.304N;069-40-32.543W;6.4
2337;47-47-05.219N;069-39-54.654W;4.88
2338;47-47-05.396N;069-39-48.314W;4.57
2339;47-47-05.288N;069-39-21.616W;3.35
2340;47-47-05.485N;069-41-51.485W;6.71
2341;47-47-05.626N;069-41-44.811W;5.79
2342;47-47-05.502N;069-41-25.817W;4.88
2343;47-47-05.702N;069-41-16.938W;5.18
2344;47-47-05.659N;069-40-10.722W;5.49
2345;47-47-05.485N;069-39-27.529W;3.96
2346;47-47-06.028N;069-40-24.973W;6.1
2347;47-47-05.890N;069-40-21.973W;5.79
2348;47-47-06.391N;069-40-44.742W;6.1
2349;47-47-06.437N;069-40-39.479W;6.1
2350;47-47-06.449N;069-40-00.109W;5.18
2351;47-47-06.537N;069-39-39.616W;4.27
2352;47-47-06.458N;069-39-34.190W;3.96
2353;47-47-06.771N;069-41-12.058W;5.79
2354;47-47-06.730N;069-41-07.341W;6.1
2355;47-47-06.572N;069-41-01.826W;6.4
2356;47-47-06.591N;069-40-50.132W;6.71
2357;47-47-06.860N;069-40-28.597W;5.79
2358;47-47-06.705N;069-40-18.076W;5.49
2359;47-47-06.561N;069-40-06.278W;4.57
2360;47-47-06.575N;069-39-44.921W;3.96
2361;47-47-06.877N;069-39-18.417W;3.66
2362;47-47-07.132N;069-41-51.150W;7.01
2363;47-47-07.005N;069-41-23.150W;4.88
2364;47-47-06.983N;069-39-05.688W;3.05
2365;47-47-06.939N;069-39-01.181W;2.74
2366;47-47-07.404N;069-41-57.465W;8.53
2367;47-47-07.270N;069-41-35.347W;4.57
2368;47-47-07.865N;069-40-21.767W;6.1
2369;47-47-07.872N;069-39-12.527W;2.44
2370;47-47-08.269N;069-41-48.110W;6.4
2371;47-47-08.269N;069-41-19.560W;4.88
2372;47-47-08.277N;069-40-35.782W;6.1
2373;47-47-08.197N;069-39-57.578W;4.88
2374;47-47-08.248N;069-39-51.417W;4.88
2375;47-47-08.218N;069-39-25.265W;3.96
2376;47-47-08.373N;069-41-40.882W;5.79
2377;47-47-08.456N;069-40-57.883W;6.4
2378;47-47-08.618N;069-40-25.022W;6.1
2379;47-47-08.585N;069-40-14.627W;6.1
2380;47-47-08.964N;069-41-29.560W;5.18
2381;47-47-08.907N;069-39-31.372W;4.27
2382;47-47-09.690N;069-41-26.326W;5.18
2383;47-47-09.705N;069-41-15.116W;5.18
2384;47-47-09.522N;069-40-53.434W;6.71
2385;47-47-09.565N;069-40-48.415W;6.4
2386;47-47-09.696N;069-40-42.786W;6.4
2387;47-47-09.711N;069-40-31.711W;6.1
2388;47-47-09.557N;069-40-21.004W;5.79
2389;47-47-09.655N;069-40-09.759W;4.88
2390;47-47-09.713N;069-39-48.273W;4.57
2391;47-47-09.639N;069-39-37.420W;4.27
2392;47-47-09.440N;069-39-21.572W;4.27
2393;47-47-09.422N;069-39-09.023W;3.66
2394;47-47-10.096N;069-41-59.661W;9.75
2395;47-47-09.912N;069-41-10.220W;5.49
2396;47-47-09.793N;069-41-04.951W;6.1
2397;47-47-10.042N;069-39-43.341W;4.57
2398;47-47-10.080N;069-39-04.042W;2.74
2399;47-47-10.222N;069-41-54.886W;8.53
2400;47-47-10.191N;069-41-20.700W;4.57
2401;47-47-10.233N;069-40-04.760W;5.49
2402;47-47-10.207N;069-38-58.685W;3.05
2403;47-47-10.793N;069-41-50.731W;8.53
2404;47-47-10.774N;069-41-38.846W;5.49
2405;47-47-10.596N;069-39-16.112W;2.74
2406;47-47-11.139N;069-39-59.649W;4.88
2407;47-47-10.952N;069-39-27.633W;4.57
2408;47-47-11.223N;069-41-01.120W;6.1
2409;47-47-11.416N;069-40-38.902W;6.4
2410;47-47-11.514N;069-39-34.347W;4.27
2411;47-47-11.627N;069-41-44.682W;7.01
2412;47-47-11.837N;069-40-28.265W;6.1
2413;47-47-11.683N;069-40-17.683W;6.1
2414;47-47-11.876N;069-39-55.147W;5.49
2415;47-47-12.147N;069-41-22.514W;4.88
2416;47-47-12.208N;069-40-56.486W;6.71
2417;47-47-12.397N;069-41-12.718W;4.88
2418;47-47-12.413N;069-40-51.836W;6.4
2419;47-47-12.545N;069-40-46.023W;6.4
2420;47-47-12.638N;069-40-35.377W;6.1
2421;47-47-12.573N;069-40-23.998W;6.1
2422;47-47-12.340N;069-40-13.050W;5.79
2423;47-47-12.576N;069-39-25.166W;4.57
2424;47-47-12.390N;069-39-12.857W;3.66
2425;47-47-12.751N;069-41-33.492W;6.1
2426;47-47-12.784N;069-41-29.755W;5.79
2427;47-47-12.799N;069-41-18.423W;4.88
2428;47-47-12.708N;069-40-08.413W;5.79
2429;47-47-12.850N;069-39-46.626W;5.18
2430;47-47-12.696N;069-39-40.466W;4.27
2431;47-47-12.727N;069-39-06.955W;3.05
2432;47-47-13.051N;069-39-52.181W;5.18
2433;47-47-13.322N;069-39-19.392W;3.35
2434;47-47-13.054N;069-39-02.272W;3.35
2435;47-47-13.561N;069-41-58.012W;10.36
2436;47-47-13.382N;069-41-08.082W;5.49
2437;47-47-13.516N;069-39-30.790W;4.57
2438;47-47-13.497N;069-38-58.443W;2.74
2439;47-47-13.969N;069-41-53.793W;9.45
2440;47-47-14.154N;069-41-42.157W;7.01
2441;47-47-14.328N;069-40-20.669W;6.1
2442;47-47-14.339N;069-40-09.911W;5.79
2443;47-47-14.144N;069-40-03.860W;5.18
2444;47-47-14.511N;069-40-42.084W;6.71
2445;47-47-14.774N;069-39-37.641W;4.57
2446;47-47-15.133N;069-41-47.628W;8.84
2447;47-47-14.995N;069-41-25.816W;5.49
2448;47-47-14.970N;069-41-04.928W;5.49
2449;47-47-15.093N;069-40-31.815W;6.1
2450;47-47-14.984N;069-40-16.097W;5.79
2451;47-47-14.885N;069-39-58.930W;5.79
2452;47-47-14.952N;069-39-16.074W;4.27
2453;47-47-15.427N;069-41-32.808W;6.4
2454;47-47-15.406N;069-41-16.267W;5.18
2455;47-47-15.467N;069-40-59.733W;6.1
2456;47-47-15.508N;069-40-54.958W;6.1
2457;47-47-15.504N;069-40-27.052W;5.79
2458;47-47-15.507N;069-39-43.447W;5.18
2459;47-47-15.534N;069-39-10.420W;3.35
2460;47-47-15.887N;069-41-22.341W;5.49
2461;47-47-15.558N;069-40-49.204W;6.4
2462;47-47-15.740N;069-39-49.977W;5.49
2463;47-47-15.631N;069-39-28.394W;4.57
2464;47-47-15.807N;069-39-21.939W;3.35
2465;47-47-16.002N;069-41-37.537W;6.71
2466;47-47-16.065N;069-40-38.136W;6.1
2467;47-47-16.131N;069-40-11.719W;5.79
2468;47-47-16.558N;069-41-11.267W;5.18
2469;47-47-16.434N;069-39-55.421W;5.18
2470;47-47-16.286N;069-39-33.648W;4.88
2471;47-47-16.552N;069-39-06.542W;3.66
2472;47-47-16.471N;069-39-01.545W;3.05
2473;47-47-16.979N;069-41-56.791W;12.5
2474;47-47-16.948N;069-40-07.459W;5.79
2475;47-47-17.488N;069-41-45.958W;8.84
2476;47-47-17.557N;069-41-28.683W;6.1
2477;47-47-17.402N;069-40-45.077W;7.01
2478;47-47-17.342N;069-40-23.603W;6.1
2479;47-47-17.383N;069-40-18.956W;5.79
2480;47-47-17.660N;069-38-56.879W;3.35
2481;47-47-18.057N;069-41-51.114W;10.06
2482;47-47-17.854N;069-40-02.469W;5.79
2483;47-47-18.034N;069-39-40.875W;4.88
2484;47-47-18.050N;069-39-14.124W;3.66
2485;47-47-18.352N;069-41-08.056W;5.18
2486;47-47-18.409N;069-40-52.075W;6.1
2487;47-47-18.102N;069-40-35.423W;6.4
2488;47-47-18.518N;069-41-36.175W;7.62
2489;47-47-18.482N;069-41-02.547W;5.79
2490;47-47-18.476N;069-40-30.169W;6.1
2491;47-47-18.518N;069-39-46.921W;5.18
2492;47-47-18.683N;069-39-36.926W;4.88
2493;47-47-18.440N;069-39-31.557W;4.88
2494;47-47-18.655N;069-39-25.406W;3.96
2495;47-47-18.454N;069-39-19.919W;4.57
2496;47-47-18.781N;069-41-24.847W;6.1
2497;47-47-18.872N;069-39-53.700W;5.49
2498;47-47-19.252N;069-41-41.457W;8.53
2499;47-47-19.216N;069-40-58.397W;5.49
2500;47-47-19.195N;069-40-41.931W;6.4
2501;47-47-19.428N;069-40-15.268W;6.1
2502;47-47-19.357N;069-39-10.129W;3.96
2503;47-47-19.360N;069-39-04.830W;3.35
2504;47-47-19.793N;069-40-20.533W;5.79
2505;47-47-20.202N;069-41-21.934W;5.79
2506;47-47-20.011N;069-41-15.560W;5.49
2507;47-47-20.084N;069-40-48.252W;6.4
2508;47-47-19.958N;069-40-10.879W;5.79
2509;47-47-20.216N;069-39-59.952W;5.49
2510;47-47-20.484N;069-41-31.985W;7.01
2511;47-47-20.520N;069-40-26.601W;6.71
2512;47-47-20.657N;069-41-49.509W;9.75
2513;47-47-20.924N;069-39-44.043W;5.18
2514;47-47-20.779N;069-39-16.918W;3.66
2515;47-47-21.147N;069-41-54.296W;14.94
2516;47-47-21.280N;069-41-39.474W;9.14
2517;47-47-21.205N;069-41-05.784W;5.79
2518;47-47-21.195N;069-40-38.604W;6.4
2519;47-47-21.159N;069-40-33.342W;6.1
2520;47-47-21.083N;069-40-23.249W;5.79
2521;47-47-21.150N;069-40-06.017W;5.79
2522;47-47-21.266N;069-39-22.594W;4.57
2523;47-47-20.993N;069-39-01.084W;3.66
2524;47-47-21.496N;069-39-39.481W;4.88
2525;47-47-21.455N;069-39-34.482W;5.18
2526;47-47-21.385N;069-39-28.080W;3.96
2527;47-47-21.991N;069-41-28.644W;7.01
2528;47-47-21.691N;069-41-11.244W;5.18
2529;47-47-21.665N;069-40-55.383W;5.79
2530;47-47-21.886N;069-39-56.629W;5.49
2531;47-47-21.729N;069-39-50.890W;5.49
2532;47-47-21.674N;069-39-08.042W;3.35
2533;47-47-22.504N;069-41-44.888W;9.75
2534;47-47-22.451N;069-40-45.299W;6.1
2535;47-47-22.492N;069-39-13.419W;3.96
2536;47-47-22.987N;069-41-41.283W;8.53
2537;47-47-22.820N;069-41-18.308W;6.4
2538;47-47-23.088N;069-41-01.717W;4.88
2539;47-47-22.845N;069-40-18.944W;6.1
2540;47-47-23.052N;069-40-14.059W;5.79
2541;47-47-23.286N;069-41-35.346W;8.23
2542;47-47-23.374N;069-41-25.302W;6.71
2543;47-47-23.368N;069-40-29.654W;6.71
2544;47-47-23.306N;069-39-19.344W;3.96
2545;47-47-23.148N;069-38-58.751W;3.35
2546;47-47-23.782N;069-39-31.176W;4.27
2547;47-47-23.986N;069-41-53.307W;13.41
2548;47-47-24.170N;069-40-36.460W;6.1
2549;47-47-24.020N;069-39-42.154W;5.18
2550;47-47-23.991N;069-39-25.756W;4.88
2551;47-47-24.082N;069-39-04.982W;3.66
2552;47-47-24.201N;069-41-57.442W;17.98
2553;47-47-24.214N;069-41-09.088W;5.79
2554;47-47-24.281N;069-40-51.946W;5.79
2555;47-47-24.202N;069-40-42.151W;6.1
2556;47-47-24.491N;069-40-09.078W;6.1
2557;47-47-24.531N;069-40-04.315W;5.79
2558;47-47-24.220N;069-39-47.769W;5.49
2559;47-47-24.341N;069-39-38.075W;5.49
2560;47-47-24.781N;069-41-42.603W;10.97
2561;47-47-24.740N;069-39-54.246W;5.49
2562;47-47-25.023N;069-41-15.166W;5.79
2563;47-47-24.917N;069-40-26.200W;5.79
2564;47-47-25.142N;069-40-00.053W;5.79
2565;47-47-25.428N;069-41-48.188W;10.67
2566;47-47-25.572N;069-41-31.959W;8.53
2567;47-47-25.563N;069-41-04.949W;5.18
2568;47-47-25.329N;069-40-58.945W;5.49
2569;47-47-25.550N;069-39-16.098W;4.27
2570;47-47-25.339N;069-39-11.891W;3.66
2571;47-47-25.772N;069-40-22.243W;6.4
2572;47-47-25.952N;069-39-22.017W;4.27
2573;47-47-26.032N;069-40-48.858W;5.79
2574;47-47-26.091N;069-40-32.767W;6.71
2575;47-47-25.981N;069-40-17.174W;5.79
2576;47-47-26.630N;069-41-28.365W;7.92
2577;47-47-26.603N;069-41-22.056W;7.62
2578;47-47-26.663N;069-39-45.196W;5.49
2579;47-47-26.482N;069-39-02.775W;3.66
2580;47-47-26.909N;069-41-38.538W;9.14
2581;47-47-27.056N;069-40-39.761W;5.79
2582;47-47-26.863N;069-39-50.751W;5.79
2583;47-47-27.073N;069-41-56.560W;17.07
2584;47-47-27.392N;069-39-41.429W;5.49
2585;47-47-27.081N;069-39-34.472W;4.57
2586;47-47-27.247N;069-39-29.234W;5.18
2587;47-47-27.469N;069-41-12.273W;5.79
2588;47-47-27.698N;069-40-55.502W;5.79
2589;47-47-27.704N;069-40-45.403W;5.49
2590;47-47-27.662N;069-40-12.625W;6.1
2591;47-47-27.622N;069-40-07.676W;5.79
2592;47-47-27.785N;069-41-46.027W;13.11
2593;47-47-28.112N;069-41-18.470W;6.4
2594;47-47-27.958N;069-39-57.181W;5.79
2595;47-47-27.914N;069-39-08.286W;3.96
2596;47-47-28.292N;069-40-29.876W;6.1
2597;47-47-28.234N;069-40-03.353W;6.1
2598;47-47-28.358N;069-39-19.079W;4.27
2599;47-47-28.394N;069-39-14.753W;4.27
2600;47-47-28.842N;069-41-51.498W;16.46
2601;47-47-28.660N;069-41-35.325W;9.75
2602;47-47-28.815N;069-41-08.502W;5.49
2603;47-47-28.500N;069-41-02.313W;5.49
2604;47-47-28.828N;069-39-36.642W;4.57
2605;47-47-28.513N;069-39-25.114W;4.27
2606;47-47-28.653N;069-38-58.493W;3.96
2607;47-47-29.098N;069-40-36.192W;6.1
2608;47-47-29.019N;069-39-48.172W;5.79
2609;47-47-29.490N;069-40-52.415W;5.49
2610;47-47-29.270N;069-40-25.982W;6.71
2611;47-47-29.485N;069-40-20.118W;6.1
2612;47-47-29.912N;069-41-42.086W;10.67
2613;47-47-29.923N;069-41-31.734W;9.45
2614;47-47-29.606N;069-41-25.787W;8.84
2615;47-47-29.832N;069-39-53.985W;6.1
2616;47-47-29.905N;069-39-05.889W;3.66
2617;47-47-30.458N;069-41-59.661W;18.9
2618;47-47-30.643N;069-41-15.273W;6.71
2619;47-47-30.435N;069-40-42.887W;5.49
2620;47-47-30.427N;069-40-10.849W;5.79
2621;47-47-30.787N;069-40-58.868W;5.79
2622;47-47-30.795N;069-40-48.708W;5.49
2623;47-47-30.813N;069-39-44.671W;6.1
2624;47-47-30.840N;069-39-31.684W;5.49
2625;47-47-30.843N;069-39-11.512W;4.27
2626;47-47-30.681N;069-38-56.583W;3.35
2627;47-47-31.035N;069-41-49.333W;17.68
2628;47-47-31.279N;069-41-22.144W;7.62
2629;47-47-31.245N;069-40-15.997W;6.1
2630;47-47-31.162N;069-40-06.527W;6.1
2631;47-47-31.131N;069-40-00.482W;5.79
2632;47-47-31.107N;069-39-39.005W;4.88
2633;47-47-31.082N;069-39-22.242W;4.57
2634;47-47-31.510N;069-41-05.371W;6.4
2635;47-47-31.753N;069-41-54.233W;19.51
2636;47-47-31.823N;069-41-11.683W;6.71
2637;47-47-31.795N;069-40-32.882W;5.49
2638;47-47-32.018N;069-39-28.172W;4.88
2639;47-47-32.015N;069-39-18.725W;4.57
2640;47-47-32.192N;069-41-39.310W;10.97
2641;47-47-32.421N;069-40-50.453W;5.18
2642;47-47-32.444N;069-39-50.866W;6.4
2643;47-47-32.322N;069-39-01.611W;3.96
2644;47-47-32.520N;069-40-39.075W;5.79
2645;47-47-32.576N;069-40-23.360W;5.79
2646;47-47-32.920N;069-41-44.958W;15.24
2647;47-47-33.012N;069-41-34.793W;10.36
2648;47-47-32.863N;069-41-28.605W;9.75
2649;47-47-32.824N;069-40-55.969W;5.49
2650;47-47-33.141N;069-40-29.179W;6.4
2651;47-47-32.884N;069-39-57.039W;6.1
2652;47-47-33.162N;069-39-09.182W;3.96
2653;47-47-33.530N;069-40-45.580W;5.18
2654;47-47-33.580N;069-41-57.559W;19.51
2655;47-47-33.796N;069-41-01.926W;6.1
2656;47-47-33.723N;069-40-14.155W;5.79
2657;47-47-33.672N;069-39-41.436W;4.88
2658;47-47-33.645N;069-39-34.911W;5.49
2659;47-47-33.809N;069-39-25.161W;4.88
2660;47-47-34.098N;069-41-18.830W;8.23
2661;47-47-34.250N;069-40-52.386W;5.49
2662;47-47-33.950N;069-39-47.480W;6.4
2663;47-47-34.463N;069-41-52.615W;20.42
2664;47-47-34.539N;069-40-19.427W;6.4
2665;47-47-34.620N;069-40-10.019W;6.1
2666;47-47-34.387N;069-40-03.724W;5.79
2667;47-47-34.262N;069-39-15.115W;4.57
2668;47-47-34.266N;069-38-59.761W;3.35
2669;47-47-34.698N;069-41-25.148W;9.14
2670;47-47-34.882N;069-41-09.048W;7.62
2671;47-47-34.723N;069-40-35.938W;5.18
2672;47-47-34.991N;069-41-15.234W;7.92
2673;47-47-35.274N;069-39-31.530W;4.88
2674;47-47-35.231N;069-39-21.837W;4.88
2675;47-47-35.421N;069-41-58.071W;20.12
2676;47-47-35.444N;069-41-42.433W;17.68
2677;47-47-35.495N;069-39-05.024W;4.27
2678;47-47-35.832N;069-40-58.966W;5.79
2679;47-47-35.855N;069-40-42.506W;5.49
2680;47-47-35.910N;069-40-26.912W;5.79
2681;47-47-35.859N;069-39-54.719W;5.49
2682;47-47-36.093N;069-41-47.711W;19.2
2683;47-47-36.139N;069-41-38.097W;12.8
2684;47-47-36.117N;069-41-31.483W;11.58
2685;47-47-36.228N;069-40-32.727W;5.79
2686;47-47-36.223N;069-40-00.160W;6.1
2687;47-47-36.245N;069-39-38.073W;5.79
2688;47-47-36.215N;069-39-12.168W;4.27
2689;47-47-36.140N;069-38-56.569W;4.57
2690;47-47-36.613N;069-40-16.780W;6.1
2691;47-47-37.029N;069-41-55.583W;17.68
2692;47-47-36.981N;069-41-22.069W;9.45
2693;47-47-36.967N;069-41-05.170W;6.71
2694;47-47-36.891N;069-40-55.253W;6.1
2695;47-47-36.947N;069-40-48.951W;5.18
2696;47-47-37.098N;069-39-44.007W;5.79
2697;47-47-36.858N;069-39-28.514W;5.49
2698;47-47-37.420N;069-40-23.092W;6.4
2699;47-47-37.207N;069-39-50.659W;6.1
2700;47-47-37.790N;069-41-50.376W;21.34
2701;47-47-37.762N;069-40-07.275W;6.1
2702;47-47-37.558N;069-39-18.471W;4.88
2703;47-47-37.601N;069-39-03.422W;3.66
2704;47-47-38.153N;069-41-28.460W;10.36
2705;47-47-38.215N;069-41-12.480W;8.53
2706;47-47-37.893N;069-40-39.305W;4.88
2707;47-47-37.955N;069-40-13.448W;6.4
2708;47-47-38.405N;069-39-35.008W;5.18
2709;47-47-38.403N;069-39-25.437W;5.18
2710;47-47-38.546N;069-39-08.254W;4.27
2711;47-47-38.760N;069-41-59.640W;15.33
2712;47-47-38.613N;069-41-45.492W;19.51
2713;47-47-38.799N;069-41-02.145W;6.4
2714;47-47-38.922N;069-40-29.663W;5.79
2715;47-47-39.120N;069-41-59.640W;15.09
2716;47-47-39.120N;069-41-59.280W;15.18
2717;47-47-39.279N;069-41-35.400W;14.33
2718;47-47-39.108N;069-41-18.007W;9.45
2719;47-47-38.945N;069-40-45.688W;5.49
2720;47-47-39.112N;069-39-58.144W;5.79
2721;47-47-39.152N;069-38-59.492W;4.88
2722;47-47-39.480N;069-41-59.640W;15.17
2723;47-47-39.480N;069-41-59.280W;15.28
2724;47-47-39.480N;069-41-58.920W;15.55
2725;47-47-39.564N;069-40-35.913W;5.49
2726;47-47-39.584N;069-39-41.191W;6.1
2727;47-47-39.840N;069-41-59.640W;15.24
2728;47-47-39.840N;069-41-59.280W;15.26
2729;47-47-39.840N;069-41-58.920W;15.56
2730;47-47-39.840N;069-41-58.560W;15.8
2731;47-47-39.663N;069-41-51.697W;20.12
2732;47-47-39.981N;069-40-58.313W;6.4
2733;47-47-39.785N;069-40-20.023W;6.4
2734;47-47-39.765N;069-40-03.347W;6.1
2735;47-47-39.663N;069-39-31.741W;5.49
2736;47-47-39.878N;069-39-15.897W;4.57
2737;47-47-40.200N;069-41-59.640W;15.35
2738;47-47-40.200N;069-41-59.280W;15.57
2739;47-47-40.200N;069-41-58.920W;15.87
2740;47-47-40.200N;069-41-58.560W;15.98
2741;47-47-40.200N;069-41-58.200W;16.17
2742;47-47-40.127N;069-41-41.356W;18.29
2743;47-47-40.272N;069-41-25.377W;10.36
2744;47-47-40.053N;069-41-08.719W;7.92
2745;47-47-40.116N;069-40-52.380W;6.1
2746;47-47-40.094N;069-39-53.648W;6.4
2747;47-47-40.560N;069-41-59.640W;15.46
2748;47-47-40.560N;069-41-59.280W;15.78
2749;47-47-40.560N;069-41-58.920W;16.25
2750;47-47-40.560N;069-41-58.560W;16.24
2751;47-47-40.560N;069-41-58.200W;16.15
2752;47-47-40.560N;069-41-57.840W;16.07
2753;47-47-40.510N;069-39-48.164W;6.4
2754;47-47-40.730N;069-39-21.948W;5.18
2755;47-47-40.692N;069-39-06.835W;3.96
2756;47-47-40.920N;069-41-59.640W;15.73
2757;47-47-40.920N;069-41-59.280W;15.89
2758;47-47-40.920N;069-41-58.920W;16.33
2759;47-47-40.920N;069-41-58.560W;16.39
2760;47-47-40.920N;069-41-58.200W;16.42
2761;47-47-40.920N;069-41-57.840W;16.44
2762;47-47-40.920N;069-41-57.480W;16.53
2763;47-47-41.064N;069-40-42.610W;5.18
2764;47-47-40.800N;069-40-25.972W;6.1
2765;47-47-40.892N;069-40-10.698W;6.1
2766;47-47-41.280N;069-41-59.640W;15.35
2767;47-47-41.280N;069-41-59.280W;15.72
2768;47-47-41.280N;069-41-58.920W;15.98
2769;47-47-41.280N;069-41-58.560W;16.03
2770;47-47-41.280N;069-41-58.200W;16.38
2771;47-47-41.280N;069-41-57.840W;16.15
2772;47-47-41.280N;069-41-57.480W;16.1
2773;47-47-41.280N;069-41-57.120W;16.18
2774;47-47-41.101N;069-41-15.228W;9.45
2775;47-47-41.640N;069-41-59.640W;15.16
2776;47-47-41.640N;069-41-59.280W;15.28
2777;47-47-41.640N;069-41-58.920W;15.68
2778;47-47-41.640N;069-41-58.560W;15.88
2779;47-47-41.640N;069-41-58.200W;15.92
2780;47-47-41.640N;069-41-57.840W;15.81
2781;47-47-41.640N;069-41-57.480W;16.09
2782;47-47-41.640N;069-41-57.120W;16.1
2783;47-47-41.640N;069-41-56.760W;15.92
2784;47-47-41.579N;069-41-48.364W;19.81
2785;47-47-41.731N;069-41-31.772W;12.8
2786;47-47-41.621N;069-40-16.517W;6.71
2787;47-47-41.575N;069-39-38.610W;5.79
2788;47-47-41.814N;069-39-29.651W;5.49
2789;47-47-42.000N;069-41-59.640W;14.97
2790;47-47-42.000N;069-41-59.280W;15.1
2791;47-47-42.000N;069-41-58.920W;15.35
2792;47-47-42.000N;069-41-58.560W;15.55
2793;47-47-42.000N;069-41-58.200W;15.86
2794;47-47-42.000N;069-41-57.840W;15.81
2795;47-47-42.000N;069-41-57.480W;16.36
2796;47-47-42.000N;069-41-57.120W;16.23
2797;47-47-42.000N;069-41-56.760W;16.02
2798;47-47-42.000N;069-41-56.400W;15.88
2799;47-47-41.868N;069-41-43.654W;19.81
2800;47-47-41.874N;069-40-48.376W;6.1
2801;47-47-42.085N;069-39-26.791W;5.49
2802;47-47-41.882N;069-39-11.733W;4.57
2803;47-47-42.360N;069-41-59.640W;14.73
2804;47-47-42.360N;069-41-59.280W;14.96
2805;47-47-42.360N;069-41-58.920W;15.11
2806;47-47-42.360N;069-41-58.560W;15.28
2807;47-47-42.360N;069-41-58.200W;15.66
2808;47-47-42.360N;069-41-57.840W;15.83
2809;47-47-42.360N;069-41-57.480W;16.34
2810;47-47-42.360N;069-41-57.120W;16.36
2811;47-47-42.360N;069-41-56.760W;16.37
2812;47-47-42.360N;069-41-56.400W;16.29
2813;47-47-42.360N;069-41-56.040W;16.36
2814;47-47-42.435N;069-41-55.223W;16.76
2815;47-47-42.447N;069-41-38.582W;18.9
2816;47-47-42.237N;069-41-21.189W;10.36
2817;47-47-42.416N;069-40-33.464W;5.49
2818;47-47-42.372N;069-40-00.714W;5.8
2819;47-47-42.368N;069-39-02.663W;5.18
2820;47-47-42.720N;069-41-59.640W;14.5
2821;47-47-42.720N;069-41-59.280W;14.78
2822;47-47-42.720N;069-41-58.920W;15.02
2823;47-47-42.720N;069-41-58.560W;15.21
2824;47-47-42.720N;069-41-58.200W;15.73
2825;47-47-42.720N;069-41-57.840W;15.86
2826;47-47-42.720N;069-41-57.480W;16.15
2827;47-47-42.720N;069-41-57.120W;16.33
2828;47-47-42.720N;069-41-56.760W;16.43
2829;47-47-42.720N;069-41-56.400W;16.39
2830;47-47-42.720N;069-41-56.040W;16.36
2831;47-47-42.720N;069-41-55.680W;16.39
2832;47-47-42.666N;069-41-05.403W;7.32
2833;47-47-42.616N;069-40-38.726W;5.49
2834;47-47-42.677N;069-39-44.243W;6.1
2835;47-47-42.865N;069-38-57.190W;4.27
2836;47-47-43.080N;069-41-59.640W;14.45
2837;47-47-43.080N;069-41-59.280W;14.45
2838;47-47-43.080N;069-41-58.920W;14.73
2839;47-47-43.080N;069-41-58.560W;14.98
2840;47-47-43.080N;069-41-58.200W;15.57
2841;47-47-43.080N;069-41-57.840W;15.84
2842;47-47-43.080N;069-41-57.480W;16.08
2843;47-47-43.080N;069-41-57.120W;16.2
2844;47-47-43.080N;069-41-56.760W;16.58
2845;47-47-43.080N;069-41-56.400W;16.35
2846;47-47-43.080N;069-41-56.040W;16.24
2847;47-47-43.080N;069-41-55.680W;16.21
2848;47-47-43.080N;069-41-55.320W;16.16
2849;47-47-43.017N;069-40-06.895W;6.4
2850;47-47-43.048N;069-39-19.496W;4.57
2851;47-47-43.440N;069-41-59.640W;14.18
2852;47-47-43.440N;069-41-59.280W;14.15
2853;47-47-43.440N;069-41-58.920W;14.62
2854;47-47-43.440N;069-41-58.560W;14.85
2855;47-47-43.440N;069-41-58.200W;15.64
2856;47-47-43.440N;069-41-57.840W;15.87
2857;47-47-43.440N;069-41-57.480W;15.92
2858;47-47-43.440N;069-41-57.120W;16.11
2859;47-47-43.440N;069-41-56.760W;16.56
2860;47-47-43.440N;069-41-56.400W;16.71
2861;47-47-43.440N;069-41-56.040W;16.64
2862;47-47-43.440N;069-41-55.680W;16.32
2863;47-47-43.440N;069-41-55.320W;16.26
2864;47-47-43.440N;069-41-54.960W;16.18
2865;47-47-43.482N;069-41-28.620W;11.58
2866;47-47-43.349N;069-41-11.537W;9.45
2867;47-47-43.479N;069-41-01.563W;7.92
2868;47-47-43.327N;069-40-55.685W;6.71
2869;47-47-43.368N;069-40-23.152W;5.79
2870;47-47-43.434N;069-39-56.585W;6.7
2871;47-47-43.800N;069-41-59.640W;14.18
2872;47-47-43.800N;069-41-59.280W;14.19
2873;47-47-43.800N;069-41-58.920W;14.55
2874;47-47-43.800N;069-41-58.560W;14.77
2875;47-47-43.800N;069-41-58.200W;15.55
2876;47-47-43.800N;069-41-57.840W;15.71
2877;47-47-43.800N;069-41-57.480W;16.01
2878;47-47-43.800N;069-41-57.120W;16.15
2879;47-47-43.800N;069-41-56.760W;16.46
2880;47-47-43.800N;069-41-56.400W;16.6
2881;47-47-43.800N;069-41-56.040W;16.81
2882;47-47-43.800N;069-41-55.680W;16.83
2883;47-47-43.800N;069-41-55.320W;16.67
2884;47-47-43.800N;069-41-54.960W;16.5
2885;47-47-43.800N;069-41-54.600W;16.45
2886;47-47-43.643N;069-39-51.219W;6.1
2887;47-47-43.780N;069-39-34.935W;5.79
2888;47-47-44.160N;069-41-59.640W;14.11
2889;47-47-44.160N;069-41-59.280W;14.23
2890;47-47-44.160N;069-41-58.920W;14.55
2891;47-47-44.160N;069-41-58.560W;14.77
2892;47-47-44.160N;069-41-58.200W;15.44
2893;47-47-44.160N;069-41-57.840W;15.72
2894;47-47-44.160N;069-41-57.480W;15.77
2895;47-47-44.160N;069-41-57.120W;15.81
2896;47-47-44.160N;069-41-56.760W;16.22
2897;47-47-44.160N;069-41-56.400W;16.39
2898;47-47-44.160N;069-41-56.040W;16.54
2899;47-47-44.160N;069-41-55.680W;16.67
2900;47-47-44.160N;069-41-55.320W;16.75
2901;47-47-44.160N;069-41-54.960W;16.74
2902;47-47-44.160N;069-41-54.600W;16.75
2903;47-47-44.160N;069-41-54.240W;16.57
2904;47-47-44.160N;069-41-53.880W;16.6
2905;47-47-44.273N;069-41-18.166W;10.67
2906;47-47-44.013N;069-40-29.155W;5.79
2907;47-47-44.229N;069-40-13.760W;6.1
2908;47-47-44.143N;069-39-26.041W;5.49
2909;47-47-44.169N;069-39-22.933W;5.49
2910;47-47-44.112N;069-39-10.071W;4.27
2911;47-47-44.520N;069-41-59.640W;14.47
2912;47-47-44.520N;069-41-59.280W;14.34
2913;47-47-44.520N;069-41-58.920W;14.54
2914;47-47-44.520N;069-41-58.560W;14.78
2915;47-47-44.520N;069-41-58.200W;14.8
2916;47-47-44.520N;069-41-57.840W;15.04
2917;47-47-44.520N;069-41-57.480W;15.45
2918;47-47-44.520N;069-41-57.120W;15.56
2919;47-47-44.520N;069-41-56.760W;16.12
2920;47-47-44.520N;069-41-56.400W;16.38
2921;47-47-44.520N;069-41-56.040W;16.26
2922;47-47-44.520N;069-41-55.680W;16.42
2923;47-47-44.520N;069-41-55.320W;16.31
2924;47-47-44.520N;069-41-54.960W;16.23
2925;47-47-44.520N;069-41-54.600W;16.42
2926;47-47-44.520N;069-41-54.240W;16.39
2927;47-47-44.520N;069-41-53.880W;16.42
2928;47-47-44.520N;069-41-53.520W;16.44
2929;47-47-44.372N;069-41-34.393W;15.24
2930;47-47-44.443N;069-40-45.491W;5.79
2931;47-47-44.880N;069-41-59.640W;14.36
2932;47-47-44.880N;069-41-59.280W;14.57
2933;47-47-44.880N;069-41-58.920W;15.13
2934;47-47-44.880N;069-41-58.560W;14.82
2935;47-47-44.880N;069-41-58.200W;14.71
2936;47-47-44.880N;069-41-57.840W;14.87
2937;47-47-44.880N;069-41-57.480W;15.1
2938;47-47-44.880N;069-41-57.120W;15.5
2939;47-47-44.880N;069-41-56.760W;15.83
2940;47-47-44.880N;069-41-56.400W;15.97
2941;47-47-44.880N;069-41-56.040W;16.31
2942;47-47-44.880N;069-41-55.680W;16.48
2943;47-47-44.880N;069-41-55.320W;16.39
2944;47-47-44.880N;069-41-54.960W;16.25
2945;47-47-44.880N;069-41-54.600W;16.31
2946;47-47-44.880N;069-41-54.240W;16.14
2947;47-47-44.880N;069-41-53.880W;15.86
2948;47-47-44.880N;069-41-53.520W;15.87
2949;47-47-44.702N;069-41-51.851W;17.68
2950;47-47-44.754N;069-40-19.514W;6.4
2951;47-47-44.873N;069-39-41.666W;5.79
2952;47-47-45.240N;069-41-59.640W;14.69
2953;47-47-45.240N;069-41-59.280W;14.78
2954;47-47-45.240N;069-41-58.920W;15.15
2955;47-47-45.240N;069-41-58.560W;15.01
2956;47-47-45.240N;069-41-58.200W;14.88
2957;47-47-45.240N;069-41-57.840W;14.98
2958;47-47-45.240N;069-41-57.480W;15.23
2959;47-47-45.240N;069-41-57.120W;15.39
2960;47-47-45.240N;069-41-56.760W;15.8
2961;47-47-45.240N;069-41-56.400W;15.79
2962;47-47-45.240N;069-41-56.040W;15.93
2963;47-47-45.240N;069-41-55.680W;16.06
2964;47-47-45.240N;069-41-55.320W;16.13
2965;47-47-45.240N;069-41-54.960W;16.1
2966;47-47-45.240N;069-41-54.600W;16.09
2967;47-47-45.240N;069-41-54.240W;15.96
2968;47-47-45.240N;069-41-53.880W;15.53
2969;47-47-45.240N;069-41-53.520W;15.39
2970;47-47-45.240N;069-41-53.160W;15.46
2971;47-47-45.249N;069-40-51.624W;6.71
2972;47-47-45.419N;069-40-41.841W;6.4
2973;47-47-45.222N;069-39-58.514W;6.4
2974;47-47-45.073N;069-39-32.523W;5.79
2975;47-47-45.300N;069-39-15.215W;4.88
2976;47-47-45.600N;069-41-59.640W;15.08
2977;47-47-45.600N;069-41-59.280W;15.01
2978;47-47-45.600N;069-41-58.920W;15.22
2979;47-47-45.600N;069-41-58.560W;15.17
2980;47-47-45.600N;069-41-58.200W;15.23
2981;47-47-45.600N;069-41-57.840W;15.25
2982;47-47-45.600N;069-41-57.480W;15.32
2983;47-47-45.600N;069-41-57.120W;15.52
2984;47-47-45.600N;069-41-56.760W;15.64
2985;47-47-45.600N;069-41-56.400W;15.62
2986;47-47-45.600N;069-41-56.040W;15.68
2987;47-47-45.600N;069-41-55.680W;15.67
2988;47-47-45.600N;069-41-55.320W;15.52
2989;47-47-45.600N;069-41-54.960W;15.77
2990;47-47-45.600N;069-41-54.600W;15.66
2991;47-47-45.600N;069-41-54.240W;15.79
2992;47-47-45.600N;069-41-53.880W;15.53
2993;47-47-45.600N;069-41-53.520W;15.38
2994;47-47-45.600N;069-41-53.160W;15.29
2995;47-47-45.600N;069-41-52.800W;15.44
2996;47-47-45.740N;069-41-41.521W;19.2
2997;47-47-45.492N;069-41-23.945W;11.28
2998;47-47-45.472N;069-41-08.028W;8.53
2999;47-47-45.670N;069-40-36.586W;5.49
3000;47-47-45.586N;069-40-03.833W;6.1
3001;47-47-45.759N;069-39-53.338W;5.49
3002;47-47-45.729N;069-39-47.174W;6.4
3003;47-47-45.960N;069-41-59.640W;15.3
3004;47-47-45.960N;069-41-59.280W;15.22
3005;47-47-45.960N;069-41-58.920W;15.18
3006;47-47-45.960N;069-41-58.560W;15.14
3007;47-47-45.960N;069-41-58.200W;15.23
3008;47-47-45.960N;069-41-57.840W;15.59
3009;47-47-45.960N;069-41-57.480W;15.71
3010;47-47-45.960N;069-41-57.120W;15.91
3011;47-47-45.960N;069-41-56.760W;15.63
3012;47-47-45.960N;069-41-56.400W;15.4
3013;47-47-45.960N;069-41-56.040W;15.48
3014;47-47-45.960N;069-41-55.680W;15.35
3015;47-47-45.960N;069-41-55.320W;15.21
3016;47-47-45.960N;069-41-54.960W;15.08
3017;47-47-45.960N;069-41-54.600W;15.08
3018;47-47-45.960N;069-41-54.240W;15.17
3019;47-47-45.960N;069-41-53.880W;15.15
3020;47-47-45.960N;069-41-53.520W;15.2
3021;47-47-45.960N;069-41-53.160W;15.07
3022;47-47-45.960N;069-41-52.800W;15.22
3023;47-47-45.960N;069-41-52.440W;15.21
3024;47-47-45.960N;069-41-52.080W;15.33
3025;47-47-45.971N;069-41-47.588W;18.9
3026;47-47-46.070N;069-41-36.813W;17.68
3027;47-47-46.048N;069-39-19.009W;5.18
3028;47-47-45.784N;069-39-06.327W;5.49
3029;47-47-46.320N;069-41-59.640W;15.1
3030;47-47-46.320N;069-41-59.280W;15.02
3031;47-47-46.320N;069-41-58.920W;14.88
3032;47-47-46.320N;069-41-58.560W;14.91
3033;47-47-46.320N;069-41-58.200W;15.26
3034;47-47-46.320N;069-41-57.840W;15.8
3035;47-47-46.320N;069-41-57.480W;15.91
3036;47-47-46.320N;069-41-57.120W;16.14
3037;47-47-46.320N;069-41-56.760W;15.73
3038;47-47-46.320N;069-41-56.400W;15.7
3039;47-47-46.320N;069-41-56.040W;15.61
3040;47-47-46.320N;069-41-55.680W;15.34
3041;47-47-46.320N;069-41-55.320W;15.12
3042;47-47-46.320N;069-41-54.960W;15.01
3043;47-47-46.320N;069-41-54.600W;15.13
3044;47-47-46.320N;069-41-54.240W;15.17
3045;47-47-46.320N;069-41-53.880W;14.9
3046;47-47-46.320N;069-41-53.520W;14.99
3047;47-47-46.320N;069-41-53.160W;15.03
3048;47-47-46.320N;069-41-52.800W;15.11
3049;47-47-46.320N;069-41-52.440W;15.15
3050;47-47-46.320N;069-41-52.080W;15.27
3051;47-47-46.320N;069-41-51.720W;15.37
3052;47-47-46.275N;069-41-14.409W;10.36
3053;47-47-46.222N;069-39-22.791W;5.18
3054;47-47-46.205N;069-39-00.181W;4.88
3055;47-47-46.680N;069-41-59.640W;14.97
3056;47-47-46.680N;069-41-59.280W;14.9
3057;47-47-46.680N;069-41-58.920W;14.78
3058;47-47-46.680N;069-41-58.560W;14.89
3059;47-47-46.680N;069-41-58.200W;15.18
3060;47-47-46.680N;069-41-57.840W;15.92
3061;47-47-46.680N;069-41-57.480W;16.16
3062;47-47-46.680N;069-41-57.120W;16.35
3063;47-47-46.680N;069-41-56.760W;16.26
3064;47-47-46.680N;069-41-56.400W;16.17
3065;47-47-46.680N;069-41-56.040W;15.89
3066;47-47-46.680N;069-41-55.680W;15.72
3067;47-47-46.680N;069-41-55.320W;15.39
3068;47-47-46.680N;069-41-54.960W;15.34
3069;47-47-46.680N;069-41-54.600W;15.37
3070;47-47-46.680N;069-41-54.240W;15.43
3071;47-47-46.680N;069-41-53.880W;15.06
3072;47-47-46.680N;069-41-53.520W;14.91
3073;47-47-46.680N;069-41-53.160W;14.81
3074;47-47-46.680N;069-41-52.800W;15.02
3075;47-47-46.680N;069-41-52.440W;15.16
3076;47-47-46.680N;069-41-52.080W;15.23
3077;47-47-46.680N;069-41-51.720W;15.28
3078;47-47-46.680N;069-41-51.360W;15.38
3079;47-47-46.614N;069-41-31.251W;14.33
3080;47-47-46.660N;069-40-58.933W;7.62
3081;47-47-46.784N;069-40-26.583W;5.49
3082;47-47-46.710N;069-39-37.922W;6.1
3083;47-47-47.040N;069-41-59.640W;14.81
3084;47-47-47.040N;069-41-59.280W;14.92
3085;47-47-47.040N;069-41-58.920W;14.71
3086;47-47-47.040N;069-41-58.560W;14.66
3087;47-47-47.040N;069-41-58.200W;14.93
3088;47-47-47.040N;069-41-57.840W;15.72
3089;47-47-47.040N;069-41-57.480W;15.97
3090;47-47-47.040N;069-41-57.120W;16.37
3091;47-47-47.040N;069-41-56.760W;16.17
3092;47-47-47.040N;069-41-56.400W;16.08
3093;47-47-47.040N;069-41-56.040W;15.94
3094;47-47-47.040N;069-41-55.680W;15.94
3095;47-47-47.040N;069-41-55.320W;15.64
3096;47-47-47.040N;069-41-54.960W;15.42
3097;47-47-47.040N;069-41-54.600W;15.47
3098;47-47-47.040N;069-41-54.240W;15.63
3099;47-47-47.040N;069-41-53.880W;15.45
3100;47-47-47.040N;069-41-53.520W;15.4
3101;47-47-47.040N;069-41-53.160W;14.99
3102;47-47-47.040N;069-41-52.800W;15.09
3103;47-47-47.040N;069-41-52.440W;15.13
3104;47-47-47.040N;069-41-52.080W;15.1
3105;47-47-47.040N;069-41-51.720W;15.17
3106;47-47-47.040N;069-41-51.360W;15.47
3107;47-47-47.040N;069-41-51.000W;15.61
3108;47-47-46.898N;069-41-04.507W;8.84
3109;47-47-47.011N;069-40-09.908W;6.4
3110;47-47-47.030N;069-39-29.087W;5.79
3111;47-47-47.400N;069-41-59.640W;14.76
3112;47-47-47.400N;069-41-59.280W;14.8
3113;47-47-47.400N;069-41-58.920W;14.63
3114;47-47-47.400N;069-41-58.560W;14.6
3115;47-47-47.400N;069-41-58.200W;14.83
3116;47-47-47.400N;069-41-57.840W;15.38
3117;47-47-47.400N;069-41-57.480W;15.68
3118;47-47-47.400N;069-41-57.120W;16.38
3119;47-47-47.400N;069-41-56.760W;16.23
3120;47-47-47.400N;069-41-56.400W;16.16
3121;47-47-47.400N;069-41-56.040W;16.12
3122;47-47-47.400N;069-41-55.680W;16.06
3123;47-47-47.400N;069-41-55.320W;15.7
3124;47-47-47.400N;069-41-54.960W;15.52
3125;47-47-47.400N;069-41-54.600W;15.38
3126;47-47-47.400N;069-41-54.240W;15.51
3127;47-47-47.400N;069-41-53.880W;15.53
3128;47-47-47.400N;069-41-53.520W;15.46
3129;47-47-47.400N;069-41-53.160W;15.47
3130;47-47-47.400N;069-41-52.800W;15.39
3131;47-47-47.400N;069-41-52.440W;15.38
3132;47-47-47.400N;069-41-52.080W;15.22
3133;47-47-47.400N;069-41-51.720W;15.22
3134;47-47-47.400N;069-41-51.360W;15.36
3135;47-47-47.400N;069-41-51.000W;15.49
3136;47-47-47.400N;069-41-50.640W;15.91
3137;47-47-47.400N;069-41-50.280W;16.21
3138;47-47-47.246N;069-40-48.483W;6.4
3139;47-47-47.310N;069-40-32.034W;5.79
3140;47-47-47.560N;069-40-22.260W;6.1
3141;47-47-47.281N;069-40-16.633W;5.8
3142;47-47-47.413N;069-39-12.759W;4.27
3143;47-47-47.760N;069-41-59.640W;15.32
3144;47-47-47.760N;069-41-59.280W;15.09
3145;47-47-47.760N;069-41-58.920W;14.51
3146;47-47-47.760N;069-41-58.560W;14.37
3147;47-47-47.760N;069-41-58.200W;14.41
3148;47-47-47.760N;069-41-57.840W;14.89
3149;47-47-47.760N;069-41-57.480W;14.89
3150;47-47-47.760N;069-41-57.120W;15.49
3151;47-47-47.760N;069-41-56.760W;15.6
3152;47-47-47.760N;069-41-56.400W;15.85
3153;47-47-47.760N;069-41-56.040W;15.98
3154;47-47-47.760N;069-41-55.680W;15.99
3155;47-47-47.760N;069-41-55.320W;15.75
3156;47-47-47.760N;069-41-54.960W;15.51
3157;47-47-47.760N;069-41-54.600W;15.36
3158;47-47-47.760N;069-41-54.240W;15.59
3159;47-47-47.760N;069-41-53.880W;15.66
3160;47-47-47.760N;069-41-53.520W;15.91
3161;47-47-47.760N;069-41-53.160W;15.89
3162;47-47-47.760N;069-41-52.800W;15.84
3163;47-47-47.760N;069-41-52.440W;15.44
3164;47-47-47.760N;069-41-52.080W;15.2
3165;47-47-47.760N;069-41-51.720W;15.35
3166;47-47-47.760N;069-41-51.360W;15.45
3167;47-47-47.760N;069-41-51.000W;15.63
3168;47-47-47.760N;069-41-50.640W;15.91
3169;47-47-47.760N;069-41-50.280W;16.14
3170;47-47-47.760N;069-41-49.920W;16.6
3171;47-47-47.828N;069-41-37.397W;17.98
3172;47-47-47.731N;069-41-21.048W;10.97
3173;47-47-47.747N;069-40-00.703W;6.7
3174;47-47-47.926N;069-39-44.474W;6.4
3175;47-47-47.840N;069-38-56.009W;4.88
3176;47-47-48.120N;069-41-59.640W;15.23
3177;47-47-48.120N;069-41-59.280W;15.59
3178;47-47-48.120N;069-41-58.920W;15.11
3179;47-47-48.120N;069-41-58.560W;14.8
3180;47-47-48.120N;069-41-58.200W;14.74
3181;47-47-48.120N;069-41-57.840W;14.86
3182;47-47-48.120N;069-41-57.480W;14.75
3183;47-47-48.120N;069-41-57.120W;15.28
3184;47-47-48.120N;069-41-56.760W;15.36
3185;47-47-48.120N;069-41-56.400W;15.48
3186;47-47-48.120N;069-41-56.040W;15.52
3187;47-47-48.120N;069-41-55.680W;15.81
3188;47-47-48.120N;069-41-55.320W;15.74
3189;47-47-48.120N;069-41-54.960W;15.47
3190;47-47-48.120N;069-41-54.600W;15.49
3191;47-47-48.120N;069-41-54.240W;15.68
3192;47-47-48.120N;069-41-53.880W;15.93
3193;47-47-48.120N;069-41-53.520W;16.26
3194;47-47-48.120N;069-41-53.160W;16.18
3195;47-47-48.120N;069-41-52.800W;16.18
3196;47-47-48.120N;069-41-52.440W;15.87
3197;47-47-48.120N;069-41-52.080W;15.74
3198;47-47-48.120N;069-41-51.720W;15.33
3199;47-47-48.120N;069-41-51.360W;15.44
3200;47-47-48.120N;069-41-51.000W;15.62
3201;47-47-48.120N;069-41-50.640W;15.71
3202;47-47-48.120N;069-41-50.280W;15.85
3203;47-47-48.120N;069-41-49.920W;16.35
3204;47-47-48.120N;069-41-49.560W;16.62
3205;47-47-48.214N;069-40-54.925W;7.62
3206;47-47-48.006N;069-39-35.022W;6.1
3207;47-47-48.145N;069-39-18.502W;5.18
3208;47-47-48.480N;069-41-59.640W;15.35
3209;47-47-48.480N;069-41-59.280W;15.75
3210;47-47-48.480N;069-41-58.920W;15.82
3211;47-47-48.480N;069-41-58.560W;15.4
3212;47-47-48.480N;069-41-58.200W;15.21
3213;47-47-48.480N;069-41-57.840W;15.14
3214;47-47-48.480N;069-41-57.480W;14.99
3215;47-47-48.480N;069-41-57.120W;15.17
3216;47-47-48.480N;069-41-56.760W;15.33
3217;47-47-48.480N;069-41-56.400W;15.34
3218;47-47-48.480N;069-41-56.040W;15.23
3219;47-47-48.480N;069-41-55.680W;15.49
3220;47-47-48.480N;069-41-55.320W;15.37
3221;47-47-48.480N;069-41-54.960W;15.25
3222;47-47-48.480N;069-41-54.600W;15.26
3223;47-47-48.480N;069-41-54.240W;15.73
3224;47-47-48.480N;069-41-53.880W;15.95
3225;47-47-48.480N;069-41-53.520W;16.42
3226;47-47-48.480N;069-41-53.160W;16.37
3227;47-47-48.480N;069-41-52.800W;16.3
3228;47-47-48.480N;069-41-52.440W;16.11
3229;47-47-48.480N;069-41-52.080W;16.0
3230;47-47-48.480N;069-41-51.720W;15.85
3231;47-47-48.480N;069-41-51.360W;15.75
3232;47-47-48.480N;069-41-51.000W;15.68
3233;47-47-48.480N;069-41-50.640W;15.67
3234;47-47-48.480N;069-41-50.280W;15.72
3235;47-47-48.480N;069-41-49.920W;16.09
3236;47-47-48.480N;069-41-49.560W;16.38
3237;47-47-48.480N;069-41-49.200W;16.77
3238;47-47-48.480N;069-41-48.840W;17.2
3239;47-47-48.369N;069-41-27.549W;13.41
3240;47-47-48.840N;069-41-59.640W;15.13
3241;47-47-48.840N;069-41-59.280W;15.75
3242;47-47-48.840N;069-41-58.920W;16.11
3243;47-47-48.840N;069-41-58.560W;16.5
3244;47-47-48.840N;069-41-58.200W;16.13
3245;47-47-48.840N;069-41-57.840W;15.78
3246;47-47-48.840N;069-41-57.480W;15.64
3247;47-47-48.840N;069-41-57.120W;15.61
3248;47-47-48.840N;069-41-56.760W;15.53
3249;47-47-48.840N;069-41-56.400W;15.35
3250;47-47-48.840N;069-41-56.040W;15.18
3251;47-47-48.840N;069-41-55.680W;15.16
3252;47-47-48.840N;069-41-55.320W;14.89
3253;47-47-48.840N;069-41-54.960W;14.82
3254;47-47-48.840N;069-41-54.600W;14.85
3255;47-47-48.840N;069-41-54.240W;15.04
3256;47-47-48.840N;069-41-53.880W;15.39
3257;47-47-48.840N;069-41-53.520W;15.88
3258;47-47-48.840N;069-41-53.160W;16.09
3259;47-47-48.840N;069-41-52.800W;16.39
3260;47-47-48.840N;069-41-52.440W;16.24
3261;47-47-48.840N;069-41-52.080W;16.15
3262;47-47-48.840N;069-41-51.720W;15.87
3263;47-47-48.840N;069-41-51.360W;15.82
3264;47-47-48.840N;069-41-51.000W;15.58
3265;47-47-48.840N;069-41-50.640W;15.66
3266;47-47-48.840N;069-41-50.280W;15.56
3267;47-47-48.840N;069-41-49.920W;15.84
3268;47-47-48.840N;069-41-49.560W;16.22
3269;47-47-48.840N;069-41-49.200W;16.76
3270;47-47-48.840N;069-41-48.840W;16.82
3271;47-47-48.840N;069-41-48.480W;17.23
3272;47-47-48.700N;069-41-44.944W;19.81
3273;47-47-48.805N;069-41-11.214W;9.75
3274;47-47-48.755N;069-40-44.843W;6.4
3275;47-47-48.807N;069-40-38.973W;5.49
3276;47-47-48.798N;069-40-07.258W;6.4
3277;47-47-48.813N;069-39-55.903W;5.5
3278;47-47-49.200N;069-41-59.640W;15.08
3279;47-47-49.200N;069-41-59.280W;15.46
3280;47-47-49.200N;069-41-58.920W;15.91
3281;47-47-49.200N;069-41-58.560W;16.46
3282;47-47-49.200N;069-41-58.200W;16.5
3283;47-47-49.200N;069-41-57.840W;16.54
3284;47-47-49.200N;069-41-57.480W;16.4
3285;47-47-49.200N;069-41-57.120W;16.48
3286;47-47-49.200N;069-41-56.760W;16.4
3287;47-47-49.200N;069-41-56.400W;16.08
3288;47-47-49.200N;069-41-56.040W;15.84
3289;47-47-49.200N;069-41-55.680W;15.58
3290;47-47-49.200N;069-41-55.320W;14.92
3291;47-47-49.200N;069-41-54.960W;14.81
3292;47-47-49.200N;069-41-54.600W;14.7
3293;47-47-49.200N;069-41-54.240W;14.93
3294;47-47-49.200N;069-41-53.880W;15.06
3295;47-47-49.200N;069-41-53.520W;15.51
3296;47-47-49.200N;069-41-53.160W;15.65
3297;47-47-49.200N;069-41-52.800W;15.9
3298;47-47-49.200N;069-41-52.440W;15.82
3299;47-47-49.200N;069-41-52.080W;15.91
3300;47-47-49.200N;069-41-51.720W;15.88
3301;47-47-49.200N;069-41-51.360W;15.95
3302;47-47-49.200N;069-41-51.000W;15.81
3303;47-47-49.200N;069-41-50.640W;15.59
3304;47-47-49.200N;069-41-50.280W;15.69
3305;47-47-49.200N;069-41-49.920W;15.78
3306;47-47-49.200N;069-41-49.560W;16.04
3307;47-47-49.200N;069-41-49.200W;16.79
3308;47-47-49.200N;069-41-48.840W;16.89
3309;47-47-49.200N;069-41-48.480W;17.26
3310;47-47-49.200N;069-41-48.120W;17.49
3311;47-47-49.067N;069-39-50.233W;6.4
3312;47-47-49.193N;069-39-25.656W;5.18
3313;47-47-49.084N;069-39-09.197W;5.49
3314;47-47-49.133N;069-39-03.286W;4.88
3315;47-47-49.560N;069-41-59.640W;14.75
3316;47-47-49.560N;069-41-59.280W;15.05
3317;47-47-49.560N;069-41-58.920W;15.03
3318;47-47-49.560N;069-41-58.560W;15.61
3319;47-47-49.560N;069-41-58.200W;15.85
3320;47-47-49.560N;069-41-57.840W;16.16
3321;47-47-49.560N;069-41-57.480W;16.19
3322;47-47-49.560N;069-41-57.120W;16.4
3323;47-47-49.560N;069-41-56.760W;16.64
3324;47-47-49.560N;069-41-56.400W;16.8
3325;47-47-49.560N;069-41-56.040W;16.48
3326;47-47-49.560N;069-41-55.680W;16.28
3327;47-47-49.560N;069-41-55.320W;15.78
3328;47-47-49.560N;069-41-54.960W;15.45
3329;47-47-49.560N;069-41-54.600W;15.13
3330;47-47-49.560N;069-41-54.240W;15.11
3331;47-47-49.560N;069-41-53.880W;15.21
3332;47-47-49.560N;069-41-53.520W;15.49
3333;47-47-49.560N;069-41-53.160W;15.68
3334;47-47-49.560N;069-41-52.800W;15.94
3335;47-47-49.560N;069-41-52.440W;15.89
3336;47-47-49.560N;069-41-52.080W;15.69
3337;47-47-49.560N;069-41-51.720W;15.47
3338;47-47-49.560N;069-41-51.360W;15.5
3339;47-47-49.560N;069-41-51.000W;15.39
3340;47-47-49.560N;069-41-50.640W;15.42
3341;47-47-49.560N;069-41-50.280W;15.52
3342;47-47-49.560N;069-41-49.920W;15.88
3343;47-47-49.560N;069-41-49.560W;16.06
3344;47-47-49.560N;069-41-49.200W;16.73
3345;47-47-49.560N;069-41-48.840W;16.94
3346;47-47-49.560N;069-41-48.480W;17.33
3347;47-47-49.560N;069-41-48.120W;17.53
3348;47-47-49.560N;069-41-47.760W;17.82
3349;47-47-49.560N;069-41-47.400W;17.9
3350;47-47-49.660N;069-41-34.247W;17.37
3351;47-47-49.526N;069-41-17.532W;10.97
3352;47-47-49.701N;069-41-07.314W;10.06
3353;47-47-49.634N;069-41-01.194W;8.84
3354;47-47-49.920N;069-41-59.640W;14.54
3355;47-47-49.920N;069-41-59.280W;14.67
3356;47-47-49.920N;069-41-58.920W;14.97
3357;47-47-49.920N;069-41-58.560W;15.69
3358;47-47-49.920N;069-41-58.200W;15.65
3359;47-47-49.920N;069-41-57.840W;15.8
3360;47-47-49.920N;069-41-57.480W;15.99
3361;47-47-49.920N;069-41-57.120W;16.51
3362;47-47-49.920N;069-41-56.760W;16.47
3363;47-47-49.920N;069-41-56.400W;16.63
3364;47-47-49.920N;069-41-56.040W;16.65
3365;47-47-49.920N;069-41-55.680W;16.38
3366;47-47-49.920N;069-41-55.320W;15.67
3367;47-47-49.920N;069-41-54.960W;15.41
3368;47-47-49.920N;069-41-54.600W;15.33
3369;47-47-49.920N;069-41-54.240W;15.38
3370;47-47-49.920N;069-41-53.880W;15.35
3371;47-47-49.920N;069-41-53.520W;15.46
3372;47-47-49.920N;069-41-53.160W;15.54
3373;47-47-49.920N;069-41-52.800W;15.85
3374;47-47-49.920N;069-41-52.440W;15.77
3375;47-47-49.920N;069-41-52.080W;15.76
3376;47-47-49.920N;069-41-51.720W;15.15
3377;47-47-49.920N;069-41-51.360W;15.22
3378;47-47-49.920N;069-41-51.000W;15.13
3379;47-47-49.920N;069-41-50.640W;15.14
3380;47-47-49.920N;069-41-50.280W;15.43
3381;47-47-49.920N;069-41-49.920W;15.91
3382;47-47-49.920N;069-41-49.560W;16.06
3383;47-47-49.920N;069-41-49.200W;16.55
3384;47-47-49.920N;069-41-48.840W;16.95
3385;47-47-49.920N;069-41-48.480W;17.33
3386;47-47-49.920N;069-41-48.120W;17.51
3387;47-47-49.920N;069-41-47.760W;17.75
3388;47-47-49.920N;069-41-47.400W;17.72
3389;47-47-49.920N;069-41-47.040W;18.25
3390;47-47-49.751N;069-40-29.700W;5.79
3391;47-47-49.847N;069-39-40.427W;6.4
3392;47-47-50.004N;069-39-31.709W;5.79
3393;47-47-50.280N;069-41-59.640W;14.31
3394;47-47-50.280N;069-41-59.280W;14.34
3395;47-47-50.280N;069-41-58.920W;14.75
3396;47-47-50.280N;069-41-58.560W;15.82
3397;47-47-50.280N;069-41-58.200W;15.55
3398;47-47-50.280N;069-41-57.840W;15.19
3399;47-47-50.280N;069-41-57.480W;15.42
3400;47-47-50.280N;069-41-57.120W;16.29
3401;47-47-50.280N;069-41-56.760W;16.57
3402;47-47-50.280N;069-41-56.400W;16.58
3403;47-47-50.280N;069-41-56.040W;16.46
3404;47-47-50.280N;069-41-55.680W;16.4
3405;47-47-50.280N;069-41-55.320W;15.61
3406;47-47-50.280N;069-41-54.960W;15.42
3407;47-47-50.280N;069-41-54.600W;15.29
3408;47-47-50.280N;069-41-54.240W;15.55
3409;47-47-50.280N;069-41-53.880W;15.48
3410;47-47-50.280N;069-41-53.520W;15.51
3411;47-47-50.280N;069-41-53.160W;15.33
3412;47-47-50.280N;069-41-52.800W;15.23
3413;47-47-50.280N;069-41-52.440W;15.41
3414;47-47-50.280N;069-41-52.080W;15.26
3415;47-47-50.280N;069-41-51.720W;15.14
3416;47-47-50.280N;069-41-51.360W;15.0
3417;47-47-50.280N;069-41-51.000W;15.02
3418;47-47-50.280N;069-41-50.640W;14.9
3419;47-47-50.280N;069-41-50.280W;15.0
3420;47-47-50.280N;069-41-49.920W;15.46
3421;47-47-50.280N;069-41-49.560W;15.68
3422;47-47-50.280N;069-41-49.200W;16.03
3423;47-47-50.280N;069-41-48.840W;16.39
3424;47-47-50.280N;069-41-48.480W;17.13
3425;47-47-50.280N;069-41-48.120W;17.25
3426;47-47-50.280N;069-41-47.760W;17.55
3427;47-47-50.280N;069-41-47.400W;17.58
3428;47-47-50.280N;069-41-47.040W;18.03
3429;47-47-50.280N;069-41-46.680W;18.24
3430;47-47-50.280N;069-41-46.320W;18.55
3431;47-47-50.236N;069-41-29.605W;14.94
3432;47-47-50.276N;069-40-35.273W;5.79
3433;47-47-50.387N;069-40-13.154W;6.4
3434;47-47-50.146N;069-40-03.072W;6.7
3435;47-47-50.274N;069-39-57.825W;5.8
3436;47-47-50.420N;069-39-16.233W;4.88
3437;47-47-50.640N;069-41-59.640W;14.25
3438;47-47-50.640N;069-41-59.280W;14.25
3439;47-47-50.640N;069-41-58.920W;14.64
3440;47-47-50.640N;069-41-58.560W;15.73
3441;47-47-50.640N;069-41-58.200W;15.77
3442;47-47-50.640N;069-41-57.840W;15.45
3443;47-47-50.640N;069-41-57.480W;15.62
3444;47-47-50.640N;069-41-57.120W;16.07
3445;47-47-50.640N;069-41-56.760W;16.33
3446;47-47-50.640N;069-41-56.400W;16.35
3447;47-47-50.640N;069-41-56.040W;16.25
3448;47-47-50.640N;069-41-55.680W;16.12
3449;47-47-50.640N;069-41-55.320W;15.91
3450;47-47-50.640N;069-41-54.960W;15.37
3451;47-47-50.640N;069-41-54.600W;15.05
3452;47-47-50.640N;069-41-54.240W;15.34
3453;47-47-50.640N;069-41-53.880W;15.07
3454;47-47-50.640N;069-41-53.520W;14.87
3455;47-47-50.640N;069-41-53.160W;14.98
3456;47-47-50.640N;069-41-52.800W;15.12
3457;47-47-50.640N;069-41-52.440W;14.99
3458;47-47-50.640N;069-41-52.080W;14.95
3459;47-47-50.640N;069-41-51.720W;14.72
3460;47-47-50.640N;069-41-51.360W;14.59
3461;47-47-50.640N;069-41-51.000W;14.6
3462;47-47-50.640N;069-41-50.640W;14.67
3463;47-47-50.640N;069-41-50.280W;14.82
3464;47-47-50.640N;069-41-49.920W;15.14
3465;47-47-50.640N;069-41-49.560W;15.38
3466;47-47-50.640N;069-41-49.200W;16.01
3467;47-47-50.640N;069-41-48.840W;16.36
3468;47-47-50.640N;069-41-48.480W;16.86
3469;47-47-50.640N;069-41-48.120W;17.05
3470;47-47-50.640N;069-41-47.760W;17.36
3471;47-47-50.640N;069-41-47.400W;17.37
3472;47-47-50.640N;069-41-47.040W;17.74
3473;47-47-50.640N;069-41-46.680W;18.1
3474;47-47-50.640N;069-41-46.320W;18.41
3475;47-47-50.640N;069-41-45.960W;18.52
3476;47-47-50.622N;069-41-41.000W;18.9
3477;47-47-50.531N;069-41-24.162W;13.41
3478;47-47-50.747N;069-40-51.366W;7.62
3479;47-47-50.816N;069-40-25.137W;6.1
3480;47-47-50.704N;069-40-19.147W;5.8
3481;47-47-51.000N;069-41-59.640W;14.56
3482;47-47-51.000N;069-41-59.280W;14.52
3483;47-47-51.000N;069-41-58.920W;14.75
3484;47-47-51.000N;069-41-58.560W;15.68
3485;47-47-51.000N;069-41-58.200W;15.63
3486;47-47-51.000N;069-41-57.840W;15.7
3487;47-47-51.000N;069-41-57.480W;15.95
3488;47-47-51.000N;069-41-57.120W;16.24
3489;47-47-51.000N;069-41-56.760W;15.79
3490;47-47-51.000N;069-41-56.400W;15.45
3491;47-47-51.000N;069-41-56.040W;15.43
3492;47-47-51.000N;069-41-55.680W;15.45
3493;47-47-51.000N;069-41-55.320W;14.99
3494;47-47-51.000N;069-41-54.960W;14.82
3495;47-47-51.000N;069-41-54.600W;14.7
3496;47-47-51.000N;069-41-54.240W;14.9
3497;47-47-51.000N;069-41-53.880W;14.85
3498;47-47-51.000N;069-41-53.520W;14.7
3499;47-47-51.000N;069-41-53.160W;14.81
3500;47-47-51.000N;069-41-52.800W;15.27
3501;47-47-51.000N;069-41-52.440W;14.91
3502;47-47-51.000N;069-41-52.080W;14.96
3503;47-47-51.000N;069-41-51.720W;14.63
3504;47-47-51.000N;069-41-51.360W;14.46
3505;47-47-51.000N;069-41-51.000W;14.36
3506;47-47-51.000N;069-41-50.640W;14.27
3507;47-47-51.000N;069-41-50.280W;14.56
3508;47-47-51.000N;069-41-49.920W;15.09
3509;47-47-51.000N;069-41-49.560W;15.36
3510;47-47-51.000N;069-41-49.200W;15.74
3511;47-47-51.000N;069-41-48.840W;15.95
3512;47-47-51.000N;069-41-48.480W;16.5
3513;47-47-51.000N;069-41-48.120W;16.73
3514;47-47-51.000N;069-41-47.760W;17.11
3515;47-47-51.000N;069-41-47.400W;17.16
3516;47-47-51.000N;069-41-47.040W;17.4
3517;47-47-51.000N;069-41-46.680W;17.76
3518;47-47-51.000N;069-41-46.320W;18.23
3519;47-47-51.000N;069-41-45.960W;18.4
3520;47-47-51.000N;069-41-45.600W;18.52
3521;47-47-50.976N;069-38-58.752W;5.18
3522;47-47-51.360N;069-41-59.640W;14.95
3523;47-47-51.360N;069-41-59.280W;15.2
3524;47-47-51.360N;069-41-58.920W;15.46
3525;47-47-51.360N;069-41-58.560W;15.79
3526;47-47-51.360N;069-41-58.200W;15.71
3527;47-47-51.360N;069-41-57.840W;15.66
3528;47-47-51.360N;069-41-57.480W;15.86
3529;47-47-51.360N;069-41-57.120W;16.05
3530;47-47-51.360N;069-41-56.760W;15.63
3531;47-47-51.360N;069-41-56.400W;15.32
3532;47-47-51.360N;069-41-56.040W;14.97
3533;47-47-51.360N;069-41-55.680W;15.0
3534;47-47-51.360N;069-41-55.320W;14.85
3535;47-47-51.360N;069-41-54.960W;14.66
3536;47-47-51.360N;069-41-54.600W;14.39
3537;47-47-51.360N;069-41-54.240W;14.36
3538;47-47-51.360N;069-41-53.880W;14.39
3539;47-47-51.360N;069-41-53.520W;14.64
3540;47-47-51.360N;069-41-53.160W;14.85
3541;47-47-51.360N;069-41-52.800W;15.21
3542;47-47-51.360N;069-41-52.440W;15.11
3543;47-47-51.360N;069-41-52.080W;15.09
3544;47-47-51.360N;069-41-51.720W;14.63
3545;47-47-51.360N;069-41-51.360W;14.51
3546;47-47-51.360N;069-41-51.000W;14.33
3547;47-47-51.360N;069-41-50.640W;14.39
3548;47-47-51.360N;069-41-50.280W;14.51
3549;47-47-51.360N;069-41-49.920W;14.86
3550;47-47-51.360N;069-41-49.560W;15.04
3551;47-47-51.360N;069-41-49.200W;15.36
3552;47-47-51.360N;069-41-48.840W;15.62
3553;47-47-51.360N;069-41-48.480W;16.09
3554;47-47-51.360N;069-41-48.120W;16.28
3555;47-47-51.360N;069-41-47.760W;16.69
3556;47-47-51.360N;069-41-47.400W;16.83
3557;47-47-51.360N;069-41-47.040W;17.17
3558;47-47-51.360N;069-41-46.680W;17.54
3559;47-47-51.360N;069-41-46.320W;17.97
3560;47-47-51.360N;069-41-45.960W;18.08
3561;47-47-51.360N;069-41-45.600W;18.34
3562;47-47-51.360N;069-41-45.240W;18.59
3563;47-47-51.305N;069-40-57.739W;8.84
3564;47-47-51.529N;069-40-41.963W;6.1
3565;47-47-51.527N;069-40-09.451W;6.1
3566;47-47-51.425N;069-39-47.963W;5.79
3567;47-47-51.181N;069-39-38.014W;6.4
3568;47-47-51.420N;069-39-09.487W;5.49
3569;47-47-51.720N;069-41-59.640W;15.26
3570;47-47-51.720N;069-41-59.280W;15.58
3571;47-47-51.720N;069-41-58.920W;15.75
3572;47-47-51.720N;069-41-58.560W;16.18
3573;47-47-51.720N;069-41-58.200W;16.23
3574;47-47-51.720N;069-41-57.840W;15.94
3575;47-47-51.720N;069-41-57.480W;15.91
3576;47-47-51.720N;069-41-57.120W;15.98
3577;47-47-51.720N;069-41-56.760W;15.58
3578;47-47-51.720N;069-41-56.400W;15.19
3579;47-47-51.720N;069-41-56.040W;14.9
3580;47-47-51.720N;069-41-55.680W;15.09
3581;47-47-51.720N;069-41-55.320W;15.1
3582;47-47-51.720N;069-41-54.960W;14.67
3583;47-47-51.720N;069-41-54.600W;14.27
3584;47-47-51.720N;069-41-54.240W;14.29
3585;47-47-51.720N;069-41-53.880W;14.28
3586;47-47-51.720N;069-41-53.520W;14.48
3587;47-47-51.720N;069-41-53.160W;14.74
3588;47-47-51.720N;069-41-52.800W;14.8
3589;47-47-51.720N;069-41-52.440W;15.01
3590;47-47-51.720N;069-41-52.080W;14.95
3591;47-47-51.720N;069-41-51.720W;14.55
3592;47-47-51.720N;069-41-51.360W;14.4
3593;47-47-51.720N;069-41-51.000W;14.34
3594;47-47-51.720N;069-41-50.640W;14.51
3595;47-47-51.720N;069-41-50.280W;14.7
3596;47-47-51.720N;069-41-49.920W;14.98
3597;47-47-51.720N;069-41-49.560W;15.02
3598;47-47-51.720N;069-41-49.200W;15.04
3599;47-47-51.720N;069-41-48.840W;15.26
3600;47-47-51.720N;069-41-48.480W;15.66
3601;47-47-51.720N;069-41-48.120W;15.89
3602;47-47-51.720N;069-41-47.760W;16.52
3603;47-47-51.720N;069-41-47.400W;16.6
3604;47-47-51.720N;069-41-47.040W;16.84
3605;47-47-51.720N;069-41-46.680W;16.91
3606;47-47-51.720N;069-41-46.320W;17.43
3607;47-47-51.720N;069-41-45.960W;17.6
3608;47-47-51.720N;069-41-45.600W;17.92
3609;47-47-51.720N;069-41-45.240W;18.17
3610;47-47-51.720N;069-41-44.880W;18.55
3611;47-47-51.720N;069-41-44.520W;18.61
3612;47-47-51.740N;069-41-30.919W;16.46
3613;47-47-51.891N;069-41-14.517W;10.97
3614;47-47-51.728N;069-39-21.745W;5.49
3615;47-47-52.080N;069-41-59.640W;15.18
3616;47-47-52.080N;069-41-59.280W;15.64
3617;47-47-52.080N;069-41-58.920W;15.62
3618;47-47-52.080N;069-41-58.560W;16.12
3619;47-47-52.080N;069-41-58.200W;16.22
3620;47-47-52.080N;069-41-57.840W;16.01
3621;47-47-52.080N;069-41-57.480W;15.9
3622;47-47-52.080N;069-41-57.120W;16.06
3623;47-47-52.080N;069-41-56.760W;15.76
3624;47-47-52.080N;069-41-56.400W;15.6
3625;47-47-52.080N;069-41-56.040W;15.01
3626;47-47-52.080N;069-41-55.680W;15.26
3627;47-47-52.080N;069-41-55.320W;15.36
3628;47-47-52.080N;069-41-54.960W;15.17
3629;47-47-52.080N;069-41-54.600W;14.41
3630;47-47-52.080N;069-41-54.240W;14.27
3631;47-47-52.080N;069-41-53.880W;14.14
3632;47-47-52.080N;069-41-53.520W;14.26
3633;47-47-52.080N;069-41-53.160W;14.51
3634;47-47-52.080N;069-41-52.800W;14.66
3635;47-47-52.080N;069-41-52.440W;14.73
3636;47-47-52.080N;069-41-52.080W;14.58
3637;47-47-52.080N;069-41-51.720W;14.53
3638;47-47-52.080N;069-41-51.360W;14.47
3639;47-47-52.080N;069-41-51.000W;14.34
3640;47-47-52.080N;069-41-50.640W;14.41
3641;47-47-52.080N;069-41-50.280W;14.59
3642;47-47-52.080N;069-41-49.920W;15.0
3643;47-47-52.080N;069-41-49.560W;15.04
3644;47-47-52.080N;069-41-49.200W;15.11
3645;47-47-52.080N;069-41-48.840W;15.09
3646;47-47-52.080N;069-41-48.480W;15.43
3647;47-47-52.080N;069-41-48.120W;15.52
3648;47-47-52.080N;069-41-47.760W;15.99
3649;47-47-52.080N;069-41-47.400W;15.96
3650;47-47-52.080N;069-41-47.040W;16.51
3651;47-47-52.080N;069-41-46.680W;16.52
3652;47-47-52.080N;069-41-46.320W;17.01
3653;47-47-52.080N;069-41-45.960W;17.24
3654;47-47-52.080N;069-41-45.600W;17.71
3655;47-47-52.080N;069-41-45.240W;17.79
3656;47-47-52.080N;069-41-44.880W;18.08
3657;47-47-52.080N;069-41-44.520W;18.4
3658;47-47-52.047N;069-40-48.211W;7.32
3659;47-47-51.914N;069-39-53.098W;6.4
3660;47-47-51.954N;069-39-29.066W;6.1
3661;47-47-52.440N;069-41-59.640W;15.13
3662;47-47-52.440N;069-41-59.280W;15.79
3663;47-47-52.440N;069-41-58.920W;15.84
3664;47-47-52.440N;069-41-58.560W;16.08
3665;47-47-52.440N;069-41-58.200W;16.28
3666;47-47-52.440N;069-41-57.840W;16.22
3667;47-47-52.440N;069-41-57.480W;16.11
3668;47-47-52.440N;069-41-57.120W;16.05
3669;47-47-52.440N;069-41-56.760W;15.49
3670;47-47-52.440N;069-41-56.400W;15.23
3671;47-47-52.440N;069-41-56.040W;15.11
3672;47-47-52.440N;069-41-55.680W;15.34
3673;47-47-52.440N;069-41-55.320W;15.52
3674;47-47-52.440N;069-41-54.960W;15.35
3675;47-47-52.440N;069-41-54.600W;14.91
3676;47-47-52.440N;069-41-54.240W;14.71
3677;47-47-52.440N;069-41-53.880W;14.37
3678;47-47-52.440N;069-41-53.520W;14.48
3679;47-47-52.440N;069-41-53.160W;14.62
3680;47-47-52.440N;069-41-52.800W;14.46
3681;47-47-52.440N;069-41-52.440W;14.56
3682;47-47-52.440N;069-41-52.080W;14.55
3683;47-47-52.440N;069-41-51.720W;14.47
3684;47-47-52.440N;069-41-51.360W;14.72
3685;47-47-52.440N;069-41-51.000W;14.74
3686;47-47-52.440N;069-41-50.640W;14.55
3687;47-47-52.440N;069-41-50.280W;14.63
3688;47-47-52.440N;069-41-49.920W;14.62
3689;47-47-52.440N;069-41-49.560W;14.56
3690;47-47-52.440N;069-41-49.200W;14.94
3691;47-47-52.440N;069-41-48.840W;14.92
3692;47-47-52.440N;069-41-48.480W;15.0
3693;47-47-52.440N;069-41-48.120W;15.18
3694;47-47-52.440N;069-41-47.760W;15.58
3695;47-47-52.440N;069-41-47.400W;15.84
3696;47-47-52.440N;069-41-47.040W;16.28
3697;47-47-52.440N;069-41-46.680W;16.45
3698;47-47-52.440N;069-41-46.320W;16.76
3699;47-47-52.440N;069-41-45.960W;16.96
3700;47-47-52.440N;069-41-45.600W;17.26
3701;47-47-52.440N;069-41-45.240W;17.43
3702;47-47-52.440N;069-41-44.880W;17.78
3703;47-47-52.440N;069-41-44.520W;17.94
3704;47-47-52.440N;069-41-44.160W;18.03
3705;47-47-52.440N;069-41-43.800W;18.35
3706;47-47-52.578N;069-41-20.039W;11.89
3707;47-47-52.518N;069-41-04.187W;10.06
3708;47-47-52.553N;069-39-06.463W;5.18
3709;47-47-52.800N;069-41-59.640W;14.69
3710;47-47-52.800N;069-41-59.280W;15.39
3711;47-47-52.800N;069-41-58.920W;15.77
3712;47-47-52.800N;069-41-58.560W;15.91
3713;47-47-52.800N;069-41-58.200W;15.98
3714;47-47-52.800N;069-41-57.840W;16.15
3715;47-47-52.800N;069-41-57.480W;16.0
3716;47-47-52.800N;069-41-57.120W;15.95
3717;47-47-52.800N;069-41-56.760W;15.68
3718;47-47-52.800N;069-41-56.400W;15.37
3719;47-47-52.800N;069-41-56.040W;15.34
3720;47-47-52.800N;069-41-55.680W;15.34
3721;47-47-52.800N;069-41-55.320W;15.56
3722;47-47-52.800N;069-41-54.960W;15.53
3723;47-47-52.800N;069-41-54.600W;15.1
3724;47-47-52.800N;069-41-54.240W;15.2
3725;47-47-52.800N;069-41-53.880W;15.2
3726;47-47-52.800N;069-41-53.520W;14.82
3727;47-47-52.800N;069-41-53.160W;14.49
3728;47-47-52.800N;069-41-52.800W;14.35
3729;47-47-52.800N;069-41-52.440W;14.22
3730;47-47-52.800N;069-41-52.080W;14.21
3731;47-47-52.800N;069-41-51.720W;14.11
3732;47-47-52.800N;069-41-51.360W;14.15
3733;47-47-52.800N;069-41-51.000W;14.41
3734;47-47-52.800N;069-41-50.640W;14.71
3735;47-47-52.800N;069-41-50.280W;14.72
3736;47-47-52.800N;069-41-49.920W;14.61
3737;47-47-52.800N;069-41-49.560W;14.57
3738;47-47-52.800N;069-41-49.200W;14.98
3739;47-47-52.800N;069-41-48.840W;14.93
3740;47-47-52.800N;069-41-48.480W;14.81
3741;47-47-52.800N;069-41-48.120W;14.98
3742;47-47-52.800N;069-41-47.760W;15.06
3743;47-47-52.800N;069-41-47.400W;15.52
3744;47-47-52.800N;069-41-47.040W;15.72
3745;47-47-52.800N;069-41-46.680W;16.19
3746;47-47-52.800N;069-41-46.320W;16.35
3747;47-47-52.800N;069-41-45.960W;16.61
3748;47-47-52.800N;069-41-45.600W;16.77
3749;47-47-52.800N;069-41-45.240W;17.04
3750;47-47-52.800N;069-41-44.880W;17.22
3751;47-47-52.800N;069-41-44.520W;17.6
3752;47-47-52.800N;069-41-44.160W;17.62
3753;47-47-52.800N;069-41-43.800W;17.94
3754;47-47-52.800N;069-41-43.440W;18.15
3755;47-47-52.624N;069-41-37.180W;17.98
3756;47-47-52.668N;069-41-10.248W;10.67
3757;47-47-52.850N;069-39-34.694W;6.4
3758;47-47-52.871N;069-39-12.624W;5.49
3759;47-47-53.160N;069-41-59.640W;14.48
3760;47-47-53.160N;069-41-59.280W;15.29
3761;47-47-53.160N;069-41-58.920W;15.53
3762;47-47-53.160N;069-41-58.560W;15.64
3763;47-47-53.160N;069-41-58.200W;15.43
3764;47-47-53.160N;069-41-57.840W;15.59
3765;47-47-53.160N;069-41-57.480W;15.63
3766;47-47-53.160N;069-41-57.120W;15.66
3767;47-47-53.160N;069-41-56.760W;15.59
3768;47-47-53.160N;069-41-56.400W;15.27
3769;47-47-53.160N;069-41-56.040W;15.06
3770;47-47-53.160N;069-41-55.680W;14.98
3771;47-47-53.160N;069-41-55.320W;14.94
3772;47-47-53.160N;069-41-54.960W;15.1
3773;47-47-53.160N;069-41-54.600W;14.87
3774;47-47-53.160N;069-41-54.240W;14.91
3775;47-47-53.160N;069-41-53.880W;14.85
3776;47-47-53.160N;069-41-53.520W;14.81
3777;47-47-53.160N;069-41-53.160W;14.53
3778;47-47-53.160N;069-41-52.800W;14.49
3779;47-47-53.160N;069-41-52.440W;14.22
3780;47-47-53.160N;069-41-52.080W;14.17
3781;47-47-53.160N;069-41-51.720W;14.06
3782;47-47-53.160N;069-41-51.360W;13.97
3783;47-47-53.160N;069-41-51.000W;13.88
3784;47-47-53.160N;069-41-50.640W;14.11
3785;47-47-53.160N;069-41-50.280W;14.25
3786;47-47-53.160N;069-41-49.920W;14.25
3787;47-47-53.160N;069-41-49.560W;14.55
3788;47-47-53.160N;069-41-49.200W;14.55
3789;47-47-53.160N;069-41-48.840W;14.6
3790;47-47-53.160N;069-41-48.480W;14.61
3791;47-47-53.160N;069-41-48.120W;14.83
3792;47-47-53.160N;069-41-47.760W;14.82
3793;47-47-53.160N;069-41-47.400W;15.09
3794;47-47-53.160N;069-41-47.040W;15.42
3795;47-47-53.160N;069-41-46.680W;15.88
3796;47-47-53.160N;069-41-46.320W;16.05
3797;47-47-53.160N;069-41-45.960W;16.42
3798;47-47-53.160N;069-41-45.600W;16.61
3799;47-47-53.160N;069-41-45.240W;16.71
3800;47-47-53.160N;069-41-44.880W;16.83
3801;47-47-53.160N;069-41-44.520W;17.45
3802;47-47-53.160N;069-41-44.160W;17.44
3803;47-47-53.160N;069-41-43.800W;17.84
3804;47-47-53.160N;069-41-43.440W;18.09
3805;47-47-53.160N;069-41-43.080W;18.56
3806;47-47-53.160N;069-41-42.720W;18.6
3807;47-47-53.279N;069-40-06.068W;6.7
3808;47-47-53.000N;069-40-00.445W;5.8
3809;47-47-53.023N;069-39-43.420W;6.1
3810;47-47-53.520N;069-41-59.640W;14.13
3811;47-47-53.520N;069-41-59.280W;14.7
3812;47-47-53.520N;069-41-58.920W;14.64
3813;47-47-53.520N;069-41-58.560W;15.23
3814;47-47-53.520N;069-41-58.200W;15.08
3815;47-47-53.520N;069-41-57.840W;15.37
3816;47-47-53.520N;069-41-57.480W;15.25
3817;47-47-53.520N;069-41-57.120W;15.09
3818;47-47-53.520N;069-41-56.760W;15.25
3819;47-47-53.520N;069-41-56.400W;15.38
3820;47-47-53.520N;069-41-56.040W;15.15
3821;47-47-53.520N;069-41-55.680W;15.04
3822;47-47-53.520N;069-41-55.320W;15.07
3823;47-47-53.520N;069-41-54.960W;14.89
3824;47-47-53.520N;069-41-54.600W;14.78
3825;47-47-53.520N;069-41-54.240W;14.87
3826;47-47-53.520N;069-41-53.880W;14.93
3827;47-47-53.520N;069-41-53.520W;14.93
3828;47-47-53.520N;069-41-53.160W;14.78
3829;47-47-53.520N;069-41-52.800W;14.47
3830;47-47-53.520N;069-41-52.080W;14.39
3831;47-47-53.520N;069-41-51.720W;14.34
3832;47-47-53.520N;069-41-51.360W;14.24
3833;47-47-53.520N;069-41-51.000W;14.03
3834;47-47-53.520N;069-41-50.640W;13.93
3835;47-47-53.520N;069-41-50.280W;14.05
3836;47-47-53.520N;069-41-49.920W;13.9
3837;47-47-53.520N;069-41-49.560W;14.21
3838;47-47-53.520N;069-41-49.200W;14.08
3839;47-47-53.520N;069-41-48.840W;14.47
3840;47-47-53.520N;069-41-48.480W;14.48
3841;47-47-53.520N;069-41-48.120W;14.64
3842;47-47-53.520N;069-41-47.760W;14.78
3843;47-47-53.520N;069-41-47.400W;14.93
3844;47-47-53.520N;069-41-47.040W;15.03
3845;47-47-53.520N;069-41-46.680W;15.52
3846;47-47-53.520N;069-41-46.320W;15.7
3847;47-47-53.520N;069-41-45.960W;16.0
3848;47-47-53.520N;069-41-45.600W;16.14
3849;47-47-53.520N;069-41-45.240W;16.27
3850;47-47-53.520N;069-41-44.880W;16.45
3851;47-47-53.520N;069-41-44.520W;17.05
3852;47-47-53.520N;069-41-44.160W;17.22
3853;47-47-53.520N;069-41-43.800W;17.77
3854;47-47-53.520N;069-41-43.440W;18.08
3855;47-47-53.520N;069-41-43.080W;18.44
3856;47-47-53.520N;069-41-42.720W;18.5
3857;47-47-53.633N;069-40-54.237W;8.23
3858;47-47-53.449N;069-40-38.149W;6.4
3859;47-47-53.654N;069-40-33.568W;5.5
3860;47-47-53.880N;069-41-59.640W;13.99
3861;47-47-53.880N;069-41-59.280W;14.2
3862;47-47-53.880N;069-41-58.920W;14.49
3863;47-47-53.880N;069-41-58.560W;14.59
3864;47-47-53.880N;069-41-58.200W;14.95
3865;47-47-53.880N;069-41-57.840W;15.12
3866;47-47-53.880N;069-41-57.480W;15.34
3867;47-47-53.880N;069-41-57.120W;14.95
3868;47-47-53.880N;069-41-56.760W;15.04
3869;47-47-53.880N;069-41-56.400W;15.22
3870;47-47-53.880N;069-41-56.040W;15.28
3871;47-47-53.880N;069-41-55.680W;15.05
3872;47-47-53.880N;069-41-55.320W;15.01
3873;47-47-53.880N;069-41-54.960W;14.71
3874;47-47-53.880N;069-41-54.600W;14.67
3875;47-47-53.880N;069-41-54.240W;14.62
3876;47-47-53.880N;069-41-53.880W;14.78
3877;47-47-53.880N;069-41-53.520W;15.04
3878;47-47-53.880N;069-41-53.160W;15.11
3879;47-47-53.880N;069-41-52.800W;15.32
3880;47-47-53.880N;069-41-52.440W;15.12
3881;47-47-53.880N;069-41-52.080W;14.76
3882;47-47-53.880N;069-41-51.720W;14.62
3883;47-47-53.880N;069-41-51.360W;14.33
3884;47-47-53.880N;069-41-51.000W;13.91
3885;47-47-53.880N;069-41-50.640W;13.76
3886;47-47-53.880N;069-41-50.280W;13.9
3887;47-47-53.880N;069-41-49.920W;13.84
3888;47-47-53.880N;069-41-49.560W;13.99
3889;47-47-53.880N;069-41-49.200W;14.06
3890;47-47-53.880N;069-41-48.840W;14.4
3891;47-47-53.880N;069-41-48.480W;14.49
3892;47-47-53.880N;069-41-48.120W;14.66
3893;47-47-53.880N;069-41-47.760W;14.8
3894;47-47-53.880N;069-41-47.400W;14.85
3895;47-47-53.880N;069-41-47.040W;14.95
3896;47-47-53.880N;069-41-46.680W;15.12
3897;47-47-53.880N;069-41-46.320W;15.37
3898;47-47-53.880N;069-41-45.960W;15.86
3899;47-47-53.880N;069-41-45.600W;16.06
3900;47-47-53.880N;069-41-45.240W;15.98
3901;47-47-53.880N;069-41-44.880W;16.06
3902;47-47-53.880N;069-41-44.520W;16.68
3903;47-47-53.880N;069-41-44.160W;16.9
3904;47-47-53.880N;069-41-43.800W;17.59
3905;47-47-53.880N;069-41-43.440W;17.87
3906;47-47-53.880N;069-41-43.080W;18.28
3907;47-47-53.880N;069-41-42.720W;18.41
3908;47-47-53.880N;069-41-42.360W;18.46
3909;47-47-53.880N;069-41-42.000W;18.54
3910;47-47-53.824N;069-41-27.163W;17.07
3911;47-47-53.783N;069-41-22.694W;13.72
3912;47-47-53.867N;069-40-28.011W;5.8
3913;47-47-53.838N;069-40-21.960W;5.5
3914;47-47-53.746N;069-39-30.627W;5.49
3915;47-47-53.762N;069-39-18.982W;4.88
3916;47-47-53.785N;069-38-56.493W;4.88
3917;47-47-54.240N;069-41-59.640W;13.91
3918;47-47-54.240N;069-41-59.280W;13.97
3919;47-47-54.240N;069-41-58.920W;13.95
3920;47-47-54.240N;069-41-58.560W;13.9
3921;47-47-54.240N;069-41-58.200W;13.82
3922;47-47-54.240N;069-41-57.840W;13.97
3923;47-47-54.240N;069-41-57.480W;14.38
3924;47-47-54.240N;069-41-57.120W;14.41
3925;47-47-54.240N;069-41-56.760W;14.91
3926;47-47-54.240N;069-41-56.400W;15.17
3927;47-47-54.240N;069-41-56.040W;15.14
3928;47-47-54.240N;069-41-55.680W;15.06
3929;47-47-54.240N;069-41-55.320W;15.09
3930;47-47-54.240N;069-41-54.960W;14.77
3931;47-47-54.240N;069-41-54.600W;14.86
3932;47-47-54.240N;069-41-54.240W;14.37
3933;47-47-54.240N;069-41-53.880W;14.5
3934;47-47-54.240N;069-41-53.520W;14.54
3935;47-47-54.240N;069-41-53.160W;14.59
3936;47-47-54.240N;069-41-52.800W;14.66
3937;47-47-54.240N;069-41-52.440W;14.95
3938;47-47-54.240N;069-41-52.080W;15.13
3939;47-47-54.240N;069-41-51.720W;15.5
3940;47-47-54.240N;069-41-51.360W;14.48
3941;47-47-54.240N;069-41-51.000W;14.14
3942;47-47-54.240N;069-41-50.640W;13.86
3943;47-47-54.240N;069-41-50.280W;14.0
3944;47-47-54.240N;069-41-49.920W;13.97
3945;47-47-54.240N;069-41-49.560W;14.08
3946;47-47-54.240N;069-41-49.200W;14.18
3947;47-47-54.240N;069-41-48.840W;14.4
3948;47-47-54.240N;069-41-48.480W;14.56
3949;47-47-54.240N;069-41-48.120W;14.84
3950;47-47-54.240N;069-41-47.760W;14.92
3951;47-47-54.240N;069-41-47.400W;14.98
3952;47-47-54.240N;069-41-47.040W;14.93
3953;47-47-54.240N;069-41-46.680W;14.97
3954;47-47-54.240N;069-41-46.320W;15.22
3955;47-47-54.240N;069-41-45.960W;15.72
3956;47-47-54.240N;069-41-45.600W;15.93
3957;47-47-54.240N;069-41-45.240W;15.94
3958;47-47-54.240N;069-41-44.880W;15.93
3959;47-47-54.240N;069-41-44.520W;16.43
3960;47-47-54.240N;069-41-44.160W;16.7
3961;47-47-54.240N;069-41-43.800W;17.34
3962;47-47-54.240N;069-41-43.440W;17.65
3963;47-47-54.240N;069-41-43.080W;18.13
3964;47-47-54.240N;069-41-42.720W;18.23
3965;47-47-54.240N;069-41-42.360W;18.46
3966;47-47-54.240N;069-41-42.000W;18.38
3967;47-47-54.191N;069-41-00.488W;9.75
3968;47-47-54.134N;069-40-16.285W;6.1
3969;47-47-54.236N;069-39-40.639W;6.1
3970;47-47-54.128N;069-39-04.666W;5.49
3971;47-47-54.395N;069-39-02.172W;5.49
3972;47-47-54.600N;069-41-59.640W;13.95
3973;47-47-54.600N;069-41-59.280W;14.12
3974;47-47-54.600N;069-41-58.920W;14.13
3975;47-47-54.600N;069-41-58.560W;13.97
3976;47-47-54.600N;069-41-58.200W;13.85
3977;47-47-54.600N;069-41-57.840W;13.61
3978;47-47-54.600N;069-41-57.480W;13.69
3979;47-47-54.600N;069-41-57.120W;13.73
3980;47-47-54.600N;069-41-56.760W;14.39
3981;47-47-54.600N;069-41-56.400W;14.52
3982;47-47-54.600N;069-41-56.040W;15.1
3983;47-47-54.600N;069-41-55.680W;15.02
3984;47-47-54.600N;069-41-55.320W;14.85
3985;47-47-54.600N;069-41-54.960W;14.82
3986;47-47-54.600N;069-41-54.600W;14.88
3987;47-47-54.600N;069-41-54.240W;14.54
3988;47-47-54.600N;069-41-53.880W;14.4
3989;47-47-54.600N;069-41-53.520W;14.19
3990;47-47-54.600N;069-41-53.160W;14.25
3991;47-47-54.600N;069-41-52.800W;14.44
3992;47-47-54.600N;069-41-52.440W;14.81
3993;47-47-54.600N;069-41-52.080W;15.02
3994;47-47-54.600N;069-41-51.720W;15.26
3995;47-47-54.600N;069-41-51.360W;14.7
3996;47-47-54.600N;069-41-51.000W;14.39
3997;47-47-54.600N;069-41-50.640W;14.13
3998;47-47-54.600N;069-41-50.280W;14.17
3999;47-47-54.600N;069-41-49.920W;14.09
4000;47-47-54.600N;069-41-49.560W;14.25
4001;47-47-54.600N;069-41-49.200W;14.39
4002;47-47-54.600N;069-41-48.840W;14.5
4003;47-47-54.600N;069-41-48.480W;14.61
4004;47-47-54.600N;069-41-48.120W;14.99
4005;47-47-54.600N;069-41-47.760W;15.08
4006;47-47-54.600N;069-41-47.400W;15.09
4007;47-47-54.600N;069-41-47.040W;14.89
4008;47-47-54.600N;069-41-46.680W;14.9
4009;47-47-54.600N;069-41-46.320W;15.08
4010;47-47-54.600N;069-41-45.960W;15.49
4011;47-47-54.600N;069-41-45.600W;15.84
4012;47-47-54.600N;069-41-45.240W;15.81
4013;47-47-54.600N;069-41-44.880W;15.73
4014;47-47-54.600N;069-41-44.520W;16.3
4015;47-47-54.600N;069-41-44.160W;16.54
4016;47-47-54.600N;069-41-43.800W;17.13
4017;47-47-54.600N;069-41-43.440W;17.55
4018;47-47-54.600N;069-41-43.080W;17.96
4019;47-47-54.600N;069-41-42.720W;18.24
4020;47-47-54.600N;069-41-42.360W;18.33
4021;47-47-54.600N;069-41-42.000W;18.32
4022;47-47-54.600N;069-41-41.640W;18.14
4023;47-47-54.600N;069-41-41.280W;18.26
4024;47-47-54.546N;069-41-33.298W;17.98
4025;47-47-54.780N;069-41-16.837W;11.58
4026;47-47-54.437N;069-39-50.710W;5.79
4027;47-47-54.660N;069-39-24.426W;5.79
4028;47-47-54.960N;069-41-59.640W;13.74
4029;47-47-54.960N;069-41-59.280W;13.96
4030;47-47-54.960N;069-41-58.920W;14.06
4031;47-47-54.960N;069-41-58.560W;13.97
4032;47-47-54.960N;069-41-58.200W;13.83
4033;47-47-54.960N;069-41-57.840W;13.39
4034;47-47-54.960N;069-41-57.480W;13.2
4035;47-47-54.960N;069-41-57.120W;13.42
4036;47-47-54.960N;069-41-56.760W;14.25
4037;47-47-54.960N;069-41-56.400W;14.49
4038;47-47-54.960N;069-41-56.040W;14.99
4039;47-47-54.960N;069-41-55.680W;15.0
4040;47-47-54.960N;069-41-55.320W;14.87
4041;47-47-54.960N;069-41-54.960W;14.79
4042;47-47-54.960N;069-41-54.600W;14.7
4043;47-47-54.960N;069-41-54.240W;14.28
4044;47-47-54.960N;069-41-53.880W;14.42
4045;47-47-54.960N;069-41-53.520W;14.19
4046;47-47-54.960N;069-41-53.160W;14.37
4047;47-47-54.960N;069-41-52.800W;14.2
4048;47-47-54.960N;069-41-52.440W;14.68
4049;47-47-54.960N;069-41-52.080W;14.92
4050;47-47-54.960N;069-41-51.720W;15.06
4051;47-47-54.960N;069-41-51.360W;14.95
4052;47-47-54.960N;069-41-51.000W;14.81
4053;47-47-54.960N;069-41-50.640W;14.26
4054;47-47-54.960N;069-41-50.280W;14.22
4055;47-47-54.960N;069-41-49.920W;14.32
4056;47-47-54.960N;069-41-49.560W;14.45
4057;47-47-54.960N;069-41-49.200W;14.57
4058;47-47-54.960N;069-41-48.840W;14.71
4059;47-47-54.960N;069-41-48.480W;14.76
4060;47-47-54.960N;069-41-48.120W;14.99
4061;47-47-54.960N;069-41-47.760W;14.98
4062;47-47-54.960N;069-41-47.400W;15.09
4063;47-47-54.960N;069-41-47.040W;14.91
4064;47-47-54.960N;069-41-46.680W;14.9
4065;47-47-54.960N;069-41-46.320W;15.08
4066;47-47-54.960N;069-41-45.960W;15.45
4067;47-47-54.960N;069-41-45.600W;15.56
4068;47-47-54.960N;069-41-45.240W;15.61
4069;47-47-54.960N;069-41-44.880W;15.71
4070;47-47-54.960N;069-41-44.520W;16.3
4071;47-47-54.960N;069-41-44.160W;16.5
4072;47-47-54.960N;069-41-43.800W;17.12
4073;47-47-54.960N;069-41-43.440W;17.42
4074;47-47-54.960N;069-41-43.080W;17.98
4075;47-47-54.960N;069-41-42.720W;18.12
4076;47-47-54.960N;069-41-42.360W;18.24
4077;47-47-54.960N;069-41-42.000W;18.28
4078;47-47-54.960N;069-41-41.640W;18.15
4079;47-47-54.960N;069-41-41.280W;18.24
4080;47-47-54.960N;069-41-40.920W;18.72
4081;47-47-55.019N;069-40-50.533W;8.53
4082;47-47-54.825N;069-40-44.842W;6.71
4083;47-47-54.867N;069-40-12.207W;5.8
4084;47-47-55.320N;069-41-59.640W;13.6
4085;47-47-55.320N;069-41-59.280W;13.61
4086;47-47-55.320N;069-41-58.920W;13.87
4087;47-47-55.320N;069-41-58.560W;13.91
4088;47-47-55.320N;069-41-58.200W;13.73
4089;47-47-55.320N;069-41-57.840W;13.56
4090;47-47-55.320N;069-41-57.480W;13.36
4091;47-47-55.320N;069-41-57.120W;13.52
4092;47-47-55.320N;069-41-56.760W;13.87
4093;47-47-55.320N;069-41-56.400W;14.21
4094;47-47-55.320N;069-41-56.040W;14.78
4095;47-47-55.320N;069-41-55.680W;14.71
4096;47-47-55.320N;069-41-55.320W;14.61
4097;47-47-55.320N;069-41-54.960W;14.94
4098;47-47-55.320N;069-41-54.600W;14.85
4099;47-47-55.320N;069-41-54.240W;14.7
4100;47-47-55.320N;069-41-53.880W;14.69
4101;47-47-55.320N;069-41-53.520W;14.51
4102;47-47-55.320N;069-41-53.160W;14.42
4103;47-47-55.320N;069-41-52.800W;14.46
4104;47-47-55.320N;069-41-52.440W;14.59
4105;47-47-55.320N;069-41-52.080W;14.78
4106;47-47-55.320N;069-41-51.720W;14.93
4107;47-47-55.320N;069-41-51.360W;14.54
4108;47-47-55.320N;069-41-51.000W;14.66
4109;47-47-55.320N;069-41-50.640W;14.56
4110;47-47-55.320N;069-41-50.280W;14.5
4111;47-47-55.320N;069-41-49.920W;14.52
4112;47-47-55.320N;069-41-49.560W;14.52
4113;47-47-55.320N;069-41-49.200W;14.56
4114;47-47-55.320N;069-41-48.840W;14.86
4115;47-47-55.320N;069-41-48.480W;14.89
4116;47-47-55.320N;069-41-48.120W;14.98
4117;47-47-55.320N;069-41-47.760W;14.98
4118;47-47-55.320N;069-41-47.400W;15.01
4119;47-47-55.320N;069-41-47.040W;14.9
4120;47-47-55.320N;069-41-46.680W;14.94
4121;47-47-55.320N;069-41-46.320W;15.1
4122;47-47-55.320N;069-41-45.960W;15.73
4123;47-47-55.320N;069-41-45.600W;15.86
4124;47-47-55.320N;069-41-45.240W;15.89
4125;47-47-55.320N;069-41-44.880W;15.98
4126;47-47-55.320N;069-41-44.520W;16.15
4127;47-47-55.320N;069-41-44.160W;16.44
4128;47-47-55.320N;069-41-43.800W;16.96
4129;47-47-55.320N;069-41-43.440W;17.34
4130;47-47-55.320N;069-41-43.080W;17.87
4131;47-47-55.320N;069-41-42.720W;18.1
4132;47-47-55.320N;069-41-42.360W;18.24
4133;47-47-55.320N;069-41-42.000W;18.1
4134;47-47-55.320N;069-41-41.640W;18.08
4135;47-47-55.320N;069-41-41.280W;18.16
4136;47-47-55.320N;069-41-40.920W;18.26
4137;47-47-55.320N;069-41-40.560W;18.5
4138;47-47-55.249N;069-39-56.524W;6.7
4139;47-47-55.211N;069-39-32.060W;6.71
4140;47-47-55.680N;069-41-59.640W;13.27
4141;47-47-55.680N;069-41-59.280W;13.62
4142;47-47-55.680N;069-41-58.920W;13.96
4143;47-47-55.680N;069-41-58.560W;13.91
4144;47-47-55.680N;069-41-58.200W;13.77
4145;47-47-55.680N;069-41-57.840W;13.61
4146;47-47-55.680N;069-41-57.480W;13.67
4147;47-47-55.680N;069-41-57.120W;13.77
4148;47-47-55.680N;069-41-56.760W;13.59
4149;47-47-55.680N;069-41-56.400W;13.66
4150;47-47-55.680N;069-41-56.040W;13.88
4151;47-47-55.680N;069-41-55.680W;13.9
4152;47-47-55.680N;069-41-55.320W;14.08
4153;47-47-55.680N;069-41-54.960W;14.28
4154;47-47-55.680N;069-41-54.600W;14.75
4155;47-47-55.680N;069-41-54.240W;15.06
4156;47-47-55.680N;069-41-53.880W;14.72
4157;47-47-55.680N;069-41-53.520W;14.44
4158;47-47-55.680N;069-41-53.160W;14.49
4159;47-47-55.680N;069-41-52.800W;14.56
4160;47-47-55.680N;069-41-52.440W;14.63
4161;47-47-55.680N;069-41-52.080W;14.91
4162;47-47-55.680N;069-41-51.720W;15.16
4163;47-47-55.680N;069-41-51.360W;14.73
4164;47-47-55.680N;069-41-51.000W;14.65
4165;47-47-55.680N;069-41-50.640W;14.49
4166;47-47-55.680N;069-41-50.280W;14.75
4167;47-47-55.680N;069-41-49.920W;14.57
4168;47-47-55.680N;069-41-49.560W;14.7
4169;47-47-55.680N;069-41-49.200W;14.71
4170;47-47-55.680N;069-41-48.840W;14.73
4171;47-47-55.680N;069-41-48.480W;14.7
4172;47-47-55.680N;069-41-48.120W;14.81
4173;47-47-55.680N;069-41-47.760W;14.67
4174;47-47-55.680N;069-41-47.400W;14.66
4175;47-47-55.680N;069-41-47.040W;14.69
4176;47-47-55.680N;069-41-46.680W;14.84
4177;47-47-55.680N;069-41-46.320W;14.82
4178;47-47-55.680N;069-41-45.960W;15.59
4179;47-47-55.680N;069-41-45.600W;15.72
4180;47-47-55.680N;069-41-45.240W;15.97
4181;47-47-55.680N;069-41-44.880W;16.01
4182;47-47-55.680N;069-41-44.520W;16.16
4183;47-47-55.680N;069-41-44.160W;16.43
4184;47-47-55.680N;069-41-43.800W;16.86
4185;47-47-55.680N;069-41-43.440W;17.1
4186;47-47-55.680N;069-41-43.080W;17.53
4187;47-47-55.680N;069-41-42.720W;17.71
4188;47-47-55.680N;069-41-42.360W;17.97
4189;47-47-55.680N;069-41-42.000W;17.9
4190;47-47-55.680N;069-41-41.640W;17.87
4191;47-47-55.680N;069-41-41.280W;18.0
4192;47-47-55.680N;069-41-40.920W;18.29
4193;47-47-55.680N;069-41-40.560W;18.44
4194;47-47-55.680N;069-41-40.200W;18.6
4195;47-47-55.811N;069-41-07.188W;10.67
4196;47-47-55.564N;069-39-09.571W;5.18
4197;47-47-56.040N;069-41-59.640W;13.19
4198;47-47-56.040N;069-41-59.280W;13.64
4199;47-47-56.040N;069-41-58.920W;13.98
4200;47-47-56.040N;069-41-58.560W;14.07
4201;47-47-56.040N;069-41-58.200W;14.16
4202;47-47-56.040N;069-41-57.840W;13.88
4203;47-47-56.040N;069-41-57.480W;13.72
4204;47-47-56.040N;069-41-57.120W;13.64
4205;47-47-56.040N;069-41-56.760W;13.8
4206;47-47-56.040N;069-41-56.400W;13.78
4207;47-47-56.040N;069-41-56.040W;13.6
4208;47-47-56.040N;069-41-55.680W;13.48
4209;47-47-56.040N;069-41-55.320W;13.77
4210;47-47-56.040N;069-41-54.960W;13.77
4211;47-47-56.040N;069-41-54.600W;14.03
4212;47-47-56.040N;069-41-54.240W;14.38
4213;47-47-56.040N;069-41-53.880W;14.98
4214;47-47-56.040N;069-41-53.520W;15.06
4215;47-47-56.040N;069-41-53.160W;15.17
4216;47-47-56.040N;069-41-52.800W;15.13
4217;47-47-56.040N;069-41-52.440W;15.02
4218;47-47-56.040N;069-41-52.080W;15.02
4219;47-47-56.040N;069-41-51.720W;15.03
4220;47-47-56.040N;069-41-51.360W;15.1
4221;47-47-56.040N;069-41-51.000W;14.96
4222;47-47-56.040N;069-41-50.640W;14.83
4223;47-47-56.040N;069-41-50.280W;14.88
4224;47-47-56.040N;069-41-49.920W;14.69
4225;47-47-56.040N;069-41-49.560W;14.65
4226;47-47-56.040N;069-41-49.200W;14.66
4227;47-47-56.040N;069-41-48.840W;14.76
4228;47-47-56.040N;069-41-48.480W;14.52
4229;47-47-56.040N;069-41-48.120W;14.5
4230;47-47-56.040N;069-41-47.760W;14.27
4231;47-47-56.040N;069-41-47.400W;14.43
4232;47-47-56.040N;069-41-47.040W;14.5
4233;47-47-56.040N;069-41-46.680W;14.62
4234;47-47-56.040N;069-41-46.320W;14.73
4235;47-47-56.040N;069-41-45.960W;15.35
4236;47-47-56.040N;069-41-45.600W;15.58
4237;47-47-56.040N;069-41-45.240W;15.8
4238;47-47-56.040N;069-41-44.880W;15.89
4239;47-47-56.040N;069-41-44.520W;16.22
4240;47-47-56.040N;069-41-44.160W;16.43
4241;47-47-56.040N;069-41-43.800W;16.63
4242;47-47-56.040N;069-41-43.440W;16.74
4243;47-47-56.040N;069-41-43.080W;17.06
4244;47-47-56.040N;069-41-42.720W;17.31
4245;47-47-56.040N;069-41-42.360W;17.48
4246;47-47-56.040N;069-41-42.000W;17.71
4247;47-47-56.040N;069-41-41.640W;17.82
4248;47-47-56.040N;069-41-41.280W;17.99
4249;47-47-56.040N;069-41-40.920W;18.24
4250;47-47-56.040N;069-41-40.560W;18.5
4251;47-47-56.040N;069-41-40.200W;18.48
4252;47-47-56.040N;069-41-39.840W;18.39
4253;47-47-55.951N;069-41-23.225W;16.15
4254;47-47-56.156N;069-41-18.822W;12.5
4255;47-47-56.212N;069-41-12.704W;11.58
4256;47-47-56.217N;069-40-03.075W;5.8
4257;47-47-56.027N;069-39-37.443W;6.1
4258;47-47-55.928N;069-39-15.064W;5.79
4259;47-47-56.400N;069-41-59.640W;13.17
4260;47-47-56.400N;069-41-59.280W;13.72
4261;47-47-56.400N;069-41-58.920W;14.18
4262;47-47-56.400N;069-41-58.560W;14.23
4263;47-47-56.400N;069-41-58.200W;14.43
4264;47-47-56.400N;069-41-57.840W;14.56
4265;47-47-56.400N;069-41-57.480W;14.46
4266;47-47-56.400N;069-41-57.120W;14.03
4267;47-47-56.400N;069-41-56.760W;14.11
4268;47-47-56.400N;069-41-56.400W;13.68
4269;47-47-56.400N;069-41-56.040W;13.69
4270;47-47-56.400N;069-41-55.680W;13.58
4271;47-47-56.400N;069-41-55.320W;13.57
4272;47-47-56.400N;069-41-54.960W;13.63
4273;47-47-56.400N;069-41-54.600W;13.93
4274;47-47-56.400N;069-41-54.240W;14.3
4275;47-47-56.400N;069-41-53.880W;14.66
4276;47-47-56.400N;069-41-53.520W;14.83
4277;47-47-56.400N;069-41-53.160W;14.85
4278;47-47-56.400N;069-41-52.800W;15.01
4279;47-47-56.400N;069-41-52.440W;14.97
4280;47-47-56.400N;069-41-52.080W;14.76
4281;47-47-56.400N;069-41-51.720W;14.73
4282;47-47-56.400N;069-41-51.360W;14.62
4283;47-47-56.400N;069-41-51.000W;14.76
4284;47-47-56.400N;069-41-50.640W;15.01
4285;47-47-56.400N;069-41-50.280W;15.17
4286;47-47-56.400N;069-41-49.920W;15.19
4287;47-47-56.400N;069-41-49.560W;15.17
4288;47-47-56.400N;069-41-49.200W;14.68
4289;47-47-56.400N;069-41-48.840W;14.55
4290;47-47-56.400N;069-41-48.480W;14.3
4291;47-47-56.400N;069-41-48.120W;14.21
4292;47-47-56.400N;069-41-47.760W;14.19
4293;47-47-56.400N;069-41-47.400W;14.26
4294;47-47-56.400N;069-41-47.040W;14.39
4295;47-47-56.400N;069-41-46.680W;14.52
4296;47-47-56.400N;069-41-46.320W;14.64
4297;47-47-56.400N;069-41-45.960W;15.22
4298;47-47-56.400N;069-41-45.600W;15.52
4299;47-47-56.400N;069-41-45.240W;15.8
4300;47-47-56.400N;069-41-44.880W;16.01
4301;47-47-56.400N;069-41-44.520W;16.26
4302;47-47-56.400N;069-41-44.160W;16.26
4303;47-47-56.400N;069-41-43.800W;16.36
4304;47-47-56.400N;069-41-43.440W;16.45
4305;47-47-56.400N;069-41-43.080W;16.69
4306;47-47-56.400N;069-41-42.720W;16.78
4307;47-47-56.400N;069-41-42.360W;17.27
4308;47-47-56.400N;069-41-42.000W;17.47
4309;47-47-56.400N;069-41-41.640W;17.68
4310;47-47-56.400N;069-41-41.280W;17.78
4311;47-47-56.400N;069-41-40.920W;18.0
4312;47-47-56.400N;069-41-40.560W;18.08
4313;47-47-56.400N;069-41-40.200W;18.04
4314;47-47-56.400N;069-41-39.840W;18.0
4315;47-47-56.400N;069-41-39.480W;17.85
4316;47-47-56.382N;069-40-21.890W;5.2
4317;47-47-56.331N;069-40-08.939W;6.4
4318;47-47-56.760N;069-41-59.640W;13.2
4319;47-47-56.760N;069-41-59.280W;13.64
4320;47-47-56.760N;069-41-58.920W;14.55
4321;47-47-56.760N;069-41-58.560W;14.79
4322;47-47-56.760N;069-41-58.200W;14.98
4323;47-47-56.760N;069-41-57.840W;15.03
4324;47-47-56.760N;069-41-57.480W;14.67
4325;47-47-56.760N;069-41-57.120W;14.61
4326;47-47-56.760N;069-41-56.760W;14.75
4327;47-47-56.760N;069-41-56.400W;14.4
4328;47-47-56.760N;069-41-56.040W;13.74
4329;47-47-56.760N;069-41-55.680W;13.52
4330;47-47-56.760N;069-41-55.320W;13.44
4331;47-47-56.760N;069-41-54.960W;13.49
4332;47-47-56.760N;069-41-54.600W;13.9
4333;47-47-56.760N;069-41-54.240W;14.36
4334;47-47-56.760N;069-41-53.880W;14.86
4335;47-47-56.760N;069-41-53.520W;14.49
4336;47-47-56.760N;069-41-53.160W;14.35
4337;47-47-56.760N;069-41-52.800W;14.46
4338;47-47-56.760N;069-41-52.440W;14.35
4339;47-47-56.760N;069-41-52.080W;14.57
4340;47-47-56.760N;069-41-51.720W;14.87
4341;47-47-56.760N;069-41-51.360W;14.49
4342;47-47-56.760N;069-41-51.000W;14.38
4343;47-47-56.760N;069-41-50.640W;14.37
4344;47-47-56.760N;069-41-50.280W;14.37
4345;47-47-56.760N;069-41-49.920W;14.07
4346;47-47-56.760N;069-41-49.560W;14.35
4347;47-47-56.760N;069-41-49.200W;14.56
4348;47-47-56.760N;069-41-48.840W;15.18
4349;47-47-56.760N;069-41-48.480W;14.89
4350;47-47-56.760N;069-41-48.120W;14.73
4351;47-47-56.760N;069-41-47.760W;14.44
4352;47-47-56.760N;069-41-47.400W;14.33
4353;47-47-56.760N;069-41-47.040W;14.38
4354;47-47-56.760N;069-41-46.680W;14.46
4355;47-47-56.760N;069-41-46.320W;14.6
4356;47-47-56.760N;069-41-45.960W;15.04
4357;47-47-56.760N;069-41-45.600W;15.33
4358;47-47-56.760N;069-41-45.240W;15.82
4359;47-47-56.760N;069-41-44.880W;15.8
4360;47-47-56.760N;069-41-44.520W;16.04
4361;47-47-56.760N;069-41-44.160W;16.03
4362;47-47-56.760N;069-41-43.800W;16.11
4363;47-47-56.760N;069-41-43.440W;16.14
4364;47-47-56.760N;069-41-43.080W;16.53
4365;47-47-56.760N;069-41-42.720W;16.68
4366;47-47-56.760N;069-41-42.360W;16.92
4367;47-47-56.760N;069-41-42.000W;17.16
4368;47-47-56.760N;069-41-41.640W;17.53
4369;47-47-56.760N;069-41-41.280W;17.77
4370;47-47-56.760N;069-41-40.920W;18.14
4371;47-47-56.760N;069-41-40.560W;18.14
4372;47-47-56.760N;069-41-40.200W;18.19
4373;47-47-56.760N;069-41-39.840W;17.91
4374;47-47-56.760N;069-41-39.480W;17.68
4375;47-47-56.760N;069-41-39.120W;17.86
4376;47-47-56.623N;069-41-30.276W;17.07
4377;47-47-56.915N;069-39-00.029W;5.18
4378;47-47-57.120N;069-41-59.640W;13.16
4379;47-47-57.120N;069-41-59.280W;13.71
4380;47-47-57.120N;069-41-58.920W;14.79
4381;47-47-57.120N;069-41-58.560W;14.81
4382;47-47-57.120N;069-41-58.200W;15.04
4383;47-47-57.120N;069-41-57.840W;14.76
4384;47-47-57.120N;069-41-57.480W;15.28
4385;47-47-57.120N;069-41-57.120W;15.21
4386;47-47-57.120N;069-41-56.760W;14.92
4387;47-47-57.120N;069-41-56.400W;14.4
4388;47-47-57.120N;069-41-56.040W;14.08
4389;47-47-57.120N;069-41-55.680W;13.62
4390;47-47-57.120N;069-41-55.320W;13.47
4391;47-47-57.120N;069-41-54.960W;13.47
4392;47-47-57.120N;069-41-54.600W;14.05
4393;47-47-57.120N;069-41-54.240W;14.5
4394;47-47-57.120N;069-41-53.880W;14.36
4395;47-47-57.120N;069-41-53.520W;14.26
4396;47-47-57.120N;069-41-53.160W;14.15
4397;47-47-57.120N;069-41-52.800W;14.38
4398;47-47-57.120N;069-41-52.440W;14.45
4399;47-47-57.120N;069-41-52.080W;14.56
4400;47-47-57.120N;069-41-51.720W;14.62
4401;47-47-57.120N;069-41-51.360W;14.47
4402;47-47-57.120N;069-41-51.000W;14.4
4403;47-47-57.120N;069-41-50.640W;13.97
4404;47-47-57.120N;069-41-50.280W;13.89
4405;47-47-57.120N;069-41-49.920W;13.75
4406;47-47-57.120N;069-41-49.560W;14.1
4407;47-47-57.120N;069-41-49.200W;14.27
4408;47-47-57.120N;069-41-48.840W;14.73
4409;47-47-57.120N;069-41-48.480W;14.93
4410;47-47-57.120N;069-41-48.120W;14.83
4411;47-47-57.120N;069-41-47.760W;14.81
4412;47-47-57.120N;069-41-47.400W;14.72
4413;47-47-57.120N;069-41-47.040W;14.57
4414;47-47-57.120N;069-41-46.680W;14.37
4415;47-47-57.120N;069-41-46.320W;14.57
4416;47-47-57.120N;069-41-45.960W;14.93
4417;47-47-57.120N;069-41-45.600W;15.15
4418;47-47-57.120N;069-41-45.240W;15.39
4419;47-47-57.120N;069-41-44.880W;15.61
4420;47-47-57.120N;069-41-44.520W;15.91
4421;47-47-57.120N;069-41-44.160W;15.92
4422;47-47-57.120N;069-41-43.800W;15.75
4423;47-47-57.120N;069-41-43.440W;16.0
4424;47-47-57.120N;069-41-43.080W;16.35
4425;47-47-57.120N;069-41-42.720W;16.45
4426;47-47-57.120N;069-41-42.360W;16.78
4427;47-47-57.120N;069-41-42.000W;16.93
4428;47-47-57.120N;069-41-41.640W;17.34
4429;47-47-57.120N;069-41-41.280W;17.55
4430;47-47-57.120N;069-41-40.920W;18.11
4431;47-47-57.120N;069-41-40.560W;18.1
4432;47-47-57.120N;069-41-40.200W;18.15
4433;47-47-57.120N;069-41-39.840W;18.1
4434;47-47-57.120N;069-41-39.480W;17.97
4435;47-47-57.120N;069-41-39.120W;18.08
4436;47-47-57.120N;069-41-38.760W;17.99
4437;47-47-57.011N;069-40-56.995W;9.14
4438;47-47-57.154N;069-40-41.281W;7.32
4439;47-47-57.115N;069-40-36.328W;6.4
4440;47-47-57.078N;069-40-31.254W;6.4
4441;47-47-56.969N;069-40-25.140W;5.5
4442;47-47-57.023N;069-40-18.970W;5.2
4443;47-47-57.041N;069-39-48.383W;6.1
4444;47-47-57.103N;069-39-21.732W;5.49
4445;47-47-57.237N;069-39-05.765W;5.49
4446;47-47-57.480N;069-41-59.640W;13.38
4447;47-47-57.480N;069-41-59.280W;14.2
4448;47-47-57.480N;069-41-58.920W;15.01
4449;47-47-57.480N;069-41-58.560W;15.85
4450;47-47-57.480N;069-41-58.200W;15.6
4451;47-47-57.480N;069-41-57.840W;15.23
4452;47-47-57.480N;069-41-57.480W;14.88
4453;47-47-57.480N;069-41-57.120W;14.36
4454;47-47-57.480N;069-41-56.760W;15.04
4455;47-47-57.480N;069-41-56.400W;14.18
4456;47-47-57.480N;069-41-56.040W;13.9
4457;47-47-57.480N;069-41-55.680W;13.48
4458;47-47-57.480N;069-41-55.320W;13.57
4459;47-47-57.480N;069-41-54.960W;13.53
4460;47-47-57.480N;069-41-54.600W;14.12
4461;47-47-57.480N;069-41-54.240W;14.48
4462;47-47-57.480N;069-41-53.880W;14.6
4463;47-47-57.480N;069-41-53.520W;14.52
4464;47-47-57.480N;069-41-53.160W;14.71
4465;47-47-57.480N;069-41-52.800W;14.77
4466;47-47-57.480N;069-41-52.440W;14.94
4467;47-47-57.480N;069-41-52.080W;15.01
4468;47-47-57.480N;069-41-51.720W;15.15
4469;47-47-57.480N;069-41-51.360W;14.92
4470;47-47-57.480N;069-41-51.000W;14.57
4471;47-47-57.480N;069-41-50.640W;14.11
4472;47-47-57.480N;069-41-50.280W;14.0
4473;47-47-57.480N;069-41-49.920W;14.26
4474;47-47-57.480N;069-41-49.560W;14.31
4475;47-47-57.480N;069-41-49.200W;14.43
4476;47-47-57.480N;069-41-48.840W;14.68
4477;47-47-57.480N;069-41-48.480W;15.02
4478;47-47-57.480N;069-41-48.120W;15.9
4479;47-47-57.480N;069-41-47.760W;15.2
4480;47-47-57.480N;069-41-47.400W;15.18
4481;47-47-57.480N;069-41-47.040W;14.69
4482;47-47-57.480N;069-41-46.680W;14.58
4483;47-47-57.480N;069-41-46.320W;14.58
4484;47-47-57.480N;069-41-45.960W;14.76
4485;47-47-57.480N;069-41-45.600W;14.73
4486;47-47-57.480N;069-41-45.240W;15.05
4487;47-47-57.480N;069-41-44.880W;15.26
4488;47-47-57.480N;069-41-44.520W;15.65
4489;47-47-57.480N;069-41-44.160W;15.67
4490;47-47-57.480N;069-41-43.800W;15.65
4491;47-47-57.480N;069-41-43.440W;15.74
4492;47-47-57.480N;069-41-43.080W;16.1
4493;47-47-57.480N;069-41-42.720W;16.37
4494;47-47-57.480N;069-41-42.360W;16.61
4495;47-47-57.480N;069-41-42.000W;16.83
4496;47-47-57.480N;069-41-41.640W;17.26
4497;47-47-57.480N;069-41-41.280W;17.43
4498;47-47-57.480N;069-41-40.920W;18.0
4499;47-47-57.480N;069-41-40.560W;18.52
4500;47-47-57.480N;069-41-40.200W;18.21
4501;47-47-57.480N;069-41-39.840W;18.18
4502;47-47-57.480N;069-41-39.480W;18.1
4503;47-47-57.480N;069-41-39.120W;18.03
4504;47-47-57.480N;069-41-38.760W;18.16
4505;47-47-57.480N;069-41-38.400W;17.92
4506;47-47-57.511N;069-41-36.170W;17.07
4507;47-47-57.488N;069-41-03.244W;10.36
4508;47-47-57.408N;069-39-53.516W;6.1
4509;47-47-57.405N;069-39-44.242W;6.4
4510;47-47-57.840N;069-41-59.640W;13.69
4511;47-47-57.840N;069-41-59.280W;14.73
4512;47-47-57.840N;069-41-58.920W;15.31
4513;47-47-57.840N;069-41-58.560W;15.45
4514;47-47-57.840N;069-41-58.200W;15.45
4515;47-47-57.840N;069-41-57.840W;15.01
4516;47-47-57.840N;069-41-57.480W;14.91
4517;47-47-57.840N;069-41-57.120W;15.33
4518;47-47-57.840N;069-41-56.760W;14.93
4519;47-47-57.840N;069-41-56.400W;14.12
4520;47-47-57.840N;069-41-56.040W;14.09
4521;47-47-57.840N;069-41-55.680W;13.6
4522;47-47-57.840N;069-41-55.320W;14.05
4523;47-47-57.840N;069-41-54.960W;14.16
4524;47-47-57.840N;069-41-54.600W;14.23
4525;47-47-57.840N;069-41-54.240W;14.33
4526;47-47-57.840N;069-41-53.880W;14.42
4527;47-47-57.840N;069-41-53.520W;14.23
4528;47-47-57.840N;069-41-53.160W;14.4
4529;47-47-57.840N;069-41-52.800W;14.5
4530;47-47-57.840N;069-41-52.440W;14.71
4531;47-47-57.840N;069-41-52.080W;15.04
4532;47-47-57.840N;069-41-51.720W;15.1
4533;47-47-57.840N;069-41-51.360W;14.81
4534;47-47-57.840N;069-41-51.000W;14.85
4535;47-47-57.840N;069-41-50.640W;14.58
4536;47-47-57.840N;069-41-50.280W;14.47
4537;47-47-57.840N;069-41-49.920W;14.56
4538;47-47-57.840N;069-41-49.560W;14.64
4539;47-47-57.840N;069-41-49.200W;14.58
4540;47-47-57.840N;069-41-48.840W;14.66
4541;47-47-57.840N;069-41-48.480W;14.97
4542;47-47-57.840N;069-41-48.120W;15.82
4543;47-47-57.840N;069-41-47.760W;16.0
4544;47-47-57.840N;069-41-47.400W;15.95
4545;47-47-57.840N;069-41-47.040W;15.48
4546;47-47-57.840N;069-41-46.680W;15.06
4547;47-47-57.840N;069-41-46.320W;14.58
4548;47-47-57.840N;069-41-45.960W;14.74
4549;47-47-57.840N;069-41-45.600W;14.85
4550;47-47-57.840N;069-41-45.240W;15.06
4551;47-47-57.840N;069-41-44.880W;15.26
4552;47-47-57.840N;069-41-44.520W;15.39
4553;47-47-57.840N;069-41-44.160W;15.42
4554;47-47-57.840N;069-41-43.800W;15.62
4555;47-47-57.840N;069-41-43.440W;15.61
4556;47-47-57.840N;069-41-43.080W;16.01
4557;47-47-57.840N;069-41-42.720W;16.24
4558;47-47-57.840N;069-41-42.360W;16.5
4559;47-47-57.840N;069-41-42.000W;16.67
4560;47-47-57.840N;069-41-41.640W;17.12
4561;47-47-57.840N;069-41-41.280W;17.16
4562;47-47-57.840N;069-41-40.920W;17.43
4563;47-47-57.840N;069-41-40.560W;17.42
4564;47-47-57.840N;069-41-40.200W;17.39
4565;47-47-57.840N;069-41-39.840W;17.62
4566;47-47-57.840N;069-41-39.480W;18.03
4567;47-47-57.840N;069-41-39.120W;17.95
4568;47-47-57.840N;069-41-38.760W;17.99
4569;47-47-57.840N;069-41-38.400W;17.84
4570;47-47-57.840N;069-41-38.040W;18.04
4571;47-47-57.840N;069-41-37.680W;17.93
4572;47-47-57.906N;069-41-20.141W;13.72
4573;47-47-57.832N;069-40-15.566W;5.8
4574;47-47-57.837N;069-39-27.174W;5.79
4575;47-47-58.200N;069-41-59.640W;13.55
4576;47-47-58.200N;069-41-59.280W;14.15
4577;47-47-58.200N;069-41-58.920W;14.36
4578;47-47-58.200N;069-41-58.560W;14.28
4579;47-47-58.200N;069-41-58.200W;14.68
4580;47-47-58.200N;069-41-57.840W;14.81
4581;47-47-58.200N;069-41-57.480W;14.55
4582;47-47-58.200N;069-41-57.120W;14.54
4583;47-47-58.200N;069-41-56.760W;14.95
4584;47-47-58.200N;069-41-56.400W;14.29
4585;47-47-58.200N;069-41-56.040W;13.99
4586;47-47-58.200N;069-41-55.680W;14.4
4587;47-47-58.200N;069-41-55.320W;14.67
4588;47-47-58.200N;069-41-54.960W;14.69
4589;47-47-58.200N;069-41-54.600W;14.93
4590;47-47-58.200N;069-41-54.240W;14.38
4591;47-47-58.200N;069-41-53.880W;14.27
4592;47-47-58.200N;069-41-53.520W;13.99
4593;47-47-58.200N;069-41-53.160W;13.94
4594;47-47-58.200N;069-41-52.800W;13.98
4595;47-47-58.200N;069-41-52.440W;14.71
4596;47-47-58.200N;069-41-52.080W;14.77
4597;47-47-58.200N;069-41-51.720W;14.89
4598;47-47-58.200N;069-41-51.360W;14.86
4599;47-47-58.200N;069-41-51.000W;14.84
4600;47-47-58.200N;069-41-50.640W;14.6
4601;47-47-58.200N;069-41-50.280W;14.67
4602;47-47-58.200N;069-41-49.920W;14.84
4603;47-47-58.200N;069-41-49.560W;14.77
4604;47-47-58.200N;069-41-49.200W;14.77
4605;47-47-58.200N;069-41-48.840W;14.91
4606;47-47-58.200N;069-41-48.480W;15.05
4607;47-47-58.200N;069-41-48.120W;15.56
4608;47-47-58.200N;069-41-47.760W;15.82
4609;47-47-58.200N;069-41-47.400W;15.95
4610;47-47-58.200N;069-41-47.040W;15.7
4611;47-47-58.200N;069-41-46.680W;15.47
4612;47-47-58.200N;069-41-46.320W;15.09
4613;47-47-58.200N;069-41-45.960W;15.17
4614;47-47-58.200N;069-41-45.600W;15.06
4615;47-47-58.200N;069-41-45.240W;15.12
4616;47-47-58.200N;069-41-44.880W;15.15
4617;47-47-58.200N;069-41-44.520W;15.29
4618;47-47-58.200N;069-41-44.160W;15.44
4619;47-47-58.200N;069-41-43.800W;15.52
4620;47-47-58.200N;069-41-43.440W;15.57
4621;47-47-58.200N;069-41-43.080W;15.92
4622;47-47-58.200N;069-41-42.720W;16.1
4623;47-47-58.200N;069-41-42.360W;16.27
4624;47-47-58.200N;069-41-42.000W;16.49
4625;47-47-58.200N;069-41-41.640W;16.77
4626;47-47-58.200N;069-41-41.280W;16.97
4627;47-47-58.200N;069-41-40.920W;17.26
4628;47-47-58.200N;069-41-40.560W;17.27
4629;47-47-58.200N;069-41-40.200W;17.27
4630;47-47-58.200N;069-41-39.840W;17.31
4631;47-47-58.200N;069-41-39.480W;17.61
4632;47-47-58.200N;069-41-39.120W;17.68
4633;47-47-58.200N;069-41-38.760W;17.78
4634;47-47-58.200N;069-41-38.400W;17.77
4635;47-47-58.200N;069-41-38.040W;17.83
4636;47-47-58.200N;069-41-37.680W;17.69
4637;47-47-58.356N;069-40-53.413W;9.14
4638;47-47-58.041N;069-40-47.536W;7.62
4639;47-47-58.340N;069-39-35.599W;5.79
4640;47-47-58.179N;069-38-56.093W;4.88
4641;47-47-58.560N;069-41-59.640W;13.07
4642;47-47-58.560N;069-41-59.280W;13.34
4643;47-47-58.560N;069-41-58.920W;13.79
4644;47-47-58.560N;069-41-58.560W;13.92
4645;47-47-58.560N;069-41-58.200W;14.11
4646;47-47-58.560N;069-41-57.840W;13.65
4647;47-47-58.560N;069-41-57.480W;13.65
4648;47-47-58.560N;069-41-57.120W;14.2
4649;47-47-58.560N;069-41-56.760W;14.89
4650;47-47-58.560N;069-41-56.400W;14.72
4651;47-47-58.560N;069-41-56.040W;14.13
4652;47-47-58.560N;069-41-55.680W;14.34
4653;47-47-58.560N;069-41-55.320W;14.7
4654;47-47-58.560N;069-41-54.960W;14.95
4655;47-47-58.560N;069-41-54.600W;15.17
4656;47-47-58.560N;069-41-54.240W;14.63
4657;47-47-58.560N;069-41-53.880W;14.77
4658;47-47-58.560N;069-41-53.520W;14.13
4659;47-47-58.560N;069-41-53.160W;14.01
4660;47-47-58.560N;069-41-52.800W;14.08
4661;47-47-58.560N;069-41-52.440W;14.62
4662;47-47-58.560N;069-41-52.080W;14.73
4663;47-47-58.560N;069-41-51.720W;14.86
4664;47-47-58.560N;069-41-51.360W;14.84
4665;47-47-58.560N;069-41-51.000W;15.02
4666;47-47-58.560N;069-41-50.640W;14.57
4667;47-47-58.560N;069-41-50.280W;14.54
4668;47-47-58.560N;069-41-49.920W;14.4
4669;47-47-58.560N;069-41-49.560W;14.76
4670;47-47-58.560N;069-41-49.200W;14.88
4671;47-47-58.560N;069-41-48.840W;14.96
4672;47-47-58.560N;069-41-48.480W;15.09
4673;47-47-58.560N;069-41-48.120W;15.52
4674;47-47-58.560N;069-41-47.760W;15.57
4675;47-47-58.560N;069-41-47.400W;16.12
4676;47-47-58.560N;069-41-47.040W;16.22
4677;47-47-58.560N;069-41-46.680W;16.72
4678;47-47-58.560N;069-41-46.320W;16.4
4679;47-47-58.560N;069-41-45.960W;16.37
4680;47-47-58.560N;069-41-45.600W;15.87
4681;47-47-58.560N;069-41-45.240W;15.57
4682;47-47-58.560N;069-41-44.880W;15.13
4683;47-47-58.560N;069-41-44.520W;15.12
4684;47-47-58.560N;069-41-44.160W;15.06
4685;47-47-58.560N;069-41-43.800W;15.06
4686;47-47-58.560N;069-41-43.440W;15.34
4687;47-47-58.560N;069-41-43.080W;15.85
4688;47-47-58.560N;069-41-42.720W;16.05
4689;47-47-58.560N;069-41-42.360W;16.26
4690;47-47-58.560N;069-41-42.000W;16.35
4691;47-47-58.560N;069-41-41.640W;16.42
4692;47-47-58.560N;069-41-41.280W;16.59
4693;47-47-58.560N;069-41-40.920W;17.02
4694;47-47-58.560N;069-41-40.560W;17.23
4695;47-47-58.560N;069-41-40.200W;17.24
4696;47-47-58.560N;069-41-39.840W;17.28
4697;47-47-58.560N;069-41-39.480W;17.33
4698;47-47-58.560N;069-41-39.120W;17.39
4699;47-47-58.560N;069-41-38.760W;17.46
4700;47-47-58.560N;069-41-38.400W;17.55
4701;47-47-58.560N;069-41-38.040W;17.52
4702;47-47-58.560N;069-41-37.680W;17.34
4703;47-47-58.560N;069-41-37.320W;17.56
4704;47-47-58.560N;069-41-36.960W;17.42
4705;47-47-58.548N;069-41-26.029W;16.76
4706;47-47-58.402N;069-41-15.193W;11.28
4707;47-47-58.711N;069-40-04.164W;5.8
4708;47-47-58.920N;069-41-59.640W;13.11
4709;47-47-58.920N;069-41-59.280W;12.96
4710;47-47-58.920N;069-41-58.920W;13.12
4711;47-47-58.920N;069-41-58.560W;13.51
4712;47-47-58.920N;069-41-58.200W;13.39
4713;47-47-58.920N;069-41-57.840W;13.24
4714;47-47-58.920N;069-41-57.480W;13.32
4715;47-47-58.920N;069-41-57.120W;13.56
4716;47-47-58.920N;069-41-56.760W;13.8
4717;47-47-58.920N;069-41-56.400W;14.12
4718;47-47-58.920N;069-41-56.040W;13.98
4719;47-47-58.920N;069-41-55.680W;14.22
4720;47-47-58.920N;069-41-55.320W;14.21
4721;47-47-58.920N;069-41-54.960W;14.1
4722;47-47-58.920N;069-41-54.600W;14.96
4723;47-47-58.920N;069-41-54.240W;14.23
4724;47-47-58.920N;069-41-53.880W;14.69
4725;47-47-58.920N;069-41-53.520W;14.05
4726;47-47-58.920N;069-41-53.160W;14.06
4727;47-47-58.920N;069-41-52.800W;14.44
4728;47-47-58.920N;069-41-52.440W;14.95
4729;47-47-58.920N;069-41-52.080W;14.96
4730;47-47-58.920N;069-41-51.720W;14.82
4731;47-47-58.920N;069-41-51.360W;14.64
4732;47-47-58.920N;069-41-51.000W;14.64
4733;47-47-58.920N;069-41-50.640W;14.47
4734;47-47-58.920N;069-41-50.280W;14.55
4735;47-47-58.920N;069-41-49.920W;14.52
4736;47-47-58.920N;069-41-49.560W;14.74
4737;47-47-58.920N;069-41-49.200W;14.9
4738;47-47-58.920N;069-41-48.840W;15.07
4739;47-47-58.920N;069-41-48.480W;15.23
4740;47-47-58.920N;069-41-48.120W;15.73
4741;47-47-58.920N;069-41-47.760W;15.86
4742;47-47-58.920N;069-41-47.400W;16.3
4743;47-47-58.920N;069-41-47.040W;16.47
4744;47-47-58.920N;069-41-46.680W;16.77
4745;47-47-58.920N;069-41-46.320W;16.75
4746;47-47-58.920N;069-41-45.960W;16.75
4747;47-47-58.920N;069-41-45.600W;16.6
4748;47-47-58.920N;069-41-45.240W;16.37
4749;47-47-58.920N;069-41-44.880W;15.91
4750;47-47-58.920N;069-41-44.520W;15.58
4751;47-47-58.920N;069-41-44.160W;15.2
4752;47-47-58.920N;069-41-43.800W;15.13
4753;47-47-58.920N;069-41-43.440W;15.24
4754;47-47-58.920N;069-41-43.080W;15.63
4755;47-47-58.920N;069-41-42.720W;15.82
4756;47-47-58.920N;069-41-42.360W;16.15
4757;47-47-58.920N;069-41-42.000W;16.05
4758;47-47-58.920N;069-41-41.640W;16.16
4759;47-47-58.920N;069-41-41.280W;16.41
4760;47-47-58.920N;069-41-40.920W;16.77
4761;47-47-58.920N;069-41-40.560W;16.99
4762;47-47-58.920N;069-41-40.200W;17.11
4763;47-47-58.920N;069-41-39.840W;17.26
4764;47-47-58.920N;069-41-39.480W;17.28
4765;47-47-58.920N;069-41-39.120W;17.17
4766;47-47-58.920N;069-41-38.760W;17.3
4767;47-47-58.920N;069-41-38.400W;17.31
4768;47-47-58.920N;069-41-38.040W;17.17
4769;47-47-58.920N;069-41-37.680W;17.09
4770;47-47-58.920N;069-41-37.320W;17.09
4771;47-47-58.920N;069-41-36.960W;17.18
4772;47-47-58.986N;069-41-09.759W;11.28
4773;47-47-58.820N;069-40-00.931W;5.8
4774;47-47-58.999N;069-39-40.187W;6.1
4775;47-47-58.861N;069-39-17.684W;6.4
4776;47-47-58.906N;069-39-12.320W;5.79
4777;47-47-59.280N;069-41-59.640W;13.09
4778;47-47-59.280N;069-41-59.280W;12.99
4779;47-47-59.280N;069-41-58.920W;13.0
4780;47-47-59.280N;069-41-58.560W;13.0
4781;47-47-59.280N;069-41-58.200W;13.14
4782;47-47-59.280N;069-41-57.840W;13.27
4783;47-47-59.280N;069-41-57.480W;13.22
4784;47-47-59.280N;069-41-57.120W;13.12
4785;47-47-59.280N;069-41-56.760W;14.14
4786;47-47-59.280N;069-41-56.400W;13.78
4787;47-47-59.280N;069-41-56.040W;13.78
4788;47-47-59.280N;069-41-55.680W;13.92
4789;47-47-59.280N;069-41-55.320W;14.03
4790;47-47-59.280N;069-41-54.960W;13.96
4791;47-47-59.280N;069-41-54.600W;14.02
4792;47-47-59.280N;069-41-54.240W;14.03
4793;47-47-59.280N;069-41-53.880W;14.2
4794;47-47-59.280N;069-41-53.520W;14.14
4795;47-47-59.280N;069-41-53.160W;14.5
4796;47-47-59.280N;069-41-52.800W;14.87
4797;47-47-59.280N;069-41-52.440W;15.13
4798;47-47-59.280N;069-41-52.080W;15.38
4799;47-47-59.280N;069-41-51.720W;15.29
4800;47-47-59.280N;069-41-51.360W;14.72
4801;47-47-59.280N;069-41-51.000W;14.74
4802;47-47-59.280N;069-41-50.640W;14.63
4803;47-47-59.280N;069-41-50.280W;14.47
4804;47-47-59.280N;069-41-49.920W;14.68
4805;47-47-59.280N;069-41-49.560W;14.81
4806;47-47-59.280N;069-41-49.200W;14.78
4807;47-47-59.280N;069-41-48.840W;14.95
4808;47-47-59.280N;069-41-48.480W;15.08
4809;47-47-59.280N;069-41-48.120W;15.79
4810;47-47-59.280N;069-41-47.760W;15.86
4811;47-47-59.280N;069-41-47.400W;16.21
4812;47-47-59.280N;069-41-47.040W;16.29
4813;47-47-59.280N;069-41-46.680W;16.5
4814;47-47-59.280N;069-41-46.320W;16.85
4815;47-47-59.280N;069-41-45.960W;16.77
4816;47-47-59.280N;069-41-45.600W;16.75
4817;47-47-59.280N;069-41-45.240W;16.53
4818;47-47-59.280N;069-41-44.880W;16.12
4819;47-47-59.280N;069-41-44.520W;16.09
4820;47-47-59.280N;069-41-44.160W;15.78
4821;47-47-59.280N;069-41-43.800W;15.63
4822;47-47-59.280N;069-41-43.440W;15.51
4823;47-47-59.280N;069-41-43.080W;15.55
4824;47-47-59.280N;069-41-42.720W;15.64
4825;47-47-59.280N;069-41-42.360W;15.94
4826;47-47-59.280N;069-41-42.000W;15.88
4827;47-47-59.280N;069-41-41.640W;16.12
4828;47-47-59.280N;069-41-41.280W;16.2
4829;47-47-59.280N;069-41-40.920W;16.63
4830;47-47-59.280N;069-41-40.560W;16.78
4831;47-47-59.280N;069-41-40.200W;16.94
4832;47-47-59.280N;069-41-39.840W;16.68
4833;47-47-59.280N;069-41-39.480W;16.79
4834;47-47-59.280N;069-41-39.120W;16.65
4835;47-47-59.280N;069-41-38.760W;16.62
4836;47-47-59.280N;069-41-38.400W;16.53
4837;47-47-59.280N;069-41-38.040W;16.57
4838;47-47-59.280N;069-41-37.680W;16.62
4839;47-47-59.280N;069-41-37.320W;16.73
4840;47-47-59.280N;069-41-36.960W;16.43
4841;47-47-59.280N;069-41-36.600W;16.42
4842;47-47-59.280N;069-41-36.240W;16.29
4843;47-47-59.304N;069-40-11.382W;6.1
4844;47-47-59.318N;069-39-50.810W;5.79
4845;47-47-59.640N;069-41-59.640W;13.08
4846;47-47-59.640N;069-41-59.280W;13.05
4847;47-47-59.640N;069-41-58.920W;13.08
4848;47-47-59.640N;069-41-58.560W;12.99
4849;47-47-59.640N;069-41-58.200W;13.08
4850;47-47-59.640N;069-41-57.840W;13.1
4851;47-47-59.640N;069-41-57.480W;13.17
4852;47-47-59.640N;069-41-57.120W;13.08
4853;47-47-59.640N;069-41-56.760W;13.43
4854;47-47-59.640N;069-41-56.400W;13.54
4855;47-47-59.640N;069-41-56.040W;13.77
4856;47-47-59.640N;069-41-55.680W;13.83
4857;47-47-59.640N;069-41-55.320W;13.84
4858;47-47-59.640N;069-41-54.960W;13.84
4859;47-47-59.640N;069-41-54.600W;13.76
4860;47-47-59.640N;069-41-54.240W;13.84
4861;47-47-59.640N;069-41-53.880W;13.96
4862;47-47-59.640N;069-41-53.520W;14.08
4863;47-47-59.640N;069-41-53.160W;14.71
4864;47-47-59.640N;069-41-52.800W;14.91
4865;47-47-59.640N;069-41-52.440W;15.44
4866;47-47-59.640N;069-41-52.080W;15.47
4867;47-47-59.640N;069-41-51.720W;15.39
4868;47-47-59.640N;069-41-51.360W;15.04
4869;47-47-59.640N;069-41-51.000W;15.01
4870;47-47-59.640N;069-41-50.640W;14.66
4871;47-47-59.640N;069-41-50.280W;14.53
4872;47-47-59.640N;069-41-49.920W;14.51
4873;47-47-59.640N;069-41-49.560W;15.15
4874;47-47-59.640N;069-41-49.200W;15.19
4875;47-47-59.640N;069-41-48.840W;15.15
4876;47-47-59.640N;069-41-48.480W;15.32
4877;47-47-59.640N;069-41-48.120W;15.97
4878;47-47-59.640N;069-41-47.760W;16.07
4879;47-47-59.640N;069-41-47.400W;16.43
4880;47-47-59.640N;069-41-47.040W;16.67
4881;47-47-59.640N;069-41-46.680W;16.51
4882;47-47-59.640N;069-41-46.320W;16.25
4883;47-47-59.640N;069-41-45.960W;16.51
4884;47-47-59.640N;069-41-45.600W;16.61
4885;47-47-59.640N;069-41-45.240W;16.46
4886;47-47-59.640N;069-41-44.880W;16.23
4887;47-47-59.640N;069-41-44.520W;16.25
4888;47-47-59.640N;069-41-44.160W;16.14
4889;47-47-59.640N;069-41-43.800W;16.08
4890;47-47-59.640N;069-41-43.440W;15.93
4891;47-47-59.640N;069-41-43.080W;15.87
4892;47-47-59.640N;069-41-42.720W;15.74
4893;47-47-59.640N;069-41-42.360W;15.87
4894;47-47-59.640N;069-41-42.000W;15.89
4895;47-47-59.640N;069-41-41.640W;15.97
4896;47-47-59.640N;069-41-41.280W;16.02
4897;47-47-59.640N;069-41-40.920W;16.17
4898;47-47-59.640N;069-41-40.560W;16.4
4899;47-47-59.640N;069-41-40.200W;16.5
4900;47-47-59.640N;069-41-39.840W;16.41
4901;47-47-59.640N;069-41-39.480W;16.44
4902;47-47-59.640N;069-41-39.120W;16.42
4903;47-47-59.640N;069-41-38.760W;16.5
4904;47-47-59.640N;069-41-38.400W;16.56
4905;47-47-59.640N;069-41-38.040W;16.39
4906;47-47-59.640N;069-41-37.680W;16.56
4907;47-47-59.640N;069-41-37.320W;16.61
4908;47-47-59.640N;069-41-36.960W;16.41
4909;47-47-59.640N;069-41-36.600W;16.33
4910;47-47-59.640N;069-41-36.240W;16.11
4911;47-47-59.640N;069-41-35.880W;15.98
4912;47-47-59.812N;069-41-00.108W;10.06
4913;47-47-59.775N;069-40-27.825W;6.4
4914;47-47-59.662N;069-40-22.079W;5.5
4915;47-47-59.554N;069-40-06.196W;5.5
4916;47-48-00.000N;069-41-59.640W;13.09
4917;47-48-00.000N;069-41-59.280W;13.07
4918;47-48-00.000N;069-41-58.920W;13.07
4919;47-48-00.000N;069-41-58.560W;12.99
4920;47-48-00.000N;069-41-58.200W;13.05
4921;47-48-00.000N;069-41-57.840W;13.11
4922;47-48-00.000N;069-41-57.480W;13.19
4923;47-48-00.000N;069-41-57.120W;13.27
4924;47-48-00.000N;069-41-56.760W;13.23
4925;47-48-00.000N;069-41-56.400W;13.37
4926;47-48-00.000N;069-41-56.040W;13.68
4927;47-48-00.000N;069-41-55.680W;13.58
4928;47-48-00.000N;069-41-55.320W;13.45
4929;47-48-00.000N;069-41-54.960W;13.54
4930;47-48-00.000N;069-41-54.600W;13.51
4931;47-48-00.000N;069-41-54.240W;13.73
4932;47-48-00.000N;069-41-53.880W;13.74
4933;47-48-00.000N;069-41-53.520W;14.19
4934;47-48-00.000N;069-41-53.160W;14.65
4935;47-48-00.000N;069-41-52.800W;14.98
4936;47-48-00.000N;069-41-52.440W;15.28
4937;47-48-00.000N;069-41-52.080W;15.26
4938;47-48-00.000N;069-41-51.720W;15.1
4939;47-48-00.000N;069-41-51.360W;14.85
4940;47-48-00.000N;069-41-51.000W;14.9
4941;47-48-00.000N;069-41-50.640W;14.75
4942;47-48-00.000N;069-41-50.280W;14.61
4943;47-48-00.000N;069-41-49.920W;14.49
4944;47-48-00.000N;069-41-49.560W;15.1
4945;47-48-00.000N;069-41-49.200W;15.38
4946;47-48-00.000N;069-41-48.840W;15.59
4947;47-48-00.000N;069-41-48.480W;15.78
4948;47-48-00.000N;069-41-48.120W;15.95
4949;47-48-00.000N;069-41-47.760W;16.23
4950;47-48-00.000N;069-41-47.400W;16.65
4951;47-48-00.000N;069-41-47.040W;16.71
4952;47-48-00.000N;069-41-46.680W;16.77
4953;47-48-00.000N;069-41-46.320W;16.32
4954;47-48-00.000N;069-41-45.960W;16.5
4955;47-48-00.000N;069-41-45.600W;16.43
4956;47-48-00.000N;069-41-45.240W;16.5
4957;47-48-00.000N;069-41-44.880W;16.34
4958;47-48-00.000N;069-41-44.520W;16.58
4959;47-48-00.000N;069-41-44.160W;16.69
4960;47-48-00.000N;069-41-43.800W;16.64
4961;47-48-00.000N;069-41-43.440W;16.62
4962;47-48-00.000N;069-41-43.080W;16.86
4963;47-48-00.000N;069-41-42.720W;16.87
4964;47-48-00.000N;069-41-42.360W;16.77
4965;47-48-00.000N;069-41-42.000W;16.4
4966;47-48-00.000N;069-41-41.640W;16.41
4967;47-48-00.000N;069-41-41.280W;16.25
4968;47-48-00.000N;069-41-40.920W;16.21
4969;47-48-00.000N;069-41-40.560W;16.14
4970;47-48-00.000N;069-41-40.200W;16.27
4971;47-48-00.000N;069-41-39.840W;16.34
4972;47-48-00.000N;069-41-39.480W;16.28
4973;47-48-00.000N;069-41-39.120W;16.12
4974;47-48-00.000N;069-41-38.760W;16.15
4975;47-48-00.000N;069-41-38.400W;16.27
4976;47-48-00.000N;069-41-38.040W;16.28
4977;47-48-00.000N;069-41-37.680W;16.65
4978;47-48-00.000N;069-41-37.320W;16.63
4979;47-48-00.000N;069-41-36.960W;16.84
4980;47-48-00.000N;069-41-36.600W;16.52
4981;47-48-00.000N;069-41-36.240W;16.43
4982;47-48-00.000N;069-41-35.880W;16.0
4983;47-48-00.000N;069-41-35.520W;16.16
4984;47-48-00.122N;069-41-33.037W;16.15
4985;47-48-00.127N;069-40-43.541W;8.23
4986;47-48-00.046N;069-40-34.247W;7.0
4987;47-48-00.075N;069-39-24.536W;5.79
4988;47-47-59.927N;069-39-03.014W;5.18
4989;47-45-04.161N;069-38-42.359W;0.61
4990;47-45-04.230N;069-38-24.451W;0.3
4991;47-45-04.333N;069-38-03.465W;0.0
4992;47-45-04.702N;069-38-31.831W;0.61
4993;47-45-05.210N;069-37-36.899W;-2.44
4994;47-45-05.358N;069-38-51.336W;0.91
4995;47-45-05.300N;069-38-19.354W;0.3
4996;47-45-05.264N;069-37-45.499W;-0.91
4997;47-45-06.037N;069-38-39.349W;0.3
4998;47-45-06.330N;069-38-00.880W;-0.3
4999;47-45-06.831N;069-38-47.405W;0.91
5000;47-45-06.668N;069-38-27.848W;0.3
5001;47-45-06.971N;069-38-16.157W;0.3
5002;47-45-06.710N;069-38-07.804W;0.3
5003;47-45-06.680N;069-37-53.573W;-0.3
5004;47-45-07.713N;069-38-35.543W;0.61
5005;47-45-08.014N;069-38-24.158W;0.61
5006;47-45-07.886N;069-37-41.887W;-0.91
5007;47-45-08.058N;069-37-35.791W;-2.13
5008;47-45-08.790N;069-38-44.213W;0.91
5009;47-45-08.882N;069-38-05.680W;0.0
5010;47-45-08.922N;069-37-51.113W;-0.3
5011;47-45-09.463N;069-38-32.836W;0.61
5012;47-45-09.380N;069-38-13.217W;0.3
5013;47-45-09.388N;069-37-59.290W;0.0
5014;47-45-09.829N;069-38-52.579W;0.91
5015;47-45-09.893N;069-38-20.782W;0.61
5016;47-45-10.110N;069-37-46.806W;-0.3
5017;47-45-10.991N;069-38-41.758W;1.22
5018;47-45-11.021N;069-37-40.968W;-0.61
5019;47-45-11.189N;069-37-35.481W;-1.22
5020;47-45-11.543N;069-38-49.200W;0.91
5021;47-45-11.382N;069-38-29.460W;0.91
5022;47-45-11.646N;069-38-09.629W;0.0
5023;47-45-11.714N;069-37-56.833W;0.0
5024;47-45-12.100N;069-38-17.473W;0.61
5025;47-45-12.207N;069-38-04.375W;0.3
5026;47-45-12.908N;069-38-38.687W;1.22
5027;47-45-13.220N;069-38-26.023W;0.61
5028;47-45-13.238N;069-37-51.740W;0.0
5029;47-45-13.856N;069-38-13.911W;0.3
5030;47-45-13.531N;069-37-46.136W;-0.3
5031;47-45-14.129N;069-38-54.487W;0.61
5032;47-45-13.865N;069-37-40.531W;-0.61
5033;47-45-14.127N;069-37-33.582W;-0.91
5034;47-45-14.927N;069-38-47.741W;0.91
5035;47-45-14.873N;069-38-34.826W;1.22
5036;47-45-14.978N;069-38-22.401W;0.61
5037;47-45-15.252N;069-38-16.091W;0.0
5038;47-45-15.327N;069-38-10.039W;0.3
5039;47-45-15.988N;069-37-57.581W;0.0
5040;47-45-16.074N;069-38-53.063W;0.61
5041;47-45-16.039N;069-37-51.426W;0.0
5042;47-45-16.684N;069-38-44.241W;0.91
5043;47-45-16.551N;069-38-30.959W;0.91
5044;47-45-16.729N;069-37-37.472W;-0.3
5045;47-45-16.412N;069-37-30.877W;-0.91
5046;47-45-16.743N;069-38-17.926W;0.61
5047;47-45-16.954N;069-37-45.344W;-0.3
5048;47-45-17.408N;069-38-07.093W;0.3
5049;47-45-18.399N;069-38-40.923W;1.22
5050;47-45-18.348N;069-38-27.582W;0.91
5051;47-45-18.737N;069-38-54.087W;0.91
5052;47-45-18.860N;069-38-15.468W;0.3
5053;47-45-18.883N;069-38-02.673W;0.3
5054;47-45-18.595N;069-37-55.861W;0.0
5055;47-45-18.964N;069-37-36.048W;-0.61
5056;47-45-19.584N;069-37-50.758W;0.0
5057;47-45-19.432N;069-37-29.039W;-0.91
5058;47-45-19.796N;069-38-36.259W;0.91
5059;47-45-20.290N;069-38-50.461W;0.91
5060;47-45-20.269N;069-38-24.085W;0.91
5061;47-45-20.143N;069-37-42.962W;-0.3
5062;47-45-20.577N;069-38-11.845W;0.3
5063;47-45-21.080N;069-38-00.642W;0.3
5064;47-45-21.148N;069-37-25.408W;-0.61
5065;47-45-21.767N;069-38-46.103W;0.91
5066;47-45-21.553N;069-38-32.698W;1.22
5067;47-45-21.659N;069-38-20.212W;0.91
5068;47-45-21.746N;069-37-33.108W;-0.3
5069;47-45-21.916N;069-38-38.309W;0.91
5070;47-45-22.107N;069-37-55.786W;0.3
5071;47-45-22.451N;069-38-08.956W;0.3
5072;47-45-22.278N;069-37-48.550W;0.0
5073;47-45-22.219N;069-37-40.804W;-0.3
5074;47-45-23.157N;069-38-42.353W;0.61
5075;47-45-23.534N;069-38-17.262W;0.61
5076;47-45-23.905N;069-38-55.707W;0.91
5077;47-45-23.593N;069-38-29.813W;1.22
5078;47-45-23.838N;069-37-23.625W;-0.61
5079;47-45-24.024N;069-37-31.379W;0.0
5080;47-45-24.548N;069-38-38.359W;0.91
5081;47-45-24.334N;069-38-05.153W;0.61
5082;47-45-24.766N;069-38-51.216W;0.91
5083;47-45-24.739N;069-38-25.692W;1.22
5084;47-45-24.759N;069-38-13.386W;0.61
5085;47-45-25.157N;069-37-53.907W;0.0
5086;47-45-25.095N;069-37-46.528W;0.0
5087;47-45-25.029N;069-37-39.451W;-0.3
5088;47-45-25.232N;069-37-19.010W;-2.44
5089;47-45-25.444N;069-38-44.163W;0.91
5090;47-45-25.392N;069-38-01.516W;0.3
5091;47-45-26.069N;069-38-48.073W;0.61
5092;47-45-26.020N;069-38-34.610W;1.22
5093;47-45-26.294N;069-38-21.701W;0.91
5094;47-45-26.642N;069-38-09.644W;0.61
5095;47-45-27.122N;069-37-36.066W;0.3
5096;47-45-27.022N;069-37-21.790W;-0.3
5097;47-45-27.475N;069-38-42.434W;0.61
5098;47-45-27.209N;069-37-29.423W;-0.3
5099;47-45-27.825N;069-38-30.380W;1.22
5100;47-45-27.681N;069-38-18.194W;0.91
5101;47-45-27.755N;069-37-59.367W;0.3
5102;47-45-27.810N;069-37-51.760W;0.0
5103;47-45-27.709N;069-37-44.075W;0.0
5104;47-45-27.554N;069-37-16.915W;-1.52
5105;47-45-28.782N;069-38-38.743W;0.91
5106;47-45-28.812N;069-38-25.525W;0.91
5107;47-45-28.638N;069-38-07.062W;0.61
5108;47-45-29.524N;069-38-52.767W;1.22
5109;47-45-29.608N;069-38-14.087W;0.91
5110;47-45-29.664N;069-37-20.982W;-0.3
5111;47-45-29.920N;069-37-41.180W;0.3
5112;47-45-30.147N;069-38-47.418W;0.61
5113;47-45-30.259N;069-38-34.446W;1.22
5114;47-45-30.322N;069-37-57.343W;0.3
5115;47-45-30.266N;069-37-28.135W;-0.3
5116;47-45-30.644N;069-38-22.940W;0.91
5117;47-45-30.545N;069-37-49.615W;0.0
5118;47-45-30.456N;069-37-14.402W;-1.83
5119;47-45-31.696N;069-38-29.843W;1.22
5120;47-45-31.534N;069-38-05.105W;0.91
5121;47-45-31.907N;069-38-43.674W;0.91
5122;47-45-32.175N;069-38-12.125W;0.91
5123;47-45-32.282N;069-38-18.950W;1.22
5124;47-45-32.397N;069-37-19.016W;-0.61
5125;47-45-32.669N;069-37-47.268W;0.61
5126;47-45-32.609N;069-37-39.462W;0.3
5127;47-45-32.656N;069-37-33.121W;0.0
5128;47-45-32.753N;069-37-26.104W;0.0
5129;47-45-32.607N;069-37-13.097W;-1.22
5130;47-45-33.185N;069-38-52.835W;1.22
5131;47-45-32.977N;069-37-54.772W;0.3
5132;47-45-33.616N;069-38-41.087W;0.61
5133;47-45-33.493N;069-38-36.273W;1.22
5134;47-45-33.896N;069-38-27.631W;0.91
5135;47-45-34.341N;069-38-47.618W;1.22
5136;47-45-34.298N;069-38-33.547W;0.91
5137;47-45-34.146N;069-38-02.595W;0.3
5138;47-45-34.684N;069-37-16.065W;-0.3
5139;47-45-34.826N;069-38-10.042W;0.91
5140;47-45-34.997N;069-37-23.458W;0.0
5141;47-45-35.367N;069-38-24.003W;1.22
5142;47-45-35.254N;069-38-17.849W;1.22
5143;47-45-35.278N;069-37-45.244W;0.3
5144;47-45-35.171N;069-37-37.803W;0.0
5145;47-45-35.222N;069-37-31.519W;0.0
5146;47-45-35.748N;069-37-11.565W;-0.91
5147;47-45-35.986N;069-38-43.020W;1.22
5148;47-45-35.886N;069-37-51.413W;0.61
5149;47-45-36.803N;069-38-38.832W;1.22
5150;47-45-36.675N;069-38-00.449W;0.3
5151;47-45-37.155N;069-38-55.224W;1.83
5152;47-45-36.982N;069-38-08.072W;0.3
5153;47-45-37.350N;069-38-32.690W;0.91
5154;47-45-37.424N;069-37-28.873W;0.0
5155;47-45-37.281N;069-37-20.873W;0.0
5156;47-45-37.742N;069-38-15.519W;0.91
5157;47-45-37.924N;069-37-43.830W;0.3
5158;47-45-38.044N;069-38-52.316W;1.83
5159;47-45-38.046N;069-38-28.317W;1.22
5160;47-45-38.091N;069-38-22.958W;0.91
5161;47-45-38.247N;069-37-49.567W;0.61
5162;47-45-38.024N;069-37-36.575W;0.3
5163;47-45-38.319N;069-37-09.228W;-0.61
5164;47-45-38.824N;069-38-47.823W;1.83
5165;47-45-39.236N;069-38-43.080W;1.22
5166;47-45-39.124N;069-37-57.874W;0.61
5167;47-45-39.514N;069-38-05.499W;0.61
5168;47-45-39.424N;069-37-25.918W;0.0
5169;47-45-39.650N;069-37-18.168W;0.0
5170;47-45-39.984N;069-38-13.186W;0.91
5171;47-45-40.105N;069-37-33.869W;0.3
5172;47-45-40.349N;069-38-38.045W;1.22
5173;47-45-40.455N;069-37-41.316W;0.3
5174;47-45-40.605N;069-38-32.263W;1.52
5175;47-45-41.031N;069-38-20.820W;0.91
5176;47-45-41.099N;069-37-48.035W;0.61
5177;47-45-41.004N;069-37-08.177W;-0.91
5178;47-45-41.871N;069-38-28.510W;1.22
5179;47-45-41.917N;069-38-03.534W;0.91
5180;47-45-41.817N;069-37-55.852W;0.61
5181;47-45-41.687N;069-37-15.640W;0.0
5182;47-45-41.955N;069-38-52.145W;1.83
5183;47-45-42.027N;069-37-30.428W;0.3
5184;47-45-42.237N;069-37-24.319W;0.0
5185;47-45-42.472N;069-38-10.977W;0.91
5186;47-45-42.897N;069-38-48.020W;1.83
5187;47-45-43.237N;069-38-41.997W;1.52
5188;47-45-43.362N;069-38-37.005W;1.52
5189;47-45-43.233N;069-38-18.363W;0.91
5190;47-45-43.103N;069-37-39.658W;0.61
5191;47-45-43.551N;069-37-45.215W;0.61
5192;47-45-43.685N;069-37-12.927W;-0.3
5193;47-45-43.748N;069-38-01.191W;0.91
5194;47-45-44.100N;069-37-53.517W;0.3
5195;47-45-44.364N;069-38-25.816W;0.91
5196;47-45-44.190N;069-37-06.156W;-0.91
5197;47-45-44.632N;069-38-08.702W;1.22
5198;47-45-44.819N;069-37-21.389W;0.3
5199;47-45-44.911N;069-38-33.988W;0.91
5200;47-45-45.394N;069-38-15.906W;0.91
5201;47-45-45.202N;069-37-29.877W;0.3
5202;47-45-45.781N;069-38-52.337W;1.83
5203;47-45-45.799N;069-37-37.329W;0.3
5204;47-45-46.081N;069-38-46.312W;1.52
5205;47-45-46.204N;069-38-22.317W;0.91
5206;47-45-46.154N;069-37-44.167W;0.61
5207;47-45-46.121N;069-37-17.427W;0.0
5208;47-45-46.538N;069-38-41.083W;1.52
5209;47-45-46.553N;069-37-50.636W;0.91
5210;47-45-46.666N;069-37-10.781W;-0.3
5211;47-45-47.175N;069-37-03.460W;-1.83
5212;47-45-47.526N;069-38-31.539W;1.52
5213;47-45-47.673N;069-38-14.181W;1.22
5214;47-45-47.413N;069-38-05.890W;1.52
5215;47-45-47.362N;069-37-57.235W;0.91
5216;47-45-47.535N;069-37-26.564W;0.3
5217;47-45-48.415N;069-37-34.693W;0.61
5218;47-45-48.492N;069-38-38.804W;1.52
5219;47-45-48.653N;069-38-20.047W;0.91
5220;47-45-48.667N;069-37-48.847W;0.91
5221;47-45-48.481N;069-37-41.587W;0.61
5222;47-45-48.433N;069-37-21.925W;0.0
5223;47-45-49.096N;069-37-16.014W;0.0
5224;47-45-49.694N;069-38-52.104W;1.83
5225;47-45-49.741N;069-38-46.745W;1.83
5226;47-45-49.612N;069-38-28.288W;1.22
5227;47-45-49.689N;069-37-08.635W;-0.3
5228;47-45-49.697N;069-37-02.222W;-0.91
5229;47-45-50.109N;069-38-03.502W;0.91
5230;47-45-50.006N;069-37-31.490W;0.61
5231;47-45-50.329N;069-38-35.792W;1.52
5232;47-45-50.408N;069-37-57.291W;1.22
5233;47-45-50.913N;069-38-10.707W;1.22
5234;47-45-50.927N;069-37-39.619W;0.61
5235;47-45-50.867N;069-37-27.053W;0.3
5236;47-45-51.099N;069-38-17.960W;1.52
5237;47-45-51.287N;069-37-20.144W;0.0
5238;47-45-51.365N;069-37-46.274W;1.22
5239;47-45-51.734N;069-38-25.586W;0.91
5240;47-45-51.712N;069-37-54.023W;1.52
5241;47-45-51.960N;069-37-34.074W;0.0
5242;47-45-52.246N;069-37-13.322W;-0.3
5243;47-45-52.378N;069-37-07.033W;-0.3
5244;47-45-52.704N;069-38-51.611W;1.83
5245;47-45-52.487N;069-38-33.822W;1.22
5246;47-45-52.672N;069-38-02.330W;1.52
5247;47-45-52.673N;069-37-00.808W;-0.91
5248;47-45-52.761N;069-38-45.034W;1.83
5249;47-45-53.235N;069-38-08.799W;0.91
5250;47-45-53.795N;069-38-15.694W;1.22
5251;47-45-53.773N;069-37-44.001W;0.91
5252;47-45-53.654N;069-37-38.510W;0.3
5253;47-45-53.464N;069-37-31.675W;0.3
5254;47-45-53.823N;069-38-41.338W;1.52
5255;47-45-53.968N;069-37-24.892W;0.0
5256;47-45-54.305N;069-38-23.501W;1.52
5257;47-45-54.327N;069-37-51.571W;1.22
5258;47-45-54.800N;069-37-59.016W;1.52
5259;47-45-54.804N;069-37-18.130W;0.0
5260;47-45-55.145N;069-38-31.191W;1.22
5261;47-45-55.023N;069-37-11.111W;-0.3
5262;47-45-55.574N;069-38-38.690W;1.52
5263;47-45-55.272N;069-37-05.497W;-0.61
5264;47-45-55.321N;069-36-59.205W;-0.91
5265;47-45-55.837N;069-38-55.810W;1.83
5266;47-45-55.682N;069-38-06.711W;1.22
5267;47-45-56.122N;069-38-13.177W;1.52
5268;47-45-56.285N;069-37-48.985W;0.91
5269;47-45-56.212N;069-37-42.947W;0.61
5270;47-45-56.271N;069-37-35.874W;0.61
5271;47-45-56.657N;069-38-51.562W;1.83
5272;47-45-56.514N;069-38-20.373W;1.22
5273;47-45-56.529N;069-37-29.596W;0.3
5274;47-45-56.964N;069-37-15.726W;0.0
5275;47-45-57.153N;069-38-46.636W;1.83
5276;47-45-57.305N;069-38-28.915W;1.52
5277;47-45-57.412N;069-37-56.869W;1.22
5278;47-45-57.151N;069-37-23.361W;0.0
5279;47-45-57.343N;069-37-09.381W;-0.3
5280;47-45-57.606N;069-38-03.151W;1.52
5281;47-45-57.795N;069-37-04.198W;-0.61
5282;47-45-58.193N;069-38-35.936W;1.52
5283;47-45-58.173N;069-36-57.789W;-0.61
5284;47-45-58.853N;069-38-11.581W;1.52
5285;47-45-58.806N;069-37-47.872W;0.91
5286;47-45-58.703N;069-37-40.553W;0.3
5287;47-45-58.591N;069-37-34.147W;0.61
5288;47-45-59.072N;069-38-43.748W;1.83
5289;47-45-58.970N;069-37-52.814W;1.22
5290;47-45-58.983N;069-37-26.712W;0.61
5291;47-45-59.477N;069-38-25.482W;1.22
5292;47-45-59.290N;069-38-18.352W;1.22
5293;47-45-59.403N;069-37-14.486W;-0.3
5294;47-45-59.603N;069-37-20.473W;0.0
5295;47-46-00.654N;069-38-51.268W;1.83
5296;47-46-00.721N;069-38-34.094W;1.83
5297;47-46-00.707N;069-38-01.804W;1.22
5298;47-46-00.714N;069-37-10.113W;0.0
5299;47-46-01.081N;069-38-40.069W;1.52
5300;47-46-01.108N;069-38-07.966W;1.52
5301;47-46-01.359N;069-37-57.733W;1.22
5302;47-46-01.282N;069-36-55.218W;-0.3
5303;47-46-01.580N;069-38-15.469W;1.52
5304;47-46-01.707N;069-37-45.729W;1.22
5305;47-46-01.725N;069-37-38.656W;0.61
5306;47-46-01.411N;069-37-31.880W;0.3
5307;47-46-01.844N;069-38-23.150W;1.22
5308;47-46-01.776N;069-37-52.193W;1.22
5309;47-46-01.962N;069-37-24.996W;0.3
5310;47-46-02.408N;069-38-48.498W;1.83
5311;47-46-02.292N;069-37-18.872W;0.0
5312;47-46-02.650N;069-38-30.047W;1.52
5313;47-46-03.386N;069-37-00.142W;0.0
5314;47-46-03.629N;069-38-06.976W;1.83
5315;47-46-03.850N;069-37-15.816W;0.3
5316;47-46-04.226N;069-38-38.237W;1.83
5317;47-46-04.066N;069-38-13.747W;1.83
5318;47-46-04.130N;069-37-56.381W;1.22
5319;47-46-04.214N;069-37-36.566W;0.61
5320;47-46-03.944N;069-37-07.788W;0.0
5321;47-46-04.584N;069-38-44.579W;1.52
5322;47-46-04.544N;069-38-20.397W;1.52
5323;47-46-04.292N;069-38-01.503W;1.52
5324;47-46-04.512N;069-37-50.170W;1.22
5325;47-46-04.266N;069-37-30.284W;0.3
5326;47-46-04.407N;069-37-23.210W;0.3
5327;47-46-04.742N;069-37-42.430W;0.91
5328;47-46-05.105N;069-38-27.107W;1.52
5329;47-46-05.622N;069-38-53.003W;1.83
5330;47-46-05.543N;069-38-33.632W;1.52
5331;47-46-06.708N;069-38-17.754W;1.52
5332;47-46-06.438N;069-38-10.865W;1.52
5333;47-46-06.734N;069-37-20.811W;0.61
5334;47-46-06.868N;069-38-42.366W;2.13
5335;47-46-06.802N;069-37-47.224W;1.22
5336;47-46-06.978N;069-37-40.946W;1.22
5337;47-46-06.910N;069-37-34.297W;0.61
5338;47-46-06.847N;069-37-27.037W;0.3
5339;47-46-07.086N;069-37-13.128W;0.3
5340;47-46-06.799N;069-37-06.066W;0.0
5341;47-46-07.422N;069-38-49.746W;1.52
5342;47-46-07.364N;069-37-53.879W;1.52
5343;47-46-07.717N;069-38-25.022W;1.83
5344;47-46-07.791N;069-38-06.624W;1.52
5345;47-46-07.714N;069-38-01.199W;1.22
5346;47-46-07.908N;069-38-31.665W;1.52
5347;47-46-08.112N;069-36-45.501W;-0.61
5348;47-46-08.342N;069-38-38.555W;1.83
5349;47-46-09.249N;069-37-03.545W;0.0
5350;47-46-09.246N;069-36-42.771W;-0.61
5351;47-46-09.510N;069-38-46.434W;1.52
5352;47-46-09.341N;069-38-22.980W;1.83
5353;47-46-09.609N;069-38-15.735W;1.22
5354;47-46-09.374N;069-37-44.953W;0.91
5355;47-46-09.326N;069-37-31.107W;0.61
5356;47-46-09.654N;069-37-11.404W;0.3
5357;47-46-09.307N;069-36-56.154W;-0.3
5358;47-46-09.853N;069-37-51.729W;1.22
5359;47-46-09.714N;069-37-38.799W;1.22
5360;47-46-09.882N;069-37-18.670W;0.3
5361;47-46-10.162N;069-37-59.049W;1.22
5362;47-46-10.474N;069-38-54.003W;1.52
5363;47-46-10.522N;069-38-29.397W;1.83
5364;47-46-10.435N;069-38-05.696W;1.22
5365;47-46-10.557N;069-37-26.676W;0.3
5366;47-46-10.985N;069-38-42.562W;1.83
5367;47-46-11.078N;069-38-12.472W;1.22
5368;47-46-11.407N;069-38-36.661W;1.83
5369;47-46-11.225N;069-36-53.134W;0.0
5370;47-46-11.602N;069-37-49.504W;0.91
5371;47-46-11.812N;069-36-46.484W;-0.3
5372;47-46-11.923N;069-37-35.790W;0.91
5373;47-46-12.164N;069-37-16.637W;0.61
5374;47-46-12.231N;069-38-50.868W;1.52
5375;47-46-12.517N;069-38-27.301W;1.83
5376;47-46-12.412N;069-38-20.355W;1.83
5377;47-46-12.451N;069-37-56.286W;1.52
5378;47-46-12.241N;069-37-42.138W;1.22
5379;47-46-12.227N;069-37-09.008W;0.3
5380;47-46-12.210N;069-37-01.010W;0.3
5381;47-46-12.352N;069-36-40.627W;-0.61
5382;47-46-12.884N;069-38-03.547W;1.52
5383;47-46-12.915N;069-38-33.765W;2.13
5384;47-46-13.202N;069-38-09.828W;0.91
5385;47-46-13.009N;069-37-24.036W;0.61
5386;47-46-13.533N;069-36-37.103W;-0.61
5387;47-46-13.802N;069-37-32.712W;1.22
5388;47-46-14.290N;069-38-41.464W;1.83
5389;47-46-14.007N;069-38-16.850W;1.52
5390;47-46-14.156N;069-37-19.845W;0.3
5391;47-46-14.062N;069-36-58.987W;0.0
5392;47-46-13.995N;069-36-51.900W;0.0
5393;47-46-14.683N;069-38-48.476W;1.83
5394;47-46-14.368N;069-37-53.699W;0.91
5395;47-46-14.480N;069-37-40.288W;0.91
5396;47-46-14.997N;069-38-31.122W;2.13
5397;47-46-14.809N;069-38-24.235W;1.83
5398;47-46-15.005N;069-37-46.517W;0.91
5399;47-46-14.734N;069-37-14.607W;0.61
5400;47-46-15.038N;069-37-05.724W;0.0
5401;47-46-14.704N;069-36-45.375W;0.0
5402;47-46-15.324N;069-38-55.248W;1.22
5403;47-46-15.091N;069-38-00.783W;1.52
5404;47-46-15.677N;069-38-14.199W;1.22
5405;47-46-15.605N;069-38-08.166W;0.91
5406;47-46-15.883N;069-38-38.325W;2.13
5407;47-46-15.866N;069-37-22.317W;0.91
5408;47-46-16.419N;069-37-30.136W;0.91
5409;47-46-16.698N;069-36-43.333W;0.0
5410;47-46-16.517N;069-36-34.773W;-0.61
5411;47-46-17.055N;069-38-21.717W;1.83
5412;47-46-17.176N;069-37-38.080W;1.22
5413;47-46-16.877N;069-37-04.451W;0.61
5414;47-46-16.916N;069-36-57.450W;0.0
5415;47-46-17.093N;069-36-50.673W;0.0
5416;47-46-17.449N;069-38-28.608W;1.83
5417;47-46-17.432N;069-37-51.742W;0.91
5418;47-46-17.406N;069-37-10.321W;0.3
5419;47-46-17.650N;069-38-05.034W;1.22
5420;47-46-17.627N;069-37-58.025W;1.22
5421;47-46-17.738N;069-37-44.736W;0.91
5422;47-46-18.111N;069-38-52.070W;1.83
5423;47-46-17.948N;069-38-47.133W;1.83
5424;47-46-17.967N;069-38-35.378W;2.44
5425;47-46-17.985N;069-37-20.036W;0.91
5426;47-46-18.770N;069-38-42.702W;1.83
5427;47-46-18.816N;069-38-18.094W;1.52
5428;47-46-19.360N;069-37-28.115W;1.22
5429;47-46-19.374N;069-36-48.697W;0.0
5430;47-46-19.245N;069-36-33.661W;-0.61
5431;47-46-19.465N;069-38-14.389W;1.83
5432;47-46-19.460N;069-37-35.864W;1.22
5433;47-46-19.691N;069-37-02.792W;0.3
5434;47-46-19.691N;069-36-55.545W;0.0
5435;47-46-19.775N;069-38-26.274W;1.83
5436;47-46-20.092N;069-38-08.551W;1.52
5437;47-46-19.963N;069-37-14.945W;0.3
5438;47-46-20.008N;069-37-09.391W;0.3
5439;47-46-19.927N;069-36-41.191W;-0.3
5440;47-46-20.197N;069-37-56.059W;1.22
5441;47-46-20.375N;069-37-49.540W;1.22
5442;47-46-20.587N;069-38-32.501W;1.83
5443;47-46-20.605N;069-38-01.430W;0.91
5444;47-46-20.635N;069-37-43.142W;1.22
5445;47-46-20.966N;069-38-50.720W;1.52
5446;47-46-21.142N;069-38-39.820W;2.13
5447;47-46-21.274N;069-37-25.770W;1.52
5448;47-46-21.493N;069-36-30.706W;-0.91
5449;47-46-21.623N;069-38-22.226W;1.52
5450;47-46-21.941N;069-38-47.448W;1.83
5451;47-46-21.991N;069-37-33.591W;1.22
5452;47-46-22.023N;069-37-19.742W;0.61
5453;47-46-22.421N;069-38-30.098W;1.83
5454;47-46-22.368N;069-37-07.846W;0.61
5455;47-46-22.428N;069-37-00.642W;0.3
5456;47-46-22.463N;069-36-53.884W;0.0
5457;47-46-22.518N;069-36-46.921W;-0.3
5458;47-46-22.630N;069-37-40.983W;1.22
5459;47-46-22.826N;069-36-39.227W;-0.3
5460;47-46-23.042N;069-38-20.058W;1.83
5461;47-46-23.050N;069-37-59.646W;0.91
5462;47-46-23.474N;069-38-36.878W;1.83
5463;47-46-23.507N;069-38-13.791W;1.83
5464;47-46-23.486N;069-38-06.540W;1.22
5465;47-46-23.383N;069-37-54.348W;0.91
5466;47-46-23.463N;069-37-15.007W;0.91
5467;47-46-23.413N;069-36-27.623W;-1.52
5468;47-46-24.207N;069-37-49.365W;1.22
5469;47-46-24.108N;069-37-31.677W;0.91
5470;47-46-24.254N;069-37-23.993W;1.22
5471;47-46-24.549N;069-38-26.847W;1.83
5472;47-46-24.734N;069-37-05.690W;0.61
5473;47-46-24.997N;069-38-51.341W;1.83
5474;47-46-24.919N;069-37-38.096W;1.22
5475;47-46-25.045N;069-36-45.194W;0.0
5476;47-46-25.070N;069-36-36.884W;-0.3
5477;47-46-25.228N;069-38-34.108W;1.83
5478;47-46-25.487N;069-38-03.773W;1.22
5479;47-46-25.453N;069-37-13.395W;1.22
5480;47-46-25.180N;069-36-59.185W;0.0
5481;47-46-25.198N;069-36-51.796W;0.0
5482;47-46-25.728N;069-38-23.823W;2.13
5483;47-46-25.708N;069-36-23.874W;-0.61
5484;47-46-25.953N;069-38-40.882W;1.83
5485;47-46-25.943N;069-38-17.917W;1.83
5486;47-46-26.214N;069-38-10.306W;1.52
5487;47-46-25.936N;069-37-59.271W;0.91
5488;47-46-25.962N;069-37-46.409W;1.22
5489;47-46-26.181N;069-37-19.939W;1.52
5490;47-46-26.089N;069-36-33.052W;-0.3
5491;47-46-26.563N;069-37-28.671W;1.22
5492;47-46-26.521N;069-37-08.652W;0.3
5493;47-46-26.677N;069-38-47.595W;2.13
5494;47-46-26.920N;069-37-54.899W;1.22
5495;47-46-27.394N;069-38-31.284W;1.83
5496;47-46-27.531N;069-37-36.069W;0.91
5497;47-46-27.448N;069-37-03.928W;0.0
5498;47-46-27.395N;069-36-57.554W;0.3
5499;47-46-27.559N;069-36-50.127W;0.0
5500;47-46-27.723N;069-38-55.227W;1.83
5501;47-46-27.950N;069-38-38.481W;1.83
5502;47-46-27.734N;069-37-41.379W;0.91
5503;47-46-27.903N;069-36-43.168W;0.0
5504;47-46-27.943N;069-36-22.631W;-0.61
5505;47-46-28.374N;069-37-18.696W;1.52
5506;47-46-28.351N;069-37-11.554W;1.22
5507;47-46-28.064N;069-37-04.122W;0.0
5508;47-46-28.141N;069-36-28.810W;-0.3
5509;47-46-28.552N;069-38-21.132W;1.83
5510;47-46-28.459N;069-38-07.787W;1.52
5511;47-46-28.920N;069-38-45.442W;1.83
5512;47-46-29.096N;069-38-15.232W;1.52
5513;47-46-28.944N;069-38-03.957W;1.22
5514;47-46-29.039N;069-37-33.047W;0.91
5515;47-46-29.053N;069-37-26.275W;0.91
5516;47-46-28.963N;069-36-39.338W;0.0
5517;47-46-29.231N;069-38-52.391W;2.13
5518;47-46-29.127N;069-37-52.014W;1.22
5519;47-46-29.514N;069-38-29.008W;1.52
5520;47-46-29.544N;069-37-01.562W;0.3
5521;47-46-29.923N;069-38-34.192W;1.52
5522;47-46-30.010N;069-36-54.914W;0.3
5523;47-46-30.223N;069-37-58.921W;1.52
5524;47-46-30.537N;069-37-46.003W;1.22
5525;47-46-30.356N;069-37-08.110W;0.91
5526;47-46-30.720N;069-38-42.003W;1.83
5527;47-46-30.658N;069-37-41.371W;1.22
5528;47-46-30.783N;069-37-16.298W;1.22
5529;47-46-30.815N;069-36-34.421W;-0.3
5530;47-46-30.909N;069-36-27.761W;-0.3
5531;47-46-31.298N;069-38-13.018W;1.83
5532;47-46-31.340N;069-37-23.631W;0.91
5533;47-46-31.773N;069-38-48.965W;1.83
5534;47-46-31.951N;069-38-08.886W;2.13
5535;47-46-31.765N;069-37-36.938W;0.91
5536;47-46-31.732N;069-37-31.082W;0.91
5537;47-46-31.811N;069-37-11.433W;0.61
5538;47-46-31.636N;069-36-44.947W;0.0
5539;47-46-31.655N;069-36-22.088W;-0.61
5540;47-46-32.331N;069-38-27.048W;1.83
5541;47-46-32.307N;069-38-20.225W;1.83
5542;47-46-32.395N;069-38-38.866W;1.52
5543;47-46-32.590N;069-37-56.526W;1.52
5544;47-46-32.689N;069-36-59.664W;0.3
5545;47-46-32.930N;069-37-50.375W;1.52
5546;47-46-32.955N;069-37-07.485W;1.22
5547;47-46-32.825N;069-36-53.131W;0.3
5548;47-46-33.313N;069-38-03.609W;1.52
5549;47-46-33.384N;069-37-20.434W;1.52
5550;47-46-33.241N;069-36-40.027W;-0.3
5551;47-46-33.418N;069-36-33.369W;-0.3
5552;47-46-33.566N;069-38-46.318W;1.83
5553;47-46-33.544N;069-38-34.501W;1.52
5554;47-46-33.435N;069-37-14.209W;1.22
5555;47-46-33.900N;069-38-17.025W;1.83
5556;47-46-33.911N;069-37-46.308W;1.22
5557;47-46-33.880N;069-36-27.204W;-0.61
5558;47-46-34.051N;069-36-21.276W;-0.61
5559;47-46-34.156N;069-37-41.616W;0.91
5560;47-46-34.180N;069-37-28.808W;0.91
5561;47-46-34.416N;069-37-02.587W;0.0
5562;47-46-34.801N;069-38-12.655W;2.13
5563;47-46-34.615N;069-37-35.953W;0.91
5564;47-46-34.657N;069-36-50.598W;0.3
5565;47-46-34.955N;069-38-52.494W;2.13
5566;47-46-35.491N;069-38-42.759W;1.83
5567;47-46-35.394N;069-38-25.276W;1.83
5568;47-46-35.491N;069-37-54.384W;1.52
5569;47-46-35.846N;069-38-01.095W;1.52
5570;47-46-35.909N;069-37-18.831W;1.22
5571;47-46-35.736N;069-37-04.726W;0.91
5572;47-46-35.629N;069-36-57.701W;0.3
5573;47-46-35.767N;069-36-38.362W;0.0
5574;47-46-35.955N;069-38-31.865W;2.13
5575;47-46-36.051N;069-37-11.570W;1.22
5576;47-46-35.962N;069-36-44.720W;0.0
5577;47-46-35.982N;069-36-32.132W;-0.3
5578;47-46-36.625N;069-38-20.913W;1.83
5579;47-46-36.598N;069-37-25.129W;1.52
5580;47-46-36.666N;069-38-49.845W;2.13
5581;47-46-36.805N;069-38-09.461W;2.13
5582;47-46-36.966N;069-38-05.016W;2.13
5583;47-46-36.896N;069-37-33.981W;0.61
5584;47-46-36.982N;069-36-25.549W;-0.61
5585;47-46-37.168N;069-38-39.318W;1.52
5586;47-46-37.250N;069-37-50.880W;1.83
5587;47-46-37.320N;069-36-19.441W;-0.3
5588;47-46-37.733N;069-38-16.607W;2.13
5589;47-46-37.494N;069-37-46.250W;1.52
5590;47-46-37.703N;069-37-40.888W;1.22
5591;47-46-37.784N;069-36-55.907W;0.3
5592;47-46-38.119N;069-38-29.285W;1.83
5593;47-46-38.401N;069-37-16.190W;1.22
5594;47-46-38.430N;069-37-02.514W;0.91
5595;47-46-38.210N;069-36-49.011W;0.3
5596;47-46-38.243N;069-36-42.745W;0.0
5597;47-46-38.754N;069-38-46.411W;2.13
5598;47-46-38.652N;069-38-00.415W;1.83
5599;47-46-38.717N;069-37-22.849W;1.22
5600;47-46-38.538N;069-37-09.416W;1.22
5601;47-46-38.500N;069-36-36.456W;-0.3
5602;47-46-39.063N;069-37-30.787W;1.22
5603;47-46-38.920N;069-36-30.414W;-0.3
5604;47-46-39.539N;069-38-36.559W;1.83
5605;47-46-39.231N;069-38-24.432W;1.52
5606;47-46-40.083N;069-38-54.779W;2.13
5607;47-46-40.187N;069-38-13.667W;2.13
5608;47-46-39.902N;069-38-08.482W;2.74
5609;47-46-40.379N;069-38-44.248W;2.13
5610;47-46-40.584N;069-38-20.254W;2.13
5611;47-46-40.400N;069-37-38.375W;1.22
5612;47-46-40.600N;069-37-14.154W;1.22
5613;47-46-40.467N;069-37-00.108W;1.22
5614;47-46-40.405N;069-36-47.401W;0.3
5615;47-46-40.561N;069-36-26.043W;0.0
5616;47-46-40.742N;069-37-56.674W;1.83
5617;47-46-40.911N;069-37-51.190W;1.52
5618;47-46-40.799N;069-37-44.908W;1.52
5619;47-46-40.738N;069-37-07.258W;1.22
5620;47-46-40.864N;069-36-54.459W;0.0
5621;47-46-40.788N;069-36-18.465W;-0.91
5622;47-46-41.162N;069-37-20.878W;1.22
5623;47-46-41.037N;069-36-40.506W;0.3
5624;47-46-41.106N;069-36-35.038W;-0.3
5625;47-46-41.438N;069-38-50.419W;2.44
5626;47-46-41.419N;069-38-33.365W;1.83
5627;47-46-41.683N;069-36-49.954W;-0.3
5628;47-46-41.889N;069-37-27.543W;1.22
5629;47-46-42.143N;069-38-40.199W;2.13
5630;47-46-42.711N;069-38-12.189W;2.44
5631;47-46-42.561N;069-38-00.730W;2.44
5632;47-46-42.606N;069-37-35.487W;1.22
5633;47-46-43.126N;069-36-52.031W;0.3
5634;47-46-43.349N;069-38-48.322W;2.13
5635;47-46-43.182N;069-38-29.377W;2.13
5636;47-46-43.389N;069-38-24.386W;2.44
5637;47-46-43.285N;069-37-43.002W;1.52
5638;47-46-43.297N;069-37-11.517W;1.52
5639;47-46-43.351N;069-37-04.862W;1.52
5640;47-46-43.753N;069-38-54.054W;2.44
5641;47-46-43.529N;069-37-18.358W;0.91
5642;47-46-43.674N;069-36-45.381W;0.3
5643;47-46-44.003N;069-37-55.697W;1.52
5644;47-46-44.133N;069-37-25.020W;0.91
5645;47-46-43.899N;069-36-32.610W;0.3
5646;47-46-43.988N;069-36-25.006W;-0.61
5647;47-46-43.930N;069-36-16.873W;-0.91
5648;47-46-44.229N;069-38-36.888W;1.83
5649;47-46-44.301N;069-38-18.860W;2.13
5650;47-46-44.297N;069-37-50.093W;1.52
5651;47-46-44.282N;069-37-31.919W;1.22
5652;47-46-44.333N;069-37-00.543W;1.22
5653;47-46-44.594N;069-38-08.629W;2.13
5654;47-46-45.207N;069-36-41.894W;0.0
5655;47-46-45.395N;069-38-16.077W;2.44
5656;47-46-45.415N;069-38-04.012W;2.74
5657;47-46-45.658N;069-37-09.544W;1.22
5658;47-46-45.448N;069-36-49.934W;0.61
5659;47-46-45.874N;069-38-51.535W;2.13
5660;47-46-45.849N;069-38-44.835W;2.13
5661;47-46-46.237N;069-38-28.398W;2.44
5662;47-46-46.108N;069-37-40.126W;1.52
5663;47-46-46.577N;069-38-41.559W;2.13
5664;47-46-46.497N;069-36-45.217W;-0.3
5665;47-46-46.656N;069-36-15.944W;-0.61
5666;47-46-46.880N;069-38-06.050W;2.13
5667;47-46-47.093N;069-38-00.264W;2.13
5668;47-46-47.069N;069-37-48.376W;1.83
5669;47-46-46.748N;069-37-22.383W;0.91
5670;47-46-46.888N;069-37-15.305W;1.52
5671;47-46-47.027N;069-37-03.157W;0.3
5672;47-46-46.962N;069-36-23.899W;-0.61
5673;47-46-47.257N;069-38-53.509W;2.44
5674;47-46-47.303N;069-38-24.092W;2.13
5675;47-46-47.299N;069-37-55.392W;2.13
5676;47-46-47.373N;069-36-58.667W;0.0
5677;47-46-47.698N;069-38-50.045W;2.44
5678;47-46-47.616N;069-37-36.981W;1.22
5679;47-46-47.623N;069-37-31.064W;0.91
5680;47-46-47.790N;069-36-40.198W;0.3
5681;47-46-47.721N;069-36-31.676W;-0.3
5682;47-46-48.177N;069-38-13.325W;2.13
5683;47-46-48.109N;069-37-06.779W;0.61
5684;47-46-48.354N;069-38-45.551W;2.13
5685;47-46-48.326N;069-38-19.969W;2.13
5686;47-46-48.300N;069-38-08.392W;2.44
5687;47-46-48.651N;069-36-48.554W;0.0
5688;47-46-49.196N;069-38-38.502W;2.13
5689;47-46-49.005N;069-38-32.042W;2.74
5690;47-46-49.247N;069-38-03.534W;2.13
5691;47-46-49.117N;069-36-22.104W;-0.61
5692;47-46-49.527N;069-37-44.823W;1.83
5693;47-46-49.501N;069-37-27.925W;0.91
5694;47-46-49.480N;069-36-12.939W;-0.61
5695;47-46-49.856N;069-38-52.764W;2.13
5696;47-46-49.727N;069-37-20.484W;1.22
5697;47-46-49.875N;069-36-30.004W;-0.3
5698;47-46-50.220N;069-38-48.691W;2.74
5699;47-46-50.244N;069-37-52.641W;1.83
5700;47-46-50.142N;069-37-35.075W;1.22
5701;47-46-50.176N;069-37-15.792W;1.22
5702;47-46-50.147N;069-36-56.641W;0.0
5703;47-46-50.534N;069-38-45.712W;2.13
5704;47-46-51.050N;069-38-23.856W;2.44
5705;47-46-50.743N;069-38-11.545W;2.44
5706;47-46-50.924N;069-37-59.847W;1.83
5707;47-46-50.968N;069-37-04.388W;0.3
5708;47-46-51.052N;069-36-51.712W;0.0
5709;47-46-50.962N;069-36-37.906W;-0.3
5710;47-46-51.211N;069-38-29.159W;2.13
5711;47-46-51.358N;069-37-42.295W;1.83
5712;47-46-51.121N;069-36-45.514W;0.3
5713;47-46-51.728N;069-38-35.990W;2.74
5714;47-46-51.722N;069-38-17.472W;1.83
5715;47-46-51.968N;069-38-41.658W;2.13
5716;47-46-51.949N;069-37-25.406W;0.91
5717;47-46-52.048N;069-37-13.261W;0.91
5718;47-46-52.004N;069-36-26.376W;-0.3
5719;47-46-52.345N;069-38-07.065W;1.52
5720;47-46-52.158N;069-37-50.116W;1.83
5721;47-46-52.141N;069-37-32.183W;1.22
5722;47-46-52.354N;069-36-13.909W;-0.3
5723;47-46-52.687N;069-38-48.979W;2.74
5724;47-46-52.853N;069-37-55.615W;1.52
5725;47-46-52.507N;069-36-54.852W;0.0
5726;47-46-52.839N;069-36-20.034W;-0.61
5727;47-46-53.086N;069-36-49.550W;-0.3
5728;47-46-53.196N;069-36-36.481W;-0.3
5729;47-46-53.345N;069-38-53.864W;1.83
5730;47-46-53.570N;069-38-37.181W;2.13
5731;47-46-53.593N;069-38-15.192W;2.74
5732;47-46-53.723N;069-37-39.899W;1.83
5733;47-46-53.709N;069-37-03.604W;0.0
5734;47-46-54.145N;069-38-27.690W;2.44
5735;47-46-54.099N;069-38-03.989W;1.83
5736;47-46-54.159N;069-37-46.920W;1.83
5737;47-46-54.132N;069-37-30.206W;1.22
5738;47-46-53.943N;069-37-23.124W;0.91
5739;47-46-53.993N;069-36-44.498W;-0.61
5740;47-46-54.494N;069-38-39.756W;2.74
5741;47-46-54.373N;069-38-25.075W;1.83
5742;47-46-54.374N;069-37-10.617W;0.61
5743;47-46-54.730N;069-38-21.792W;2.13
5744;47-46-54.810N;069-36-52.423W;0.3
5745;47-46-54.837N;069-36-32.172W;-0.61
5746;47-46-54.950N;069-36-18.605W;0.0
5747;47-46-55.376N;069-38-47.202W;2.13
5748;47-46-55.076N;069-38-34.224W;2.13
5749;47-46-55.189N;069-38-11.383W;2.13
5750;47-46-55.088N;069-37-54.011W;1.83
5751;47-46-55.189N;069-37-36.754W;1.52
5752;47-46-55.082N;069-36-12.615W;-0.3
5753;47-46-55.704N;069-38-52.263W;2.74
5754;47-46-55.465N;069-38-17.663W;2.44
5755;47-46-55.853N;069-37-20.962W;0.61
5756;47-46-55.833N;069-36-26.263W;-0.3
5757;47-46-56.219N;069-38-49.714W;2.13
5758;47-46-56.222N;069-38-01.224W;1.83
5759;47-46-56.199N;069-37-44.031W;1.83
5760;47-46-56.422N;069-37-26.891W;1.22
5761;47-46-56.236N;069-37-01.513W;0.0
5762;47-46-56.397N;069-36-42.343W;-0.61
5763;47-46-56.624N;069-38-55.325W;2.13
5764;47-46-56.747N;069-38-31.331W;2.74
5765;47-46-56.656N;069-36-35.994W;-0.61
5766;47-46-57.109N;069-38-08.189W;2.13
5767;47-46-57.090N;069-37-50.694W;1.83
5768;47-46-56.980N;069-37-34.102W;1.52
5769;47-46-57.062N;069-37-08.955W;0.3
5770;47-46-57.256N;069-38-43.887W;2.74
5771;47-46-57.254N;069-38-20.133W;3.05
5772;47-46-57.521N;069-36-50.547W;0.0
5773;47-46-57.215N;069-36-23.354W;0.0
5774;47-46-57.742N;069-38-25.564W;2.13
5775;47-46-57.873N;069-37-40.646W;1.52
5776;47-46-57.869N;069-36-38.582W;-0.91
5777;47-46-57.755N;069-36-17.739W;0.0
5778;47-46-57.818N;069-36-10.279W;-0.3
5779;47-46-58.108N;069-37-32.048W;1.22
5780;47-46-58.106N;069-36-59.227W;-0.3
5781;47-46-58.429N;069-38-46.284W;2.13
5782;47-46-58.604N;069-38-16.198W;2.13
5783;47-46-58.262N;069-37-58.276W;1.83
5784;47-46-58.584N;069-37-24.124W;0.91
5785;47-46-58.387N;069-37-17.955W;0.61
5786;47-46-58.497N;069-36-32.362W;-0.3
5787;47-46-58.636N;069-38-55.788W;2.74
5788;47-46-58.680N;069-38-50.612W;2.13
5789;47-46-58.861N;069-38-39.045W;2.13
5790;47-46-58.951N;069-38-04.384W;1.52
5791;47-46-59.306N;069-38-35.095W;2.74
5792;47-46-59.332N;069-38-22.487W;3.05
5793;47-46-59.006N;069-37-47.924W;1.83
5794;47-46-59.329N;069-36-41.052W;-0.61
5795;47-46-59.525N;069-37-29.755W;1.83
5796;47-46-59.504N;069-37-06.984W;0.3
5797;47-46-59.952N;069-37-37.939W;1.52
5798;47-46-59.804N;069-36-48.084W;0.0
5799;47-46-59.916N;069-36-34.892W;-0.61
5800;47-47-00.181N;069-37-55.019W;1.83
5801;47-47-00.321N;069-36-16.074W;0.0
5802;47-47-00.762N;069-38-47.606W;2.74
5803;47-47-00.578N;069-36-56.314W;0.3
5804;47-47-00.915N;069-38-29.704W;2.44
5805;47-47-00.980N;069-38-12.526W;2.13
5806;47-47-01.071N;069-38-01.802W;1.83
5807;47-47-00.925N;069-37-44.667W;1.52
5808;47-47-00.836N;069-37-15.191W;0.61
5809;47-47-00.875N;069-36-23.604W;0.0
5810;47-47-00.958N;069-36-08.746W;-0.3
5811;47-47-01.328N;069-38-53.645W;2.74
5812;47-47-01.424N;069-37-28.875W;1.22
5813;47-47-01.326N;069-36-38.339W;-0.3
5814;47-47-01.782N;069-38-34.105W;2.13
5815;47-47-01.724N;069-37-52.487W;1.83
5816;47-47-01.622N;069-37-04.457W;0.91
5817;47-47-01.512N;069-36-30.950W;0.0
5818;47-47-01.871N;069-38-42.998W;2.44
5819;47-47-01.933N;069-38-26.129W;3.05
5820;47-47-02.240N;069-38-38.255W;3.05
5821;47-47-02.550N;069-38-21.267W;2.13
5822;47-47-02.320N;069-38-09.687W;2.13
5823;47-47-02.576N;069-37-58.904W;2.13
5824;47-47-02.242N;069-37-34.442W;1.52
5825;47-47-02.495N;069-37-23.646W;1.22
5826;47-47-02.629N;069-38-55.436W;2.13
5827;47-47-02.675N;069-37-41.832W;1.52
5828;47-47-02.835N;069-37-12.174W;0.91
5829;47-47-03.028N;069-36-46.127W;-0.3
5830;47-47-03.292N;069-36-29.577W;0.0
5831;47-47-03.611N;069-38-51.131W;2.74
5832;47-47-03.577N;069-37-27.022W;2.13
5833;47-47-03.375N;069-37-01.374W;0.91
5834;47-47-03.442N;069-36-53.188W;0.3
5835;47-47-03.439N;069-36-22.001W;0.0
5836;47-47-03.632N;069-36-13.627W;-0.3
5837;47-47-03.557N;069-36-07.876W;-0.61
5838;47-47-03.781N;069-38-40.841W;2.74
5839;47-47-04.328N;069-38-29.767W;3.05
5840;47-47-04.187N;069-38-17.460W;2.44
5841;47-47-04.360N;069-38-06.799W;2.13
5842;47-47-04.370N;069-37-55.828W;2.13
5843;47-47-04.266N;069-37-48.509W;1.83
5844;47-47-04.318N;069-37-32.039W;1.22
5845;47-47-04.194N;069-36-36.516W;0.3
5846;47-47-04.714N;069-37-38.941W;1.52
5847;47-47-04.616N;069-37-20.632W;1.22
5848;47-47-04.893N;069-36-44.451W;0.0
5849;47-47-05.273N;069-38-49.091W;2.44
5850;47-47-05.224N;069-38-25.947W;2.74
5851;47-47-05.282N;069-37-09.654W;0.91
5852;47-47-05.592N;069-36-51.699W;0.3
5853;47-47-05.857N;069-38-43.317W;3.05
5854;47-47-06.021N;069-38-14.508W;2.13
5855;47-47-05.848N;069-37-46.037W;2.13
5856;47-47-06.357N;069-38-37.662W;2.44
5857;47-47-06.436N;069-37-29.393W;1.22
5858;47-47-06.528N;069-37-18.103W;1.22
5859;47-47-06.480N;069-36-58.742W;0.91
5860;47-47-06.315N;069-36-27.064W;0.0
5861;47-47-06.336N;069-36-19.730W;0.0
5862;47-47-06.608N;069-38-03.490W;2.13
5863;47-47-06.789N;069-37-36.539W;1.52
5864;47-47-06.567N;069-36-11.968W;-0.61
5865;47-47-06.827N;069-36-05.366W;-0.61
5866;47-47-06.908N;069-38-55.029W;2.74
5867;47-47-07.171N;069-38-33.840W;2.74
5868;47-47-07.196N;069-38-21.354W;2.44
5869;47-47-07.111N;069-37-52.525W;1.83
5870;47-47-07.239N;069-36-41.339W;0.61
5871;47-47-07.614N;069-38-10.943W;2.44
5872;47-47-07.766N;069-37-42.840W;1.52
5873;47-47-07.760N;069-37-23.375W;2.13
5874;47-47-07.653N;069-37-06.216W;1.22
5875;47-47-08.042N;069-38-52.188W;2.44
5876;47-47-08.248N;069-37-59.131W;2.13
5877;47-47-08.269N;069-37-26.436W;1.22
5878;47-47-07.998N;069-36-49.115W;0.3
5879;47-47-08.506N;069-38-46.046W;3.05
5880;47-47-08.483N;069-38-29.480W;2.44
5881;47-47-08.486N;069-37-14.963W;1.52
5882;47-47-08.971N;069-38-25.225W;3.05
5883;47-47-08.946N;069-38-18.584W;2.44
5884;47-47-08.948N;069-37-49.023W;1.83
5885;47-47-08.757N;069-36-56.890W;0.61
5886;47-47-08.959N;069-36-32.015W;0.3
5887;47-47-08.884N;069-36-24.726W;0.0
5888;47-47-09.190N;069-36-17.763W;-0.3
5889;47-47-09.301N;069-36-04.614W;-0.91
5890;47-47-09.526N;069-38-08.480W;2.13
5891;47-47-09.641N;069-37-39.703W;1.52
5892;47-47-09.771N;069-36-38.389W;0.3
5893;47-47-09.850N;069-37-04.056W;0.91
5894;47-47-09.868N;069-36-10.498W;-0.3
5895;47-47-10.428N;069-38-37.434W;3.05
5896;47-47-10.330N;069-37-45.998W;1.52
5897;47-47-10.311N;069-37-23.177W;1.22
5898;47-47-10.277N;069-36-46.955W;1.22
5899;47-47-10.617N;069-38-44.259W;2.44
5900;47-47-10.702N;069-38-15.083W;2.44
5901;47-47-10.506N;069-37-34.471W;1.52
5902;47-47-10.684N;069-37-12.683W;1.22
5903;47-47-10.586N;069-36-54.417W;0.91
5904;47-47-10.709N;069-36-27.693W;0.0
5905;47-47-10.892N;069-38-55.409W;2.44
5906;47-47-10.984N;069-37-56.377W;1.83
5907;47-47-11.475N;069-38-49.756W;3.05
5908;47-47-11.413N;069-38-04.067W;2.13
5909;47-47-11.815N;069-38-29.115W;3.35
5910;47-47-11.801N;069-37-01.710W;0.61
5911;47-47-11.798N;069-36-36.896W;0.61
5912;47-47-12.283N;069-37-53.352W;2.13
5913;47-47-12.281N;069-36-43.141W;0.61
5914;47-47-11.957N;069-36-30.770W;0.0
5915;47-47-12.150N;069-36-22.584W;-0.3
5916;47-47-12.606N;069-37-44.088W;1.83
5917;47-47-12.338N;069-37-31.576W;1.52
5918;47-47-12.329N;069-37-22.665W;2.13
5919;47-47-12.559N;069-37-19.617W;1.52
5920;47-47-12.438N;069-37-09.233W;1.22
5921;47-47-12.455N;069-36-15.741W;-0.3
5922;47-47-12.303N;069-36-09.317W;-0.61
5923;47-47-12.440N;069-36-02.833W;-0.61
5924;47-47-12.908N;069-38-11.834W;2.44
5925;47-47-13.052N;069-37-59.647W;2.13
5926;47-47-13.376N;069-37-50.385W;2.13
5927;47-47-13.031N;069-36-52.017W;1.22
5928;47-47-13.112N;069-36-25.473W;-0.61
5929;47-47-13.399N;069-38-40.901W;3.05
5930;47-47-13.792N;069-38-47.851W;2.44
5931;47-47-13.824N;069-38-20.077W;3.05
5932;47-47-13.932N;069-38-07.405W;2.44
5933;47-47-13.958N;069-36-59.304W;0.91
5934;47-47-14.297N;069-37-18.183W;1.83
5935;47-47-14.448N;069-36-34.559W;0.61
5936;47-47-14.525N;069-37-40.464W;1.83
5937;47-47-14.662N;069-37-28.811W;1.52
5938;47-47-14.714N;069-37-07.382W;1.22
5939;47-47-14.607N;069-36-28.434W;-0.3
5940;47-47-14.684N;069-36-14.557W;-0.3
5941;47-47-15.057N;069-38-53.783W;3.35
5942;47-47-14.954N;069-38-32.037W;3.35
5943;47-47-14.950N;069-36-48.568W;1.22
5944;47-47-14.881N;069-36-20.370W;-0.3
5945;47-47-15.116N;069-36-02.206W;-0.61
5946;47-47-15.332N;069-37-47.310W;2.13
5947;47-47-15.209N;069-36-41.971W;0.91
5948;47-47-15.359N;069-36-07.656W;-0.3
5949;47-47-15.834N;069-38-15.667W;2.44
5950;47-47-15.618N;069-37-57.439W;2.13
5951;47-47-16.200N;069-37-36.590W;1.52
5952;47-47-16.532N;069-38-44.493W;3.05
5953;47-47-16.267N;069-38-37.057W;2.44
5954;47-47-16.424N;069-38-04.159W;2.13
5955;47-47-16.475N;069-37-18.161W;2.13
5956;47-47-16.613N;069-36-56.359W;1.52
5957;47-47-16.924N;069-38-51.566W;2.74
5958;47-47-16.627N;069-38-23.724W;3.05
5959;47-47-16.796N;069-37-54.107W;2.13
5960;47-47-16.857N;069-37-26.654W;1.83
5961;47-47-16.824N;069-37-15.603W;1.83
5962;47-47-17.019N;069-38-11.545W;2.44
5963;47-47-17.121N;069-36-32.389W;0.0
5964;47-47-17.276N;069-36-18.943W;-0.3
5965;47-47-17.366N;069-37-04.742W;1.22
5966;47-47-17.409N;069-36-39.320W;0.91
5967;47-47-17.465N;069-36-25.794W;0.0
5968;47-47-17.923N;069-38-35.505W;3.35
5969;47-47-17.888N;069-38-00.956W;2.13
5970;47-47-18.047N;069-37-11.778W;1.52
5971;47-47-17.759N;069-36-51.857W;1.52
5972;47-47-17.703N;069-36-12.284W;-0.3
5973;47-47-17.920N;069-36-05.987W;-0.61
5974;47-47-18.377N;069-37-46.696W;2.13
5975;47-47-18.311N;069-37-34.737W;1.83
5976;47-47-18.243N;069-37-22.955W;1.83
5977;47-47-18.089N;069-36-46.729W;1.52
5978;47-47-18.651N;069-36-21.597W;-0.61
5979;47-47-18.918N;069-37-50.792W;2.13
5980;47-47-19.480N;069-38-40.773W;2.44
5981;47-47-19.211N;069-38-19.386W;2.74
5982;47-47-19.436N;069-38-07.385W;2.13
5983;47-47-19.712N;069-38-47.356W;3.35
5984;47-47-19.803N;069-38-27.012W;3.05
5985;47-47-19.823N;069-38-15.010W;2.44
5986;47-47-19.515N;069-37-58.059W;2.13
5987;47-47-19.691N;069-36-36.793W;0.61
5988;47-47-19.823N;069-36-23.818W;-0.3
5989;47-47-20.182N;069-38-54.917W;3.05
5990;47-47-19.901N;069-37-31.165W;2.13
5991;47-47-19.939N;069-37-01.673W;1.52
5992;47-47-19.974N;069-36-10.794W;-0.3
5993;47-47-20.525N;069-38-33.849W;2.74
5994;47-47-20.409N;069-38-03.989W;2.44
5995;47-47-20.362N;069-37-20.125W;1.83
5996;47-47-20.456N;069-37-08.707W;1.52
5997;47-47-20.244N;069-36-44.506W;1.22
5998;47-47-20.427N;069-36-30.064W;0.0
5999;47-47-20.292N;069-36-17.038W;-0.91
6000;47-47-20.626N;069-37-42.894W;1.83
6001;47-47-20.746N;069-37-13.415W;2.13
6002;47-47-20.713N;069-36-57.410W;1.52
6003;47-47-20.846N;069-36-51.240W;1.52
6004;47-47-21.013N;069-38-39.218W;3.35
6005;47-47-21.144N;069-37-54.797W;2.13
6006;47-47-22.015N;069-38-22.911W;2.74
6007;47-47-21.903N;069-37-27.540W;2.13
6008;47-47-21.903N;069-37-17.589W;1.83
6009;47-47-22.281N;069-38-44.725W;2.74
6010;47-47-22.174N;069-38-18.588W;2.74
6011;47-47-22.365N;069-38-15.545W;3.05
6012;47-47-22.234N;069-38-01.890W;2.44
6013;47-47-22.092N;069-37-39.504W;2.13
6014;47-47-22.150N;069-36-06.057W;-0.91
6015;47-47-22.691N;069-38-30.235W;3.05
6016;47-47-22.505N;069-36-34.397W;0.61
6017;47-47-22.473N;069-36-28.097W;0.3
6018;47-47-22.595N;069-36-21.480W;-0.3
6019;47-47-22.644N;069-36-15.672W;-0.3
6020;47-47-22.766N;069-38-11.774W;2.44
6021;47-47-22.897N;069-37-51.354W;2.13
6022;47-47-23.022N;069-36-41.560W;0.91
6023;47-47-23.211N;069-38-51.321W;3.35
6024;47-47-23.329N;069-38-08.372W;2.44
6025;47-47-23.262N;069-37-07.170W;1.83
6026;47-47-23.208N;069-36-48.839W;1.52
6027;47-47-23.704N;069-38-36.651W;3.05
6028;47-47-23.489N;069-37-24.517W;2.13
6029;47-47-23.650N;069-36-18.196W;-0.61
6030;47-47-24.142N;069-38-43.238W;3.66
6031;47-47-24.007N;069-37-36.367W;2.44
6032;47-47-24.020N;069-37-14.818W;1.83
6033;47-47-24.047N;069-36-56.676W;1.83
6034;47-47-24.280N;069-37-57.782W;2.13
6035;47-47-24.363N;069-37-03.158W;2.13
6036;47-47-24.375N;069-36-05.176W;-0.61
6037;47-47-24.700N;069-38-20.952W;2.44
6038;47-47-24.656N;069-37-47.239W;2.44
6039;47-47-24.659N;069-36-20.232W;-0.3
6040;47-47-24.850N;069-36-12.160W;-0.3
6041;47-47-25.165N;069-38-48.496W;2.74
6042;47-47-25.255N;069-38-28.212W;2.74
6043;47-47-24.902N;069-38-16.507W;3.05
6044;47-47-24.995N;069-38-05.477W;2.74
6045;47-47-25.052N;069-37-09.341W;2.44
6046;47-47-25.101N;069-36-38.479W;0.91
6047;47-47-25.067N;069-36-32.608W;0.91
6048;47-47-25.396N;069-37-22.354W;2.13
6049;47-47-25.404N;069-36-46.555W;1.52
6050;47-47-25.931N;069-38-55.029W;3.66
6051;47-47-25.836N;069-37-33.655W;2.44
6052;47-47-25.688N;069-37-11.917W;2.13
6053;47-47-26.035N;069-37-44.336W;2.44
6054;47-47-26.249N;069-36-53.721W;1.83
6055;47-47-26.019N;069-36-26.692W;0.3
6056;47-47-26.526N;069-38-33.172W;3.35
6057;47-47-26.484N;069-38-09.101W;2.44
6058;47-47-26.864N;069-38-46.580W;3.66
6059;47-47-26.837N;069-38-40.122W;3.05
6060;47-47-26.984N;069-38-13.012W;3.05
6061;47-47-26.914N;069-38-01.978W;2.44
6062;47-47-26.958N;069-37-56.734W;2.44
6063;47-47-27.270N;069-37-29.043W;2.44
6064;47-47-27.133N;069-37-01.131W;1.83
6065;47-47-27.283N;069-36-10.916W;-0.61
6066;47-47-27.506N;069-38-24.173W;2.74
6067;47-47-27.548N;069-38-19.178W;2.74
6068;47-47-27.704N;069-37-41.134W;2.44
6069;47-47-27.692N;069-37-07.923W;2.13
6070;47-47-27.512N;069-36-17.895W;-0.61
6071;47-47-27.473N;069-36-02.840W;-0.61
6072;47-47-27.963N;069-38-52.693W;3.05
6073;47-47-27.808N;069-37-18.674W;1.83
6074;47-47-27.812N;069-36-43.541W;1.52
6075;47-47-27.781N;069-36-37.366W;1.22
6076;47-47-28.044N;069-36-25.199W;0.3
6077;47-47-28.430N;069-38-31.380W;3.05
6078;47-47-28.282N;069-36-51.252W;1.83
6079;47-47-28.678N;069-37-52.254W;2.44
6080;47-47-29.164N;069-38-07.689W;3.05
6081;47-47-29.101N;069-37-26.085W;2.44
6082;47-47-28.967N;069-36-57.804W;2.13
6083;47-47-29.051N;069-36-32.679W;0.91
6084;47-47-29.537N;069-38-36.398W;3.35
6085;47-47-29.348N;069-38-15.128W;3.66
6086;47-47-29.458N;069-37-37.505W;2.44
6087;47-47-29.355N;069-37-15.343W;2.44
6088;47-47-29.265N;069-37-06.424W;2.44
6089;47-47-29.836N;069-38-49.623W;3.96
6090;47-47-29.754N;069-38-10.687W;3.05
6091;47-47-29.783N;069-36-01.531W;-0.61
6092;47-47-30.008N;069-38-43.839W;3.66
6093;47-47-30.192N;069-38-21.970W;3.05
6094;47-47-29.974N;069-38-04.168W;2.44
6095;47-47-30.138N;069-37-49.475W;2.44
6096;47-47-30.007N;069-36-41.441W;1.22
6097;47-47-30.033N;069-36-15.918W;-0.3
6098;47-47-30.054N;069-36-08.514W;-0.61
6099;47-47-30.314N;069-38-27.091W;2.74
6100;47-47-30.507N;069-37-05.225W;2.13
6101;47-47-30.448N;069-36-22.671W;0.3
6102;47-47-30.771N;069-38-16.618W;2.74
6103;47-47-30.933N;069-37-23.127W;2.44
6104;47-47-30.954N;069-36-55.945W;1.83
6105;47-47-31.234N;069-38-00.778W;2.74
6106;47-47-31.211N;069-37-34.059W;2.44
6107;47-47-31.106N;069-37-12.260W;2.44
6108;47-47-31.373N;069-36-30.151W;0.91
6109;47-47-31.053N;069-36-11.713W;-0.91
6110;47-47-31.645N;069-38-34.733W;3.05
6111;47-47-31.542N;069-38-07.978W;3.05
6112;47-47-31.642N;069-37-46.392W;2.44
6113;47-47-31.726N;069-37-01.948W;2.13
6114;47-47-31.829N;069-36-49.544W;1.83
6115;47-47-32.126N;069-36-38.483W;1.52
6116;47-47-32.636N;069-38-53.454W;4.27
6117;47-47-32.750N;069-38-30.184W;2.74
6118;47-47-32.600N;069-38-18.725W;3.05
6119;47-47-32.646N;069-38-13.363W;3.35
6120;47-47-32.619N;069-37-57.145W;2.44
6121;47-47-32.724N;069-36-20.570W;0.3
6122;47-47-32.595N;069-36-13.943W;-0.61
6123;47-47-32.529N;069-36-06.963W;-0.61
6124;47-47-32.830N;069-38-40.116W;3.66
6125;47-47-32.874N;069-38-25.190W;3.05
6126;47-47-32.837N;069-37-31.159W;2.44
6127;47-47-32.930N;069-37-19.989W;3.05
6128;47-47-33.104N;069-37-09.060W;2.44
6129;47-47-33.304N;069-38-47.193W;3.66
6130;47-47-33.397N;069-37-42.703W;2.74
6131;47-47-33.669N;069-36-45.664W;1.52
6132;47-47-33.652N;069-36-27.745W;1.22
6133;47-47-34.231N;069-38-10.406W;3.05
6134;47-47-34.045N;069-37-53.451W;2.44
6135;47-47-34.060N;069-37-02.784W;2.44
6136;47-47-33.921N;069-36-59.666W;2.44
6137;47-47-34.268N;069-38-05.956W;3.05
6138;47-47-34.325N;069-36-35.831W;1.52
6139;47-47-34.739N;069-38-37.656W;3.35
6140;47-47-34.783N;069-37-38.946W;2.44
6141;47-47-34.880N;069-37-27.290W;2.44
6142;47-47-34.801N;069-37-17.275W;3.05
6143;47-47-35.231N;069-38-32.852W;3.05
6144;47-47-35.147N;069-38-28.220W;3.35
6145;47-47-35.205N;069-38-21.274W;3.05
6146;47-47-35.327N;069-38-16.583W;3.35
6147;47-47-35.061N;069-37-05.858W;2.44
6148;47-47-35.066N;069-36-55.409W;2.13
6149;47-47-35.197N;069-36-11.905W;-0.61
6150;47-47-35.472N;069-38-43.153W;3.96
6151;47-47-35.428N;069-37-50.001W;2.74
6152;47-47-35.541N;069-36-05.177W;-0.61
6153;47-47-35.860N;069-36-43.930W;1.83
6154;47-47-35.853N;069-36-24.786W;0.91
6155;47-47-36.230N;069-38-50.661W;3.96
6156;47-47-36.333N;069-37-35.252W;2.74
6157;47-47-36.515N;069-38-02.341W;3.35
6158;47-47-36.548N;069-37-24.329W;3.05
6159;47-47-36.435N;069-37-13.274W;2.74
6160;47-47-36.732N;069-37-02.406W;2.74
6161;47-47-36.766N;069-36-33.734W;1.52
6162;47-47-36.790N;069-38-13.442W;3.35
6163;47-47-36.918N;069-38-08.080W;3.05
6164;47-47-36.896N;069-37-46.368W;2.74
6165;47-47-37.447N;069-36-15.697W;0.3
6166;47-47-37.604N;069-38-23.940W;3.05
6167;47-47-37.602N;069-38-19.247W;3.35
6168;47-47-37.599N;069-36-52.093W;1.83
6169;47-47-37.760N;069-36-09.744W;-0.61
6170;47-47-38.113N;069-38-46.373W;4.27
6171;47-47-37.868N;069-38-41.372W;3.66
6172;47-47-38.043N;069-38-35.222W;3.35
6173;47-47-38.207N;069-37-31.930W;2.74
6174;47-47-38.027N;069-37-09.577W;2.74
6175;47-47-38.138N;069-36-41.587W;1.83
6176;47-47-37.939N;069-36-02.951W;-0.91
6177;47-47-38.361N;069-37-42.918W;3.05
6178;47-47-38.302N;069-37-20.759W;3.35
6179;47-47-38.688N;069-38-31.700W;3.66
6180;47-47-38.728N;069-36-59.509W;2.44
6181;47-47-38.805N;069-36-30.529W;1.22
6182;47-47-38.748N;069-36-22.452W;0.91
6183;47-47-39.188N;069-36-48.698W;2.13
6184;47-47-39.446N;069-38-53.832W;3.96
6185;47-47-39.311N;069-38-16.111W;3.35
6186;47-47-39.476N;069-38-11.177W;3.05
6187;47-47-39.444N;069-38-05.262W;3.35
6188;47-47-39.571N;069-37-59.899W;3.05
6189;47-47-39.691N;069-37-55.449W;3.05
6190;47-47-39.915N;069-37-28.971W;3.05
6191;47-47-39.929N;069-37-17.675W;3.05
6192;47-47-40.009N;069-36-38.808W;1.83
6193;47-47-40.081N;069-38-22.159W;3.35
6194;47-47-40.199N;069-37-39.169W;2.74
6195;47-47-40.310N;069-37-06.626W;3.05
6196;47-47-40.217N;069-36-13.420W;0.3
6197;47-47-40.318N;069-36-08.011W;-0.61
6198;47-47-40.402N;069-38-37.644W;3.35
6199;47-47-40.561N;069-36-56.364W;2.44
6200;47-47-40.491N;069-36-20.218W;0.91
6201;47-47-40.836N;069-38-44.598W;3.96
6202;47-47-40.901N;069-38-27.051W;3.35
6203;47-47-40.948N;069-37-13.723W;3.05
6204;47-47-41.094N;069-36-46.593W;2.13
6205;47-47-40.992N;069-36-01.042W;-0.91
6206;47-47-41.367N;069-37-51.394W;2.74
6207;47-47-41.248N;069-36-28.064W;1.52
6208;47-47-41.530N;069-38-49.973W;4.27
6209;47-47-41.584N;069-38-19.081W;3.05
6210;47-47-41.815N;069-37-56.648W;3.35
6211;47-47-41.502N;069-37-35.409W;2.74
6212;47-47-41.506N;069-37-25.398W;3.66
6213;47-47-41.834N;069-38-13.843W;3.35
6214;47-47-41.967N;069-38-07.688W;3.66
6215;47-47-42.010N;069-38-02.689W;3.05
6216;47-47-42.093N;069-36-35.175W;1.52
6217;47-47-42.190N;069-38-34.937W;3.66
6218;47-47-42.673N;069-38-40.857W;3.66
6219;47-47-42.551N;069-37-47.207W;3.05
6220;47-47-42.751N;069-37-04.409W;3.35
6221;47-47-42.825N;069-36-55.733W;2.44
6222;47-47-42.727N;069-36-52.674W;2.44
6223;47-47-42.608N;069-36-17.441W;0.91
6224;47-47-43.004N;069-37-32.569W;3.35
6225;47-47-43.098N;069-37-21.519W;3.35
6226;47-47-43.196N;069-37-10.038W;3.35
6227;47-47-43.258N;069-36-43.269W;2.13
6228;47-47-43.253N;069-36-05.427W;-1.52
6229;47-47-43.324N;069-36-25.348W;1.52
6230;47-47-43.909N;069-38-25.525W;3.35
6231;47-47-43.976N;069-37-43.755W;3.05
6232;47-47-43.785N;069-36-14.157W;0.3
6233;47-47-44.253N;069-38-48.199W;4.27
6234;47-47-44.149N;069-38-31.197W;3.66
6235;47-47-44.039N;069-38-10.166W;3.35
6236;47-47-44.089N;069-37-54.618W;3.05
6237;47-47-44.267N;069-36-50.196W;2.44
6238;47-47-44.330N;069-36-32.891W;1.83
6239;47-47-44.356N;069-38-16.391W;3.35
6240;47-47-44.370N;069-38-04.990W;3.35
6241;47-47-44.482N;069-37-18.125W;3.35
6242;47-47-44.747N;069-38-52.901W;4.57
6243;47-47-44.839N;069-37-29.123W;3.66
6244;47-47-44.874N;069-37-01.026W;3.05
6245;47-47-45.292N;069-38-22.139W;3.35
6246;47-47-45.111N;069-37-59.760W;3.35
6247;47-47-45.275N;069-36-22.874W;1.52
6248;47-47-45.484N;069-38-38.413W;3.96
6249;47-47-45.610N;069-37-39.820W;3.05
6250;47-47-45.497N;069-36-40.680W;1.83
6251;47-47-45.441N;069-36-03.871W;-2.13
6252;47-47-46.095N;069-38-43.788W;4.27
6253;47-47-46.365N;069-38-06.735W;3.35
6254;47-47-46.415N;069-37-51.245W;3.35
6255;47-47-46.269N;069-37-25.120W;3.35
6256;47-47-46.283N;069-37-13.822W;3.35
6257;47-47-46.368N;069-36-29.746W;2.44
6258;47-47-46.233N;069-36-12.211W;-0.61
6259;47-47-46.518N;069-38-12.896W;3.35
6260;47-47-46.588N;069-36-57.390W;3.05
6261;47-47-46.720N;069-36-51.463W;2.44
6262;47-47-46.591N;069-36-47.365W;2.13
6263;47-47-47.185N;069-38-50.878W;4.27
6264;47-47-46.951N;069-38-34.664W;3.96
6265;47-47-47.078N;069-38-29.304W;3.96
6266;47-47-46.982N;069-37-47.290W;3.35
6267;47-47-46.996N;069-37-36.000W;3.35
6268;47-47-47.020N;069-37-09.253W;3.35
6269;47-47-46.965N;069-36-36.975W;2.44
6270;47-47-47.857N;069-38-19.567W;3.35
6271;47-47-47.712N;069-37-57.858W;3.66
6272;47-47-47.905N;069-37-20.937W;3.35
6273;47-47-47.885N;069-36-20.044W;1.22
6274;47-47-47.802N;069-36-01.093W;-1.83
6275;47-47-48.255N;069-38-25.853W;3.66
6276;47-47-48.058N;069-36-43.723W;2.44
6277;47-47-48.443N;069-38-03.605W;3.66
6278;47-47-48.456N;069-36-55.041W;3.05
6279;47-47-48.605N;069-36-27.522W;1.83
6280;47-47-48.899N;069-38-42.198W;4.27
6281;47-47-48.977N;069-37-49.098W;3.35
6282;47-47-48.706N;069-37-32.797W;3.66
6283;47-47-48.731N;069-37-05.985W;3.05
6284;47-47-48.714N;069-36-09.988W;-0.3
6285;47-47-49.187N;069-38-46.956W;4.27
6286;47-47-49.101N;069-37-44.218W;3.05
6287;47-47-49.245N;069-37-17.908W;3.66
6288;47-47-49.491N;069-38-10.637W;3.35
6289;47-47-49.681N;069-37-29.213W;3.66
6290;47-47-49.455N;069-36-33.900W;2.13
6291;47-47-50.005N;069-38-32.530W;3.96
6292;47-47-49.855N;069-38-16.192W;3.35
6293;47-47-49.750N;069-37-54.603W;3.35
6294;47-47-50.087N;069-36-51.524W;2.74
6295;47-47-49.960N;069-36-17.572W;0.91
6296;47-47-49.987N;069-35-59.904W;-0.91
6297;47-47-50.445N;069-38-53.623W;4.57
6298;47-47-50.454N;069-38-37.780W;3.96
6299;47-47-50.194N;069-37-03.079W;3.05
6300;47-47-50.215N;069-36-46.146W;2.74
6301;47-47-50.386N;069-36-40.462W;2.44
6302;47-47-51.127N;069-38-01.582W;3.66
6303;47-47-51.104N;069-37-40.289W;3.35
6304;47-47-51.071N;069-37-25.087W;3.35
6305;47-47-50.874N;069-37-14.578W;3.66
6306;47-47-51.225N;069-38-28.836W;3.96
6307;47-47-51.274N;069-38-23.107W;3.66
6308;47-47-51.310N;069-37-44.931W;3.35
6309;47-47-51.410N;069-36-30.999W;2.13
6310;47-47-51.695N;069-38-07.143W;3.66
6311;47-47-51.785N;069-36-59.441W;3.35
6312;47-47-51.879N;069-36-48.378W;3.35
6313;47-47-51.892N;069-36-07.652W;-0.3
6314;47-47-52.033N;069-38-45.245W;4.57
6315;47-47-52.195N;069-37-37.441W;3.66
6316;47-47-52.225N;069-37-10.266W;3.35
6317;47-47-52.095N;069-36-37.373W;2.44
6318;47-47-52.104N;069-36-26.545W;1.83
6319;47-47-51.995N;069-36-14.792W;1.22
6320;47-47-52.359N;069-38-50.370W;4.27
6321;47-47-52.316N;069-37-52.028W;3.35
6322;47-47-52.718N;069-37-57.831W;3.35
6323;47-47-52.698N;069-37-22.064W;3.66
6324;47-47-52.902N;069-36-04.546W;-0.3
6325;47-47-53.031N;069-38-19.057W;3.66
6326;47-47-52.994N;069-38-13.692W;3.35
6327;47-47-53.304N;069-37-32.578W;3.35
6328;47-47-53.005N;069-36-55.918W;3.05
6329;47-47-53.381N;069-38-41.006W;4.27
6330;47-47-53.346N;069-38-35.277W;4.27
6331;47-47-53.457N;069-37-43.385W;3.35
6332;47-47-53.614N;069-37-06.319W;3.35
6333;47-47-53.423N;069-36-45.531W;3.05
6334;47-47-53.965N;069-36-34.777W;2.13
6335;47-47-53.980N;069-36-23.151W;1.52
6336;47-47-54.282N;069-38-26.335W;3.96
6337;47-47-54.215N;069-38-05.117W;3.66
6338;47-47-54.320N;069-37-47.978W;3.35
6339;47-47-54.568N;069-38-31.339W;4.27
6340;47-47-54.651N;069-37-28.695W;3.35
6341;47-47-54.716N;069-36-43.170W;2.74
6342;47-47-54.830N;069-38-09.886W;3.66
6343;47-47-55.095N;069-37-20.154W;3.66
6344;47-47-55.038N;069-37-03.046W;3.35
6345;47-47-54.964N;069-36-52.530W;3.05
6346;47-47-54.821N;069-36-00.719W;-0.61
6347;47-47-55.414N;069-38-53.113W;4.57
6348;47-47-55.215N;069-38-47.319W;4.88
6349;47-47-55.490N;069-37-55.078W;3.35
6350;47-47-55.749N;069-38-22.646W;3.96
6351;47-47-55.705N;069-37-39.643W;3.35
6352;47-47-56.169N;069-38-16.558W;3.35
6353;47-47-55.926N;069-38-01.674W;3.66
6354;47-47-55.992N;069-37-25.545W;3.66
6355;47-47-55.880N;069-36-41.478W;2.44
6356;47-47-56.127N;069-36-31.634W;2.13
6357;47-47-56.556N;069-38-43.933W;4.57
6358;47-47-56.540N;069-37-14.500W;3.35
6359;47-47-56.468N;069-36-20.319W;1.52
6360;47-47-56.436N;069-36-14.136W;1.22
6361;47-47-56.601N;069-38-38.510W;4.57
6362;47-47-56.876N;069-36-59.412W;3.05
6363;47-47-56.677N;069-36-49.137W;3.05
6364;47-47-57.284N;069-37-51.573W;3.35
6365;47-47-56.958N;069-37-46.564W;3.66
6366;47-47-57.416N;069-38-29.322W;3.96
6367;47-47-57.433N;069-38-07.741W;3.66
6368;47-47-57.663N;069-38-34.204W;4.27
6369;47-47-57.734N;069-37-32.783W;3.35
6370;47-47-57.928N;069-37-10.615W;3.35
6371;47-47-57.916N;069-36-28.913W;1.83
6372;47-47-58.140N;069-38-50.851W;4.88
6373;47-47-58.167N;069-38-13.121W;3.66
6374;47-47-58.186N;069-37-37.431W;3.35
6375;47-47-58.144N;069-36-11.228W;1.52
6376;47-47-58.739N;069-37-58.922W;3.66
6377;47-47-58.463N;069-36-56.262W;3.05
6378;47-47-58.682N;069-36-45.199W;3.05
6379;47-47-59.006N;069-38-25.574W;4.57
6380;47-47-59.041N;069-37-42.941W;3.66
6381;47-47-59.062N;069-36-39.150W;2.74
6382;47-47-58.884N;069-36-05.565W;-0.3
6383;47-47-59.134N;069-38-20.212W;3.66
6384;47-47-59.391N;069-38-04.302W;3.66
6385;47-47-59.244N;069-37-29.026W;3.35
6386;47-47-59.377N;069-37-23.226W;3.35
6387;47-47-59.269N;069-37-07.462W;3.35
6388;47-47-59.610N;069-38-46.797W;4.88
6389;47-47-59.572N;069-38-41.555W;4.57
6390;47-47-59.715N;069-36-24.967W;2.13
6391;47-47-59.835N;069-38-54.297W;5.49
6392;47-48-00.053N;069-37-49.307W;3.66
6393;47-48-00.154N;069-37-18.904W;3.35
6394;47-48-00.108N;069-36-41.677W;2.74
