;Lat (DMS);Long (DMS);Depth (m)
0;48-03-11.239N;069-17-59.617W;-5.14
1;48-03-11.069N;069-17-58.481W;-5.07
2;48-03-11.639N;069-17-59.525W;-4.98
3;48-03-11.709N;069-17-59.613W;-4.83
4;48-03-11.715N;069-17-59.139W;-4.94
5;48-03-12.035N;069-17-58.254W;-5.13
6;48-03-12.070N;069-17-59.650W;-4.79
7;48-03-12.264N;069-17-59.141W;-4.8
8;48-03-12.418N;069-17-58.745W;-5.0
9;48-03-12.359N;069-17-58.571W;-5.06
10;48-03-12.228N;069-17-58.172W;-5.1
11;48-03-12.688N;069-17-59.603W;-4.75
12;48-03-12.526N;069-17-59.152W;-4.7
13;48-03-12.608N;069-17-59.054W;-4.74
14;48-03-12.578N;069-17-58.564W;-4.9
15;48-03-12.612N;069-17-58.035W;-5.06
16;48-03-12.520N;069-17-57.763W;-5.1
17;48-03-13.063N;069-17-59.802W;-4.57
18;48-03-13.063N;069-17-59.339W;-4.74
19;48-03-13.128N;069-17-58.894W;-4.65
20;48-03-12.951N;069-17-58.421W;-4.8
21;48-03-12.882N;069-17-58.084W;-4.92
22;48-03-12.798N;069-17-57.752W;-4.98
23;48-03-13.056N;069-17-57.458W;-4.99
24;48-03-13.022N;069-17-57.253W;-5.04
25;48-03-13.021N;069-17-56.259W;-5.13
26;48-03-13.191N;069-17-59.635W;-4.53
27;48-03-13.311N;069-17-59.246W;-4.58
28;48-03-13.228N;069-17-58.966W;-4.61
29;48-03-13.253N;069-17-58.414W;-4.78
30;48-03-13.320N;069-17-58.341W;-4.85
31;48-03-13.175N;069-17-57.884W;-4.83
32;48-03-13.251N;069-17-57.587W;-4.83
33;48-03-13.378N;069-17-56.987W;-5.1
34;48-03-13.308N;069-17-56.240W;-5.12
35;48-03-13.226N;069-17-56.028W;-5.12
36;48-03-13.577N;069-17-59.619W;-4.79
37;48-03-13.511N;069-17-59.302W;-4.57
38;48-03-13.505N;069-17-58.753W;-4.51
39;48-03-13.527N;069-17-58.558W;-4.68
40;48-03-13.527N;069-17-58.078W;-4.79
41;48-03-13.831N;069-17-57.918W;-4.77
42;48-03-13.669N;069-17-57.321W;-4.78
43;48-03-13.505N;069-17-56.996W;-4.9
44;48-03-13.810N;069-17-56.823W;-4.91
45;48-03-13.541N;069-17-56.469W;-5.13
46;48-03-13.839N;069-17-56.067W;-5.05
47;48-03-14.021N;069-17-59.486W;-4.56
48;48-03-14.219N;069-17-59.455W;-4.66
49;48-03-14.157N;069-17-58.923W;-4.47
50;48-03-14.064N;069-17-58.505W;-4.63
51;48-03-13.864N;069-17-57.968W;-4.79
52;48-03-13.960N;069-17-57.454W;-4.66
53;48-03-13.886N;069-17-57.058W;-4.81
54;48-03-13.977N;069-17-56.720W;-4.86
55;48-03-14.014N;069-17-56.348W;-4.89
56;48-03-14.165N;069-17-55.950W;-4.92
57;48-03-14.220N;069-17-55.562W;-5.06
58;48-03-14.504N;069-17-59.573W;-4.41
59;48-03-14.360N;069-17-59.359W;-4.5
60;48-03-14.563N;069-17-59.037W;-4.63
61;48-03-14.336N;069-17-58.520W;-4.49
62;48-03-14.253N;069-17-58.223W;-4.55
63;48-03-14.352N;069-17-57.759W;-4.59
64;48-03-14.246N;069-17-57.304W;-4.69
65;48-03-14.326N;069-17-56.943W;-4.66
66;48-03-14.424N;069-17-56.613W;-4.7
67;48-03-14.314N;069-17-56.467W;-4.63
68;48-03-14.346N;069-17-55.954W;-4.83
69;48-03-14.354N;069-17-55.574W;-4.92
70;48-03-14.815N;069-17-59.678W;-4.42
71;48-03-14.877N;069-17-59.135W;-4.48
72;48-03-14.641N;069-17-58.989W;-4.41
73;48-03-14.647N;069-17-58.677W;-4.42
74;48-03-14.923N;069-17-58.280W;-4.46
75;48-03-14.715N;069-17-57.681W;-4.55
76;48-03-14.790N;069-17-57.360W;-4.52
77;48-03-14.926N;069-17-57.257W;-4.56
78;48-03-14.631N;069-17-56.774W;-4.4
79;48-03-14.834N;069-17-56.354W;-4.73
80;48-03-14.654N;069-17-55.871W;-4.76
81;48-03-14.710N;069-17-55.567W;-4.84
82;48-03-14.652N;069-17-55.283W;-4.83
83;48-03-14.789N;069-17-55.112W;-5.05
84;48-03-15.072N;069-17-59.555W;-4.31
85;48-03-15.220N;069-17-59.226W;-4.36
86;48-03-15.300N;069-17-58.942W;-4.45
87;48-03-14.953N;069-17-58.547W;-4.39
88;48-03-15.187N;069-17-58.258W;-4.41
89;48-03-14.966N;069-17-57.741W;-4.49
90;48-03-15.215N;069-17-57.522W;-4.56
91;48-03-15.156N;069-17-57.182W;-4.61
92;48-03-14.974N;069-17-56.860W;-4.7
93;48-03-14.965N;069-17-56.262W;-4.67
94;48-03-15.141N;069-17-55.962W;-4.76
95;48-03-15.165N;069-17-55.718W;-4.85
96;48-03-14.986N;069-17-55.367W;-4.88
97;48-03-15.071N;069-17-54.893W;-5.04
98;48-03-15.285N;069-17-54.565W;-5.13
99;48-03-15.595N;069-17-59.662W;-4.45
100;48-03-15.642N;069-17-59.253W;-4.37
101;48-03-15.310N;069-17-58.826W;-4.35
102;48-03-15.533N;069-17-58.463W;-4.37
103;48-03-15.605N;069-17-58.049W;-4.33
104;48-03-15.365N;069-17-57.907W;-4.39
105;48-03-15.503N;069-17-57.340W;-4.46
106;48-03-15.471N;069-17-57.020W;-4.46
107;48-03-15.389N;069-17-56.773W;-4.56
108;48-03-15.463N;069-17-56.283W;-4.6
109;48-03-15.449N;069-17-56.036W;-4.72
110;48-03-15.339N;069-17-55.701W;-4.8
111;48-03-15.608N;069-17-55.266W;-4.77
112;48-03-15.551N;069-17-54.960W;-4.9
113;48-03-15.480N;069-17-54.769W;-4.88
114;48-03-15.622N;069-17-54.270W;-4.98
115;48-03-15.727N;069-17-59.508W;-4.35
116;48-03-15.775N;069-17-59.234W;-4.28
117;48-03-15.758N;069-17-58.941W;-4.2
118;48-03-15.964N;069-17-58.687W;-4.29
119;48-03-15.786N;069-17-58.327W;-4.31
120;48-03-15.794N;069-17-57.712W;-4.4
121;48-03-15.961N;069-17-57.468W;-4.39
122;48-03-15.789N;069-17-57.280W;-4.43
123;48-03-15.751N;069-17-56.715W;-4.54
124;48-03-15.746N;069-17-56.365W;-4.57
125;48-03-15.704N;069-17-55.880W;-4.54
126;48-03-15.762N;069-17-55.548W;-4.68
127;48-03-15.839N;069-17-55.286W;-4.67
128;48-03-15.770N;069-17-54.803W;-4.75
129;48-03-15.731N;069-17-54.766W;-4.77
130;48-03-15.773N;069-17-54.291W;-4.93
131;48-03-15.979N;069-17-53.877W;-4.88
132;48-03-15.954N;069-17-53.610W;-5.01
133;48-03-16.248N;069-17-59.529W;-4.3
134;48-03-16.144N;069-17-59.150W;-4.25
135;48-03-16.198N;069-17-58.814W;-4.35
136;48-03-16.039N;069-17-58.515W;-4.45
137;48-03-16.323N;069-17-58.379W;-4.41
138;48-03-16.346N;069-17-57.942W;-4.47
139;48-03-16.337N;069-17-57.604W;-4.43
140;48-03-16.120N;069-17-57.261W;-4.38
141;48-03-16.188N;069-17-56.926W;-4.38
142;48-03-16.243N;069-17-56.266W;-4.41
143;48-03-16.333N;069-17-56.004W;-4.42
144;48-03-16.179N;069-17-55.516W;-4.49
145;48-03-16.158N;069-17-55.223W;-4.63
146;48-03-16.238N;069-17-54.842W;-4.61
147;48-03-16.141N;069-17-54.508W;-4.7
148;48-03-16.103N;069-17-54.167W;-4.72
149;48-03-16.104N;069-17-53.709W;-4.87
150;48-03-16.291N;069-17-53.378W;-4.93
151;48-03-16.312N;069-17-53.229W;-5.0
152;48-03-16.263N;069-17-52.149W;-5.07
153;48-03-16.485N;069-17-59.481W;-4.11
154;48-03-16.503N;069-17-59.214W;-4.17
155;48-03-16.596N;069-17-58.877W;-4.23
156;48-03-16.570N;069-17-58.393W;-4.39
157;48-03-16.638N;069-17-58.143W;-4.35
158;48-03-16.610N;069-17-57.697W;-4.33
159;48-03-16.605N;069-17-57.327W;-4.42
160;48-03-16.599N;069-17-57.031W;-4.34
161;48-03-16.692N;069-17-56.701W;-4.37
162;48-03-16.695N;069-17-56.455W;-4.49
163;48-03-16.508N;069-17-55.867W;-4.34
164;48-03-16.460N;069-17-55.550W;-4.47
165;48-03-16.393N;069-17-55.203W;-4.54
166;48-03-16.445N;069-17-55.138W;-4.52
167;48-03-16.676N;069-17-54.618W;-4.59
168;48-03-16.455N;069-17-54.218W;-4.75
169;48-03-16.541N;069-17-53.857W;-4.79
170;48-03-16.455N;069-17-53.485W;-4.95
171;48-03-16.440N;069-17-53.219W;-4.96
172;48-03-16.631N;069-17-52.978W;-4.99
173;48-03-16.977N;069-17-59.612W;-3.99
174;48-03-16.794N;069-17-59.191W;-4.12
175;48-03-16.930N;069-17-58.975W;-4.19
176;48-03-16.753N;069-17-58.386W;-4.23
177;48-03-17.008N;069-17-58.360W;-4.26
178;48-03-16.793N;069-17-57.886W;-4.31
179;48-03-16.754N;069-17-57.342W;-4.4
180;48-03-16.765N;069-17-57.044W;-4.26
181;48-03-16.823N;069-17-56.732W;-4.32
182;48-03-16.883N;069-17-56.364W;-4.44
183;48-03-17.033N;069-17-55.894W;-4.5
184;48-03-16.947N;069-17-55.636W;-4.52
185;48-03-17.030N;069-17-55.422W;-4.44
186;48-03-16.769N;069-17-54.812W;-4.48
187;48-03-16.817N;069-17-54.630W;-4.58
188;48-03-16.747N;069-17-54.155W;-4.6
189;48-03-16.771N;069-17-53.846W;-4.65
190;48-03-16.842N;069-17-53.385W;-4.78
191;48-03-16.752N;069-17-53.052W;-4.89
192;48-03-16.753N;069-17-52.662W;-4.94
193;48-03-16.756N;069-17-52.519W;-5.12
194;48-03-16.924N;069-17-52.174W;-5.09
195;48-03-17.198N;069-17-59.489W;-4.03
196;48-03-17.290N;069-17-59.100W;-4.14
197;48-03-17.362N;069-17-58.838W;-4.11
198;48-03-17.111N;069-17-58.685W;-4.22
199;48-03-17.109N;069-17-58.085W;-4.17
200;48-03-17.417N;069-17-57.785W;-4.19
201;48-03-17.411N;069-17-57.577W;-4.27
202;48-03-17.110N;069-17-56.972W;-4.17
203;48-03-17.239N;069-17-56.747W;-4.21
204;48-03-17.176N;069-17-56.275W;-4.41
205;48-03-17.121N;069-17-56.208W;-4.44
206;48-03-17.257N;069-17-55.551W;-4.29
207;48-03-17.231N;069-17-55.248W;-4.54
208;48-03-17.308N;069-17-54.936W;-4.34
209;48-03-17.180N;069-17-54.513W;-4.49
210;48-03-17.307N;069-17-54.230W;-4.54
211;48-03-17.109N;069-17-53.744W;-4.67
212;48-03-17.398N;069-17-53.463W;-4.64
213;48-03-17.428N;069-17-53.237W;-4.65
214;48-03-17.235N;069-17-52.648W;-4.76
215;48-03-17.145N;069-17-52.384W;-4.85
216;48-03-17.254N;069-17-52.182W;-4.86
217;48-03-17.237N;069-17-51.765W;-4.96
218;48-03-17.399N;069-17-51.469W;-5.01
219;48-03-17.517N;069-17-59.496W;-4.05
220;48-03-17.658N;069-17-59.380W;-4.02
221;48-03-17.511N;069-17-58.971W;-4.07
222;48-03-17.682N;069-17-58.417W;-4.13
223;48-03-17.679N;069-17-58.171W;-4.1
224;48-03-17.783N;069-17-57.897W;-4.2
225;48-03-17.629N;069-17-57.328W;-4.21
226;48-03-17.594N;069-17-56.987W;-4.26
227;48-03-17.626N;069-17-56.894W;-4.22
228;48-03-17.768N;069-17-56.269W;-4.19
229;48-03-17.817N;069-17-55.863W;-4.11
230;48-03-17.663N;069-17-55.532W;-4.29
231;48-03-17.624N;069-17-55.292W;-4.19
232;48-03-17.461N;069-17-54.896W;-4.26
233;48-03-17.761N;069-17-54.580W;-4.38
234;48-03-17.787N;069-17-54.123W;-4.47
235;48-03-17.688N;069-17-53.903W;-4.38
236;48-03-17.623N;069-17-53.416W;-4.58
237;48-03-17.614N;069-17-53.317W;-4.55
238;48-03-17.561N;069-17-52.647W;-4.6
239;48-03-17.561N;069-17-52.401W;-4.66
240;48-03-17.521N;069-17-52.212W;-4.76
241;48-03-17.558N;069-17-51.863W;-4.85
242;48-03-17.675N;069-17-51.268W;-5.06
243;48-03-17.723N;069-17-50.989W;-4.93
244;48-03-17.835N;069-17-59.730W;-4.02
245;48-03-17.914N;069-17-59.178W;-4.02
246;48-03-17.959N;069-17-58.926W;-4.02
247;48-03-17.873N;069-17-58.559W;-4.09
248;48-03-18.174N;069-17-58.102W;-4.06
249;48-03-17.823N;069-17-57.661W;-4.26
250;48-03-18.017N;069-17-57.316W;-4.16
251;48-03-17.855N;069-17-57.231W;-4.14
252;48-03-17.824N;069-17-56.872W;-4.2
253;48-03-18.143N;069-17-56.412W;-4.06
254;48-03-18.003N;069-17-56.124W;-4.0
255;48-03-18.001N;069-17-55.574W;-3.9
256;48-03-18.069N;069-17-55.457W;-4.17
257;48-03-18.074N;069-17-54.822W;-4.22
258;48-03-18.012N;069-17-54.745W;-4.24
259;48-03-17.996N;069-17-54.413W;-4.26
260;48-03-17.859N;069-17-53.842W;-4.5
261;48-03-17.894N;069-17-53.580W;-4.41
262;48-03-18.046N;069-17-53.152W;-4.58
263;48-03-17.939N;069-17-52.880W;-4.59
264;48-03-17.905N;069-17-52.349W;-4.64
265;48-03-17.838N;069-17-51.920W;-4.7
266;48-03-18.003N;069-17-51.568W;-4.59
267;48-03-17.893N;069-17-51.209W;-4.81
268;48-03-17.890N;069-17-51.064W;-4.82
269;48-03-18.051N;069-17-50.556W;-5.03
270;48-03-18.053N;069-17-50.229W;-4.96
271;48-03-18.359N;069-17-59.619W;-4.02
272;48-03-18.270N;069-17-59.450W;-4.0
273;48-03-18.228N;069-17-59.037W;-4.0
274;48-03-18.360N;069-17-58.435W;-4.03
275;48-03-18.325N;069-17-58.088W;-4.06
276;48-03-18.250N;069-17-57.842W;-4.09
277;48-03-18.391N;069-17-57.550W;-4.08
278;48-03-18.297N;069-17-57.049W;-4.07
279;48-03-18.292N;069-17-56.733W;-4.06
280;48-03-18.400N;069-17-56.470W;-4.03
281;48-03-18.186N;069-17-56.123W;-4.07
282;48-03-18.195N;069-17-55.576W;-4.06
283;48-03-18.428N;069-17-55.149W;-4.17
284;48-03-18.237N;069-17-54.830W;-4.03
285;48-03-18.458N;069-17-54.663W;-4.13
286;48-03-18.332N;069-17-54.117W;-4.19
287;48-03-18.346N;069-17-53.885W;-4.22
288;48-03-18.244N;069-17-53.407W;-4.27
289;48-03-18.202N;069-17-53.013W;-4.59
290;48-03-18.373N;069-17-52.890W;-4.51
291;48-03-18.378N;069-17-52.390W;-4.64
292;48-03-18.323N;069-17-52.156W;-4.58
293;48-03-18.220N;069-17-51.628W;-4.59
294;48-03-18.209N;069-17-51.194W;-4.65
295;48-03-18.251N;069-17-51.173W;-4.67
296;48-03-18.214N;069-17-50.475W;-4.79
297;48-03-18.246N;069-17-50.386W;-4.88
298;48-03-18.237N;069-17-49.777W;-5.11
299;48-03-18.409N;069-17-49.567W;-4.91
300;48-03-18.455N;069-17-49.269W;-4.94
301;48-03-18.594N;069-17-59.390W;-3.97
302;48-03-18.696N;069-17-58.442W;-4.03
303;48-03-18.608N;069-17-58.306W;-4.01
304;48-03-18.545N;069-17-57.711W;-4.04
305;48-03-18.547N;069-17-57.373W;-4.04
306;48-03-18.835N;069-17-57.144W;-4.04
307;48-03-18.555N;069-17-56.908W;-4.04
308;48-03-18.738N;069-17-56.225W;-4.02
309;48-03-18.558N;069-17-56.045W;-4.14
310;48-03-18.790N;069-17-55.564W;-4.02
311;48-03-18.650N;069-17-55.343W;-4.1
312;48-03-18.611N;069-17-54.939W;-4.11
313;48-03-18.560N;069-17-54.577W;-4.13
314;48-03-18.853N;069-17-54.063W;-4.15
315;48-03-18.618N;069-17-53.801W;-4.22
316;48-03-18.566N;069-17-53.393W;-4.21
317;48-03-18.547N;069-17-53.068W;-4.21
318;48-03-18.659N;069-17-52.718W;-4.32
319;48-03-18.601N;069-17-52.356W;-4.38
320;48-03-18.750N;069-17-52.097W;-4.49
321;48-03-18.787N;069-17-51.648W;-4.59
322;48-03-18.567N;069-17-51.313W;-4.53
323;48-03-18.670N;069-17-51.015W;-4.55
324;48-03-18.543N;069-17-50.648W;-4.59
325;48-03-18.617N;069-17-50.320W;-4.63
326;48-03-18.762N;069-17-49.862W;-4.95
327;48-03-18.854N;069-17-49.734W;-4.89
328;48-03-18.570N;069-17-49.119W;-5.1
329;48-03-18.881N;069-17-48.307W;-4.96
330;48-03-18.954N;069-17-58.468W;-3.92
331;48-03-19.174N;069-17-58.296W;-3.97
332;48-03-19.013N;069-17-57.932W;-3.99
333;48-03-19.070N;069-17-57.509W;-3.97
334;48-03-18.925N;069-17-57.167W;-4.04
335;48-03-19.080N;069-17-56.652W;-4.04
336;48-03-19.041N;069-17-56.403W;-4.07
337;48-03-18.902N;069-17-56.058W;-3.98
338;48-03-19.231N;069-17-55.730W;-3.98
339;48-03-19.102N;069-17-55.419W;-3.91
340;48-03-19.070N;069-17-54.784W;-4.12
341;48-03-19.144N;069-17-54.544W;-4.12
342;48-03-19.097N;069-17-54.197W;-4.13
343;48-03-19.140N;069-17-53.983W;-4.05
344;48-03-18.930N;069-17-53.446W;-4.19
345;48-03-18.971N;069-17-53.179W;-4.22
346;48-03-19.128N;069-17-52.945W;-4.03
347;48-03-19.025N;069-17-52.495W;-4.11
348;48-03-18.925N;069-17-51.941W;-4.32
349;48-03-19.181N;069-17-51.646W;-4.38
350;48-03-19.158N;069-17-51.449W;-4.46
351;48-03-19.030N;069-17-50.820W;-4.45
352;48-03-19.027N;069-17-50.524W;-4.6
353;48-03-19.068N;069-17-50.158W;-4.61
354;48-03-19.064N;069-17-49.879W;-4.56
355;48-03-19.024N;069-17-49.645W;-4.75
356;48-03-19.188N;069-17-49.043W;-4.89
357;48-03-19.124N;069-17-48.701W;-4.9
358;48-03-18.917N;069-17-48.573W;-4.86
359;48-03-19.220N;069-17-48.086W;-5.02
360;48-03-19.325N;069-17-58.232W;-3.88
361;48-03-19.372N;069-17-57.740W;-3.95
362;48-03-19.476N;069-17-57.428W;-4.01
363;48-03-19.596N;069-17-56.969W;-3.99
364;48-03-19.518N;069-17-56.680W;-4.04
365;48-03-19.375N;069-17-56.353W;-4.14
366;48-03-19.391N;069-17-56.132W;-4.09
367;48-03-19.453N;069-17-55.596W;-3.95
368;48-03-19.615N;069-17-55.432W;-4.03
369;48-03-19.614N;069-17-54.876W;-3.98
370;48-03-19.546N;069-17-54.605W;-3.98
371;48-03-19.493N;069-17-54.155W;-4.01
372;48-03-19.491N;069-17-53.733W;-4.11
373;48-03-19.383N;069-17-53.508W;-3.98
374;48-03-19.484N;069-17-53.048W;-4.1
375;48-03-19.266N;069-17-52.837W;-4.1
376;48-03-19.285N;069-17-52.458W;-4.17
377;48-03-19.304N;069-17-52.076W;-4.42
378;48-03-19.293N;069-17-51.702W;-4.51
379;48-03-19.350N;069-17-51.344W;-4.37
380;48-03-19.375N;069-17-51.079W;-4.51
381;48-03-19.519N;069-17-50.816W;-4.6
382;48-03-19.509N;069-17-50.411W;-4.61
383;48-03-19.524N;069-17-49.760W;-4.65
384;48-03-19.545N;069-17-49.722W;-4.64
385;48-03-19.324N;069-17-49.339W;-4.7
386;48-03-19.476N;069-17-48.827W;-4.69
387;48-03-19.265N;069-17-48.491W;-4.87
388;48-03-19.449N;069-17-48.059W;-4.85
389;48-03-19.510N;069-17-47.616W;-5.13
390;48-03-19.580N;069-17-47.468W;-5.09
391;48-03-19.731N;069-17-57.252W;-4.0
392;48-03-19.709N;069-17-56.789W;-3.99
393;48-03-19.662N;069-17-56.295W;-3.98
394;48-03-19.809N;069-17-56.015W;-4.04
395;48-03-19.648N;069-17-55.578W;-4.02
396;48-03-19.701N;069-17-55.361W;-4.06
397;48-03-19.878N;069-17-54.980W;-3.99
398;48-03-19.710N;069-17-54.437W;-3.98
399;48-03-19.673N;069-17-54.154W;-4.0
400;48-03-19.785N;069-17-53.898W;-3.99
401;48-03-19.902N;069-17-53.433W;-3.9
402;48-03-19.904N;069-17-53.158W;-3.98
403;48-03-19.839N;069-17-52.660W;-4.02
404;48-03-19.664N;069-17-52.306W;-4.25
405;48-03-19.771N;069-17-51.926W;-4.27
406;48-03-19.638N;069-17-51.649W;-4.39
407;48-03-19.666N;069-17-51.206W;-4.39
408;48-03-19.948N;069-17-50.862W;-4.55
409;48-03-19.770N;069-17-50.517W;-4.47
410;48-03-19.741N;069-17-50.339W;-4.57
411;48-03-19.803N;069-17-50.075W;-4.53
412;48-03-19.870N;069-17-49.613W;-4.65
413;48-03-19.819N;069-17-49.292W;-4.53
414;48-03-19.950N;069-17-49.018W;-4.47
415;48-03-19.680N;069-17-48.403W;-4.62
416;48-03-19.667N;069-17-48.092W;-4.7
417;48-03-19.722N;069-17-47.584W;-4.86
418;48-03-19.854N;069-17-47.240W;-5.05
419;48-03-19.980N;069-17-56.955W;-3.89
420;48-03-20.188N;069-17-56.224W;-3.98
421;48-03-20.093N;069-17-56.165W;-4.0
422;48-03-20.056N;069-17-55.618W;-4.28
423;48-03-20.280N;069-17-55.243W;-4.0
424;48-03-20.085N;069-17-55.070W;-3.97
425;48-03-20.334N;069-17-54.503W;-4.02
426;48-03-20.302N;069-17-54.197W;-4.0
427;48-03-20.277N;069-17-53.914W;-3.98
428;48-03-20.195N;069-17-53.398W;-4.04
429;48-03-20.328N;069-17-53.325W;-4.12
430;48-03-20.240N;069-17-52.893W;-4.09
431;48-03-20.043N;069-17-52.270W;-4.24
432;48-03-20.253N;069-17-51.955W;-4.27
433;48-03-20.304N;069-17-51.759W;-4.26
434;48-03-20.245N;069-17-51.362W;-4.38
435;48-03-19.995N;069-17-50.890W;-4.38
436;48-03-20.238N;069-17-50.609W;-4.48
437;48-03-20.334N;069-17-50.112W;-4.44
438;48-03-20.033N;069-17-49.816W;-4.6
439;48-03-19.995N;069-17-49.458W;-4.51
440;48-03-20.121N;069-17-49.107W;-4.51
441;48-03-20.296N;069-17-48.811W;-4.61
442;48-03-19.993N;069-17-48.414W;-4.63
443;48-03-20.072N;069-17-48.250W;-4.61
444;48-03-20.075N;069-17-47.692W;-4.7
445;48-03-20.106N;069-17-47.500W;-4.82
446;48-03-20.052N;069-17-47.017W;-4.93
447;48-03-20.009N;069-17-46.625W;-5.11
448;48-03-20.494N;069-17-55.208W;-3.99
449;48-03-20.436N;069-17-54.979W;-4.0
450;48-03-20.387N;069-17-54.613W;-3.99
451;48-03-20.629N;069-17-54.214W;-3.91
452;48-03-20.540N;069-17-54.017W;-4.0
453;48-03-20.362N;069-17-53.382W;-4.08
454;48-03-20.637N;069-17-53.102W;-4.08
455;48-03-20.604N;069-17-52.823W;-4.12
456;48-03-20.613N;069-17-52.330W;-4.1
457;48-03-20.487N;069-17-51.938W;-4.14
458;48-03-20.484N;069-17-51.801W;-4.21
459;48-03-20.526N;069-17-51.526W;-4.2
460;48-03-20.354N;069-17-51.174W;-4.24
461;48-03-20.553N;069-17-50.707W;-4.3
462;48-03-20.613N;069-17-49.865W;-4.37
463;48-03-20.563N;069-17-49.401W;-4.46
464;48-03-20.676N;069-17-49.120W;-4.63
465;48-03-20.476N;069-17-48.863W;-4.64
466;48-03-20.622N;069-17-48.408W;-4.49
467;48-03-20.628N;069-17-48.165W;-4.64
468;48-03-20.436N;069-17-47.641W;-4.61
469;48-03-20.345N;069-17-47.423W;-4.69
470;48-03-20.522N;069-17-46.878W;-4.7
471;48-03-20.471N;069-17-46.649W;-4.86
472;48-03-20.477N;069-17-46.375W;-4.95
473;48-03-20.656N;069-17-46.139W;-5.04
474;48-03-20.889N;069-17-55.188W;-3.95
475;48-03-20.901N;069-17-54.830W;-3.98
476;48-03-20.743N;069-17-54.205W;-3.99
477;48-03-20.891N;069-17-53.998W;-4.02
478;48-03-20.806N;069-17-53.491W;-4.09
479;48-03-20.986N;069-17-53.117W;-3.94
480;48-03-20.938N;069-17-52.642W;-4.0
481;48-03-20.909N;069-17-52.369W;-4.01
482;48-03-20.875N;069-17-52.168W;-3.99
483;48-03-20.761N;069-17-51.579W;-4.15
484;48-03-20.883N;069-17-51.209W;-4.21
485;48-03-20.876N;069-17-50.931W;-4.3
486;48-03-20.772N;069-17-50.542W;-4.26
487;48-03-20.970N;069-17-50.212W;-4.28
488;48-03-20.784N;069-17-49.751W;-4.52
489;48-03-20.806N;069-17-49.715W;-4.48
490;48-03-20.833N;069-17-49.142W;-4.39
491;48-03-20.782N;069-17-48.806W;-4.59
492;48-03-20.723N;069-17-48.467W;-4.51
493;48-03-20.762N;069-17-47.949W;-4.63
494;48-03-20.704N;069-17-47.773W;-4.66
495;48-03-20.838N;069-17-47.574W;-4.5
496;48-03-20.989N;069-17-46.892W;-4.62
497;48-03-20.845N;069-17-46.635W;-4.66
498;48-03-20.865N;069-17-46.286W;-5.0
499;48-03-20.827N;069-17-45.893W;-4.97
500;48-03-21.060N;069-17-45.422W;-5.13
501;48-03-21.075N;069-17-54.910W;-4.02
502;48-03-21.125N;069-17-53.395W;-3.93
503;48-03-21.100N;069-17-53.209W;-3.99
504;48-03-21.288N;069-17-52.664W;-3.98
505;48-03-21.240N;069-17-52.494W;-4.02
506;48-03-21.235N;069-17-51.952W;-4.02
507;48-03-21.389N;069-17-51.693W;-4.14
508;48-03-21.202N;069-17-51.392W;-4.01
509;48-03-21.351N;069-17-50.913W;-3.99
510;48-03-21.091N;069-17-50.691W;-4.28
511;48-03-21.177N;069-17-50.409W;-4.24
512;48-03-21.337N;069-17-50.026W;-4.2
513;48-03-21.373N;069-17-49.436W;-4.5
514;48-03-21.254N;069-17-49.275W;-4.22
515;48-03-21.394N;069-17-48.840W;-4.38
516;48-03-21.320N;069-17-48.579W;-4.34
517;48-03-21.204N;069-17-48.173W;-4.52
518;48-03-21.139N;069-17-47.603W;-4.48
519;48-03-21.275N;069-17-47.224W;-4.59
520;48-03-21.218N;069-17-46.960W;-4.51
521;48-03-21.284N;069-17-46.639W;-4.63
522;48-03-21.273N;069-17-46.210W;-4.7
523;48-03-21.321N;069-17-46.038W;-4.74
524;48-03-21.174N;069-17-45.446W;-4.97
525;48-03-21.343N;069-17-45.250W;-4.98
526;48-03-21.629N;069-17-52.949W;-3.96
527;48-03-21.480N;069-17-52.592W;-3.86
528;48-03-21.570N;069-17-51.555W;-4.1
529;48-03-21.440N;069-17-51.412W;-4.15
530;48-03-21.688N;069-17-51.012W;-4.17
531;48-03-21.742N;069-17-50.667W;-4.1
532;48-03-21.534N;069-17-50.289W;-4.06
533;48-03-21.454N;069-17-49.980W;-4.09
534;48-03-21.503N;069-17-49.525W;-4.17
535;48-03-21.423N;069-17-49.244W;-4.48
536;48-03-21.574N;069-17-48.854W;-4.19
537;48-03-21.684N;069-17-48.577W;-4.34
538;48-03-21.584N;069-17-48.080W;-4.33
539;48-03-21.459N;069-17-47.608W;-4.43
540;48-03-21.515N;069-17-47.436W;-4.67
541;48-03-21.436N;069-17-46.865W;-4.58
542;48-03-21.451N;069-17-46.823W;-4.6
543;48-03-21.510N;069-17-46.144W;-4.54
544;48-03-21.520N;069-17-46.127W;-4.56
545;48-03-21.558N;069-17-45.486W;-4.82
546;48-03-21.562N;069-17-45.173W;-4.91
547;48-03-21.487N;069-17-44.844W;-5.03
548;48-03-21.468N;069-17-44.672W;-5.13
549;48-03-21.917N;069-17-57.028W;-3.81
550;48-03-21.856N;069-17-56.930W;-4.33
551;48-03-21.938N;069-17-53.046W;-4.01
552;48-03-21.942N;069-17-52.873W;-3.99
553;48-03-21.891N;069-17-51.513W;-3.99
554;48-03-21.880N;069-17-50.891W;-4.18
555;48-03-22.001N;069-17-50.720W;-4.13
556;48-03-21.795N;069-17-50.253W;-4.13
557;48-03-21.926N;069-17-49.756W;-4.09
558;48-03-22.013N;069-17-49.605W;-4.04
559;48-03-21.896N;069-17-49.249W;-4.24
560;48-03-22.021N;069-17-48.888W;-4.24
561;48-03-21.799N;069-17-48.556W;-4.27
562;48-03-21.829N;069-17-48.220W;-4.28
563;48-03-21.851N;069-17-47.761W;-4.32
564;48-03-21.811N;069-17-47.428W;-4.38
565;48-03-21.940N;069-17-46.918W;-4.35
566;48-03-22.013N;069-17-46.530W;-4.38
567;48-03-21.784N;069-17-46.273W;-4.47
568;48-03-22.038N;069-17-46.056W;-4.59
569;48-03-21.951N;069-17-45.608W;-4.64
570;48-03-21.789N;069-17-45.231W;-4.77
571;48-03-21.926N;069-17-44.790W;-4.82
572;48-03-21.847N;069-17-44.512W;-4.98
573;48-03-22.117N;069-17-44.244W;-4.99
574;48-03-22.131N;069-17-43.973W;-5.07
575;48-03-22.143N;069-17-51.354W;-3.96
576;48-03-22.181N;069-17-50.880W;-4.07
577;48-03-22.487N;069-17-50.505W;-3.97
578;48-03-22.208N;069-17-50.108W;-4.07
579;48-03-22.286N;069-17-50.015W;-4.05
580;48-03-22.160N;069-17-49.473W;-4.1
581;48-03-22.295N;069-17-49.119W;-4.03
582;48-03-22.437N;069-17-48.844W;-4.12
583;48-03-22.276N;069-17-48.495W;-4.03
584;48-03-22.362N;069-17-48.089W;-4.02
585;48-03-22.374N;069-17-47.600W;-3.98
586;48-03-22.186N;069-17-47.455W;-4.19
587;48-03-22.384N;069-17-46.886W;-4.3
588;48-03-22.203N;069-17-46.604W;-4.47
589;48-03-22.200N;069-17-46.310W;-4.66
590;48-03-22.296N;069-17-46.058W;-4.5
591;48-03-22.267N;069-17-45.508W;-4.67
592;48-03-22.318N;069-17-45.412W;-4.56
593;48-03-22.274N;069-17-44.841W;-4.45
594;48-03-22.273N;069-17-44.505W;-4.71
595;48-03-22.480N;069-17-43.990W;-4.9
596;48-03-22.277N;069-17-43.924W;-5.04
597;48-03-22.680N;069-17-52.930W;-4.05
598;48-03-22.510N;069-17-50.469W;-3.97
599;48-03-22.716N;069-17-50.226W;-3.99
600;48-03-22.628N;069-17-49.761W;-4.02
601;48-03-22.707N;069-17-49.470W;-4.1
602;48-03-22.518N;069-17-49.095W;-3.99
603;48-03-22.690N;069-17-48.792W;-4.05
604;48-03-22.630N;069-17-48.368W;-4.03
605;48-03-22.547N;069-17-48.232W;-4.04
606;48-03-22.659N;069-17-47.626W;-4.12
607;48-03-22.782N;069-17-47.291W;-4.18
608;48-03-22.600N;069-17-47.058W;-4.16
609;48-03-22.826N;069-17-46.638W;-4.13
610;48-03-22.583N;069-17-46.267W;-4.35
611;48-03-22.633N;069-17-45.970W;-4.49
612;48-03-22.661N;069-17-45.765W;-4.41
613;48-03-22.517N;069-17-45.192W;-4.45
614;48-03-22.540N;069-17-44.832W;-4.6
615;48-03-22.613N;069-17-44.697W;-4.57
616;48-03-22.601N;069-17-43.981W;-4.7
617;48-03-22.538N;069-17-43.635W;-5.06
618;48-03-22.609N;069-17-43.377W;-4.93
619;48-03-22.694N;069-17-43.032W;-5.06
620;48-03-22.825N;069-17-42.766W;-4.95
621;48-03-22.917N;069-17-54.377W;-4.02
622;48-03-23.139N;069-17-51.210W;-3.95
623;48-03-23.008N;069-17-50.392W;-3.96
624;48-03-22.986N;069-17-49.789W;-3.98
625;48-03-22.989N;069-17-49.718W;-4.08
626;48-03-23.032N;069-17-49.334W;-3.98
627;48-03-22.901N;069-17-48.760W;-4.09
628;48-03-22.903N;069-17-48.412W;-4.04
629;48-03-22.875N;069-17-48.169W;-4.0
630;48-03-22.881N;069-17-47.843W;-4.16
631;48-03-22.962N;069-17-47.298W;-4.15
632;48-03-23.130N;069-17-46.992W;-4.08
633;48-03-22.961N;069-17-46.605W;-4.15
634;48-03-23.045N;069-17-46.148W;-4.2
635;48-03-23.049N;069-17-45.913W;-4.22
636;48-03-23.208N;069-17-45.603W;-4.33
637;48-03-22.898N;069-17-45.301W;-4.48
638;48-03-23.130N;069-17-44.717W;-4.53
639;48-03-22.991N;069-17-44.378W;-4.63
640;48-03-23.008N;069-17-44.013W;-4.69
641;48-03-23.010N;069-17-43.960W;-4.67
642;48-03-23.071N;069-17-43.268W;-4.71
643;48-03-23.020N;069-17-43.114W;-4.88
644;48-03-22.946N;069-17-42.580W;-4.89
645;48-03-22.946N;069-17-42.402W;-5.02
646;48-03-22.937N;069-17-42.112W;-5.12
647;48-03-23.024N;069-17-41.598W;-5.11
648;48-03-23.181N;069-17-41.395W;-5.07
649;48-03-23.375N;069-17-50.596W;-3.98
650;48-03-23.230N;069-17-50.403W;-3.82
651;48-03-23.264N;069-17-49.055W;-3.91
652;48-03-23.431N;069-17-48.821W;-3.99
653;48-03-23.331N;069-17-48.649W;-4.01
654;48-03-23.284N;069-17-48.111W;-3.97
655;48-03-23.264N;069-17-47.612W;-3.98
656;48-03-23.266N;069-17-47.363W;-4.0
657;48-03-23.268N;069-17-46.907W;-4.04
658;48-03-23.268N;069-17-46.842W;-4.04
659;48-03-23.407N;069-17-46.186W;-4.03
660;48-03-23.459N;069-17-45.994W;-4.05
661;48-03-23.220N;069-17-45.676W;-4.41
662;48-03-23.519N;069-17-45.369W;-4.41
663;48-03-23.485N;069-17-44.983W;-4.47
664;48-03-23.342N;069-17-44.685W;-4.57
665;48-03-23.267N;069-17-44.223W;-4.59
666;48-03-23.281N;069-17-43.903W;-4.58
667;48-03-23.291N;069-17-43.585W;-4.56
668;48-03-23.340N;069-17-43.089W;-4.63
669;48-03-23.237N;069-17-42.621W;-4.83
670;48-03-23.270N;069-17-42.293W;-4.77
671;48-03-23.514N;069-17-41.903W;-4.85
672;48-03-23.383N;069-17-41.482W;-5.01
673;48-03-23.379N;069-17-41.120W;-5.04
674;48-03-23.319N;069-17-41.002W;-5.1
675;48-03-23.585N;069-17-46.465W;-3.96
676;48-03-23.818N;069-17-46.113W;-3.98
677;48-03-23.730N;069-17-45.435W;-4.07
678;48-03-23.585N;069-17-45.097W;-4.37
679;48-03-23.594N;069-17-44.812W;-4.42
680;48-03-23.741N;069-17-44.664W;-4.39
681;48-03-23.848N;069-17-44.124W;-4.44
682;48-03-23.617N;069-17-43.825W;-4.55
683;48-03-23.817N;069-17-43.364W;-4.52
684;48-03-23.751N;069-17-43.142W;-4.35
685;48-03-23.849N;069-17-42.635W;-4.55
686;48-03-23.596N;069-17-42.342W;-4.7
687;48-03-23.758N;069-17-41.854W;-4.71
688;48-03-23.604N;069-17-41.505W;-4.8
689;48-03-23.764N;069-17-41.130W;-4.77
690;48-03-23.587N;069-17-40.849W;-4.91
691;48-03-23.665N;069-17-40.427W;-5.12
692;48-03-23.585N;069-17-40.071W;-5.12
693;48-03-23.748N;069-17-39.665W;-5.04
694;48-03-23.924N;069-17-39.148W;-5.06
695;48-03-24.231N;069-17-45.469W;-4.0
696;48-03-24.122N;069-17-45.333W;-4.0
697;48-03-24.064N;069-17-44.950W;-4.17
698;48-03-23.959N;069-17-44.471W;-4.27
699;48-03-24.073N;069-17-44.290W;-4.31
700;48-03-24.167N;069-17-43.738W;-4.29
701;48-03-24.203N;069-17-43.294W;-4.54
702;48-03-24.202N;069-17-43.149W;-4.56
703;48-03-24.252N;069-17-42.746W;-4.53
704;48-03-24.057N;069-17-42.511W;-4.52
705;48-03-24.135N;069-17-42.061W;-4.55
706;48-03-24.201N;069-17-41.744W;-4.64
707;48-03-24.185N;069-17-41.275W;-4.7
708;48-03-24.045N;069-17-41.043W;-4.78
709;48-03-23.958N;069-17-40.402W;-4.86
710;48-03-24.211N;069-17-40.213W;-4.89
711;48-03-24.106N;069-17-40.017W;-4.94
712;48-03-24.065N;069-17-39.398W;-4.96
713;48-03-24.072N;069-17-39.090W;-4.96
714;48-03-24.077N;069-17-38.673W;-5.05
715;48-03-24.397N;069-17-44.709W;-4.01
716;48-03-24.512N;069-17-44.406W;-4.04
717;48-03-24.407N;069-17-43.984W;-4.2
718;48-03-24.399N;069-17-43.856W;-4.24
719;48-03-24.576N;069-17-43.268W;-4.14
720;48-03-24.517N;069-17-43.212W;-4.31
721;48-03-24.426N;069-17-42.784W;-4.23
722;48-03-24.513N;069-17-42.529W;-4.56
723;48-03-24.412N;069-17-42.168W;-4.42
724;48-03-24.326N;069-17-41.628W;-4.67
725;48-03-24.328N;069-17-41.460W;-4.76
726;48-03-24.311N;069-17-40.827W;-4.74
727;48-03-24.399N;069-17-40.493W;-4.75
728;48-03-24.567N;069-17-40.339W;-4.77
729;48-03-24.350N;069-17-39.855W;-4.76
730;48-03-24.380N;069-17-39.370W;-4.76
731;48-03-24.563N;069-17-38.984W;-4.87
732;48-03-24.536N;069-17-38.780W;-4.93
733;48-03-24.468N;069-17-38.447W;-5.11
734;48-03-24.509N;069-17-38.205W;-5.11
735;48-03-24.593N;069-17-37.705W;-5.06
736;48-03-24.789N;069-17-44.489W;-3.97
737;48-03-24.721N;069-17-44.025W;-4.03
738;48-03-24.760N;069-17-43.764W;-4.06
739;48-03-24.941N;069-17-43.374W;-4.1
740;48-03-24.661N;069-17-43.181W;-4.23
741;48-03-24.810N;069-17-42.745W;-4.31
742;48-03-24.740N;069-17-42.284W;-4.41
743;48-03-24.915N;069-17-41.880W;-4.42
744;48-03-24.764N;069-17-41.485W;-4.56
745;48-03-24.816N;069-17-41.135W;-4.55
746;48-03-24.761N;069-17-41.005W;-4.51
747;48-03-24.866N;069-17-40.454W;-4.63
748;48-03-24.745N;069-17-40.172W;-4.66
749;48-03-24.717N;069-17-39.813W;-4.71
750;48-03-24.683N;069-17-39.644W;-4.68
751;48-03-24.749N;069-17-38.972W;-4.84
752;48-03-24.820N;069-17-38.622W;-4.97
753;48-03-24.696N;069-17-38.440W;-5.0
754;48-03-24.835N;069-17-38.139W;-5.0
755;48-03-24.882N;069-17-37.564W;-5.11
756;48-03-24.889N;069-17-37.247W;-5.12
757;48-03-25.060N;069-17-43.990W;-3.9
758;48-03-25.303N;069-17-43.848W;-4.06
759;48-03-25.194N;069-17-43.269W;-4.01
760;48-03-25.031N;069-17-43.210W;-4.03
761;48-03-25.128N;069-17-42.619W;-4.14
762;48-03-25.020N;069-17-42.256W;-4.27
763;48-03-25.040N;069-17-41.823W;-4.2
764;48-03-25.155N;069-17-41.700W;-4.25
765;48-03-25.145N;069-17-41.196W;-4.37
766;48-03-25.369N;069-17-40.743W;-4.5
767;48-03-25.199N;069-17-40.641W;-4.54
768;48-03-25.217N;069-17-40.283W;-4.42
769;48-03-25.321N;069-17-39.756W;-4.64
770;48-03-25.148N;069-17-39.572W;-4.7
771;48-03-25.058N;069-17-39.147W;-4.69
772;48-03-25.041N;069-17-38.725W;-4.82
773;48-03-25.054N;069-17-38.521W;-4.86
774;48-03-25.169N;069-17-38.076W;-4.89
775;48-03-25.079N;069-17-37.742W;-4.96
776;48-03-25.048N;069-17-37.500W;-5.02
777;48-03-25.046N;069-17-36.900W;-5.04
778;48-03-25.147N;069-17-36.603W;-5.02
779;48-03-25.218N;069-17-36.325W;-5.04
780;48-03-25.403N;069-17-43.714W;-3.97
781;48-03-25.397N;069-17-43.132W;-4.02
782;48-03-25.506N;069-17-42.217W;-4.06
783;48-03-25.637N;069-17-41.874W;-4.03
784;48-03-25.525N;069-17-41.646W;-4.1
785;48-03-25.521N;069-17-41.266W;-4.25
786;48-03-25.383N;069-17-40.867W;-4.43
787;48-03-25.568N;069-17-40.448W;-4.52
788;48-03-25.499N;069-17-40.124W;-4.52
789;48-03-25.669N;069-17-39.826W;-4.6
790;48-03-25.527N;069-17-39.353W;-4.6
791;48-03-25.422N;069-17-39.119W;-4.65
792;48-03-25.600N;069-17-38.584W;-4.78
793;48-03-25.579N;069-17-38.389W;-4.76
794;48-03-25.486N;069-17-37.888W;-4.87
795;48-03-25.543N;069-17-37.609W;-4.8
796;48-03-25.600N;069-17-37.222W;-4.87
797;48-03-25.391N;069-17-36.925W;-4.92
798;48-03-25.486N;069-17-36.554W;-4.99
799;48-03-25.388N;069-17-36.229W;-4.95
800;48-03-25.694N;069-17-35.877W;-5.0
801;48-03-25.732N;069-17-35.680W;-4.93
802;48-03-25.544N;069-17-35.049W;-5.06
803;48-03-25.769N;069-17-41.657W;-4.07
804;48-03-25.904N;069-17-41.318W;-4.05
805;48-03-26.083N;069-17-40.794W;-4.17
806;48-03-25.778N;069-17-40.738W;-4.28
807;48-03-25.849N;069-17-40.241W;-4.26
808;48-03-26.053N;069-17-39.908W;-4.19
809;48-03-25.865N;069-17-39.486W;-4.25
810;48-03-25.751N;069-17-39.042W;-4.65
811;48-03-25.877N;069-17-38.631W;-4.6
812;48-03-26.035N;069-17-38.312W;-4.59
813;48-03-25.990N;069-17-37.976W;-4.65
814;48-03-25.800N;069-17-37.831W;-4.73
815;48-03-25.748N;069-17-37.207W;-4.77
816;48-03-26.000N;069-17-37.028W;-4.68
817;48-03-25.812N;069-17-36.661W;-4.79
818;48-03-25.760N;069-17-36.384W;-4.82
819;48-03-25.926N;069-17-35.850W;-4.78
820;48-03-25.855N;069-17-35.342W;-4.91
821;48-03-25.837N;069-17-34.991W;-4.96
822;48-03-25.918N;069-17-34.960W;-4.93
823;48-03-25.888N;069-17-34.574W;-5.05
824;48-03-26.039N;069-17-34.148W;-5.03
825;48-03-26.206N;069-17-40.852W;-3.91
826;48-03-26.241N;069-17-40.423W;-4.06
827;48-03-26.420N;069-17-40.125W;-4.09
828;48-03-26.227N;069-17-39.669W;-4.21
829;48-03-26.235N;069-17-39.450W;-4.4
830;48-03-26.330N;069-17-39.262W;-4.44
831;48-03-26.438N;069-17-38.591W;-4.4
832;48-03-26.177N;069-17-38.448W;-4.44
833;48-03-26.217N;069-17-37.872W;-4.54
834;48-03-26.271N;069-17-37.702W;-4.49
835;48-03-26.317N;069-17-37.237W;-4.54
836;48-03-26.441N;069-17-37.017W;-4.64
837;48-03-26.146N;069-17-36.677W;-4.66
838;48-03-26.103N;069-17-36.077W;-4.77
839;48-03-26.242N;069-17-35.731W;-4.78
840;48-03-26.343N;069-17-35.124W;-4.88
841;48-03-26.229N;069-17-34.649W;-4.88
842;48-03-26.133N;069-17-34.469W;-5.04
843;48-03-26.269N;069-17-34.096W;-5.11
844;48-03-26.373N;069-17-33.646W;-5.07
845;48-03-26.398N;069-17-33.515W;-5.07
846;48-03-26.664N;069-17-45.544W;-4.06
847;48-03-26.642N;069-17-41.273W;-4.02
848;48-03-26.506N;069-17-39.715W;-4.07
849;48-03-26.577N;069-17-39.415W;-4.15
850;48-03-26.532N;069-17-39.099W;-4.21
851;48-03-26.662N;069-17-38.877W;-4.35
852;48-03-26.670N;069-17-38.234W;-4.5
853;48-03-26.658N;069-17-38.073W;-4.55
854;48-03-26.688N;069-17-37.514W;-4.49
855;48-03-26.754N;069-17-37.253W;-4.55
856;48-03-26.555N;069-17-36.884W;-4.63
857;48-03-26.566N;069-17-36.643W;-4.59
858;48-03-26.490N;069-17-36.233W;-4.59
859;48-03-26.572N;069-17-35.785W;-4.67
860;48-03-26.670N;069-17-35.670W;-4.6
861;48-03-26.508N;069-17-35.297W;-4.71
862;48-03-26.516N;069-17-34.726W;-4.78
863;48-03-26.721N;069-17-34.277W;-4.84
864;48-03-26.586N;069-17-33.905W;-4.93
865;48-03-26.565N;069-17-33.761W;-5.1
866;48-03-26.740N;069-17-33.320W;-5.05
867;48-03-26.518N;069-17-33.126W;-5.07
868;48-03-26.697N;069-17-32.646W;-5.02
869;48-03-26.688N;069-17-32.387W;-5.04
870;48-03-26.832N;069-17-39.805W;-3.94
871;48-03-26.828N;069-17-39.532W;-3.95
872;48-03-26.877N;069-17-38.949W;-4.07
873;48-03-26.828N;069-17-38.740W;-4.24
874;48-03-26.835N;069-17-38.468W;-4.18
875;48-03-26.862N;069-17-38.218W;-4.26
876;48-03-26.835N;069-17-37.770W;-4.34
877;48-03-26.880N;069-17-37.439W;-4.54
878;48-03-26.932N;069-17-36.838W;-4.44
879;48-03-27.037N;069-17-36.738W;-4.35
880;48-03-27.099N;069-17-36.366W;-4.53
881;48-03-26.965N;069-17-35.805W;-4.49
882;48-03-26.876N;069-17-35.604W;-4.58
883;48-03-26.945N;069-17-35.285W;-4.61
884;48-03-26.875N;069-17-34.636W;-4.57
885;48-03-26.865N;069-17-34.332W;-4.69
886;48-03-26.844N;069-17-33.909W;-4.75
887;48-03-26.822N;069-17-33.713W;-4.89
888;48-03-26.964N;069-17-33.276W;-4.79
889;48-03-26.922N;069-17-32.964W;-4.9
890;48-03-26.906N;069-17-32.698W;-4.97
891;48-03-26.884N;069-17-32.178W;-5.07
892;48-03-27.215N;069-17-43.163W;-4.44
893;48-03-27.328N;069-17-38.220W;-4.0
894;48-03-27.387N;069-17-37.883W;-4.11
895;48-03-27.292N;069-17-37.531W;-4.21
896;48-03-27.201N;069-17-37.141W;-4.21
897;48-03-27.349N;069-17-36.830W;-4.19
898;48-03-27.314N;069-17-36.421W;-4.35
899;48-03-27.204N;069-17-36.130W;-4.58
900;48-03-27.356N;069-17-35.924W;-4.55
901;48-03-27.371N;069-17-35.588W;-4.4
902;48-03-27.355N;069-17-35.246W;-4.72
903;48-03-27.200N;069-17-34.726W;-4.53
904;48-03-27.280N;069-17-34.423W;-4.61
905;48-03-27.419N;069-17-33.940W;-4.55
906;48-03-27.208N;069-17-33.622W;-4.61
907;48-03-27.187N;069-17-33.370W;-4.65
908;48-03-27.197N;069-17-32.976W;-4.75
909;48-03-27.488N;069-17-32.546W;-4.63
910;48-03-27.244N;069-17-32.345W;-4.93
911;48-03-27.373N;069-17-31.846W;-4.93
912;48-03-27.240N;069-17-31.509W;-5.02
913;48-03-27.498N;069-17-31.053W;-5.04
914;48-03-27.329N;069-17-30.762W;-5.05
915;48-03-27.331N;069-17-30.634W;-5.08
916;48-03-27.837N;069-17-41.105W;-4.81
917;48-03-27.838N;069-17-41.092W;-4.75
918;48-03-27.567N;069-17-37.759W;-4.03
919;48-03-27.652N;069-17-37.496W;-4.02
920;48-03-27.698N;069-17-36.826W;-4.02
921;48-03-27.668N;069-17-36.702W;-4.08
922;48-03-27.641N;069-17-36.360W;-4.09
923;48-03-27.804N;069-17-35.889W;-4.13
924;48-03-27.553N;069-17-35.495W;-4.36
925;48-03-27.860N;069-17-34.982W;-4.29
926;48-03-27.873N;069-17-34.708W;-4.29
927;48-03-27.675N;069-17-34.361W;-4.53
928;48-03-27.842N;069-17-33.972W;-4.37
929;48-03-27.541N;069-17-33.852W;-4.49
930;48-03-27.698N;069-17-33.248W;-4.61
931;48-03-27.824N;069-17-32.823W;-4.62
932;48-03-27.702N;069-17-32.500W;-4.64
933;48-03-27.616N;069-17-32.175W;-4.65
934;48-03-27.651N;069-17-31.802W;-4.74
935;48-03-27.612N;069-17-31.448W;-4.89
936;48-03-27.657N;069-17-31.078W;-4.82
937;48-03-27.592N;069-17-30.871W;-4.96
938;48-03-27.823N;069-17-30.479W;-4.87
939;48-03-27.897N;069-17-30.025W;-5.11
940;48-03-27.679N;069-17-29.564W;-5.08
941;48-03-27.971N;069-17-48.284W;-4.12
942;48-03-27.953N;069-17-35.704W;-4.16
943;48-03-28.002N;069-17-35.538W;-4.23
944;48-03-28.033N;069-17-35.119W;-4.03
945;48-03-28.002N;069-17-34.815W;-4.2
946;48-03-28.003N;069-17-34.571W;-4.12
947;48-03-28.077N;069-17-33.932W;-4.41
948;48-03-28.145N;069-17-33.878W;-4.32
949;48-03-27.981N;069-17-33.405W;-4.33
950;48-03-27.968N;069-17-33.163W;-4.62
951;48-03-28.014N;069-17-32.657W;-4.54
952;48-03-27.922N;069-17-32.219W;-4.59
953;48-03-28.045N;069-17-32.082W;-4.66
954;48-03-27.970N;069-17-31.556W;-4.62
955;48-03-28.150N;069-17-31.306W;-4.68
956;48-03-28.070N;069-17-30.758W;-4.92
957;48-03-27.963N;069-17-30.403W;-4.96
958;48-03-28.035N;069-17-30.060W;-5.0
959;48-03-28.006N;069-17-29.801W;-5.1
960;48-03-28.173N;069-17-29.303W;-5.07
961;48-03-28.174N;069-17-28.737W;-5.09
962;48-03-28.223N;069-17-28.240W;-5.1
963;48-03-28.100N;069-17-28.063W;-5.1
964;48-03-28.157N;069-17-24.872W;-5.1
965;48-03-28.311N;069-17-35.582W;-3.94
966;48-03-28.300N;069-17-35.104W;-3.97
967;48-03-28.260N;069-17-34.824W;-4.08
968;48-03-28.319N;069-17-34.357W;-4.13
969;48-03-28.312N;069-17-34.208W;-4.2
970;48-03-28.373N;069-17-33.770W;-4.3
971;48-03-28.292N;069-17-33.523W;-4.4
972;48-03-28.374N;069-17-32.914W;-4.36
973;48-03-28.304N;069-17-32.662W;-4.38
974;48-03-28.606N;069-17-32.134W;-4.58
975;48-03-28.331N;069-17-31.941W;-4.67
976;48-03-28.349N;069-17-31.612W;-4.6
977;48-03-28.417N;069-17-31.067W;-4.59
978;48-03-28.306N;069-17-30.738W;-4.62
979;48-03-28.299N;069-17-30.568W;-4.74
980;48-03-28.357N;069-17-30.120W;-4.7
981;48-03-28.434N;069-17-29.798W;-4.8
982;48-03-28.428N;069-17-29.272W;-4.89
983;48-03-28.497N;069-17-29.025W;-5.07
984;48-03-28.365N;069-17-28.722W;-5.07
985;48-03-28.318N;069-17-28.303W;-5.06
986;48-03-28.514N;069-17-28.074W;-5.07
987;48-03-28.536N;069-17-27.770W;-5.09
988;48-03-28.384N;069-17-27.348W;-5.09
989;48-03-28.477N;069-17-26.621W;-5.06
990;48-03-28.477N;069-17-25.995W;-5.1
991;48-03-28.497N;069-17-25.630W;-4.77
992;48-03-28.336N;069-17-25.567W;-5.06
993;48-03-28.454N;069-17-24.993W;-4.92
994;48-03-28.562N;069-17-24.697W;-4.86
995;48-03-28.507N;069-17-24.446W;-4.98
996;48-03-28.885N;069-17-43.838W;-3.9
997;48-03-28.727N;069-17-42.845W;-4.12
998;48-03-28.646N;069-17-34.635W;-3.93
999;48-03-28.659N;069-17-34.470W;-3.96
1000;48-03-28.736N;069-17-33.907W;-4.04
1001;48-03-28.732N;069-17-33.630W;-4.06
1002;48-03-28.844N;069-17-33.282W;-4.14
1003;48-03-28.918N;069-17-32.933W;-4.12
1004;48-03-28.624N;069-17-32.743W;-4.18
1005;48-03-28.685N;069-17-32.316W;-4.52
1006;48-03-28.965N;069-17-31.747W;-4.34
1007;48-03-28.655N;069-17-31.397W;-4.49
1008;48-03-28.788N;069-17-31.092W;-4.49
1009;48-03-28.835N;069-17-30.693W;-4.48
1010;48-03-28.630N;069-17-30.656W;-4.49
1011;48-03-28.637N;069-17-30.240W;-4.62
1012;48-03-28.821N;069-17-29.662W;-4.59
1013;48-03-28.682N;069-17-29.401W;-4.64
1014;48-03-28.820N;069-17-28.918W;-4.8
1015;48-03-28.657N;069-17-28.795W;-4.88
1016;48-03-28.834N;069-17-28.446W;-5.0
1017;48-03-28.838N;069-17-27.918W;-4.99
1018;48-03-28.669N;069-17-27.633W;-4.93
1019;48-03-28.657N;069-17-27.314W;-4.88
1020;48-03-28.758N;069-17-26.903W;-4.77
1021;48-03-28.663N;069-17-26.367W;-5.03
1022;48-03-28.646N;069-17-26.123W;-4.64
1023;48-03-28.638N;069-17-25.665W;-4.57
1024;48-03-28.621N;069-17-25.284W;-4.81
1025;48-03-28.649N;069-17-25.158W;-4.61
1026;48-03-28.949N;069-17-24.695W;-4.94
1027;48-03-28.798N;069-17-24.225W;-5.05
1028;48-03-29.025N;069-17-43.715W;-4.01
1029;48-03-29.026N;069-17-40.970W;-4.21
1030;48-03-29.152N;069-17-33.926W;-3.92
1031;48-03-29.165N;069-17-33.831W;-3.93
1032;48-03-29.114N;069-17-33.239W;-4.02
1033;48-03-29.121N;069-17-32.897W;-4.04
1034;48-03-29.000N;069-17-32.784W;-4.14
1035;48-03-29.020N;069-17-32.368W;-4.24
1036;48-03-29.161N;069-17-31.871W;-4.19
1037;48-03-29.111N;069-17-31.487W;-4.25
1038;48-03-28.994N;069-17-31.316W;-4.34
1039;48-03-29.217N;069-17-30.821W;-4.52
1040;48-03-28.995N;069-17-30.351W;-4.42
1041;48-03-29.152N;069-17-30.058W;-4.44
1042;48-03-29.006N;069-17-29.584W;-4.53
1043;48-03-29.027N;069-17-29.297W;-4.64
1044;48-03-29.210N;069-17-29.115W;-4.61
1045;48-03-29.293N;069-17-28.607W;-4.78
1046;48-03-28.987N;069-17-28.151W;-4.87
1047;48-03-29.121N;069-17-28.002W;-4.65
1048;48-03-29.129N;069-17-27.526W;-4.65
1049;48-03-29.155N;069-17-27.314W;-3.74
1050;48-03-29.162N;069-17-27.022W;-3.72
1051;48-03-29.267N;069-17-26.378W;-4.45
1052;48-03-29.238N;069-17-26.226W;-4.71
1053;48-03-29.273N;069-17-25.725W;-4.92
1054;48-03-29.242N;069-17-25.521W;-4.92
1055;48-03-29.108N;069-17-24.947W;-4.96
1056;48-03-29.106N;069-17-24.758W;-5.01
1057;48-03-29.631N;069-17-37.288W;-4.23
1058;48-03-29.375N;069-17-33.511W;-3.98
1059;48-03-29.385N;069-17-32.905W;-4.04
1060;48-03-29.413N;069-17-32.624W;-4.12
1061;48-03-29.437N;069-17-32.196W;-4.21
1062;48-03-29.408N;069-17-32.038W;-4.27
1063;48-03-29.694N;069-17-31.705W;-4.21
1064;48-03-29.654N;069-17-31.163W;-4.18
1065;48-03-29.478N;069-17-30.728W;-4.27
1066;48-03-29.409N;069-17-30.488W;-4.41
1067;48-03-29.575N;069-17-30.001W;-4.45
1068;48-03-29.498N;069-17-29.634W;-4.5
1069;48-03-29.577N;069-17-29.249W;-4.58
1070;48-03-29.500N;069-17-28.921W;-4.68
1071;48-03-29.379N;069-17-28.804W;-4.75
1072;48-03-29.448N;069-17-28.481W;-4.37
1073;48-03-29.593N;069-17-27.826W;-3.9
1074;48-03-29.698N;069-17-27.621W;-4.97
1075;48-03-29.417N;069-17-27.192W;-4.37
1076;48-03-29.426N;069-17-26.977W;-4.56
1077;48-03-29.424N;069-17-26.413W;-4.92
1078;48-03-29.341N;069-17-26.134W;-5.01
1079;48-03-29.418N;069-17-25.887W;-5.08
1080;48-03-29.760N;069-17-32.998W;-3.93
1081;48-03-29.797N;069-17-32.817W;-3.94
1082;48-03-29.825N;069-17-32.122W;-4.07
1083;48-03-29.764N;069-17-31.742W;-4.15
1084;48-03-29.812N;069-17-31.477W;-4.08
1085;48-03-29.987N;069-17-31.083W;-4.14
1086;48-03-29.764N;069-17-30.743W;-4.05
1087;48-03-29.731N;069-17-30.522W;-4.32
1088;48-03-29.773N;069-17-30.037W;-4.18
1089;48-03-29.767N;069-17-29.907W;-4.25
1090;48-03-29.775N;069-17-29.523W;-4.23
1091;48-03-29.884N;069-17-28.860W;-3.91
1092;48-03-30.016N;069-17-28.561W;-4.1
1093;48-03-29.845N;069-17-28.159W;-4.79
1094;48-03-29.843N;069-17-27.952W;-4.91
1095;48-03-30.011N;069-17-27.599W;-5.08
1096;48-03-29.912N;069-17-27.388W;-5.12
1097;48-03-30.357N;069-17-41.851W;-3.92
1098;48-03-30.369N;069-17-41.784W;-4.31
1099;48-03-30.086N;069-17-32.236W;-3.92
1100;48-03-30.098N;069-17-32.090W;-3.96
1101;48-03-30.168N;069-17-31.457W;-4.0
1102;48-03-30.208N;069-17-31.028W;-4.05
1103;48-03-30.184N;069-17-30.706W;-4.11
1104;48-03-30.371N;069-17-30.415W;-3.95
1105;48-03-30.115N;069-17-30.160W;-3.95
1106;48-03-30.156N;069-17-29.586W;-3.92
1107;48-03-30.141N;069-17-29.263W;-4.15
1108;48-03-30.322N;069-17-29.127W;-4.1
1109;48-03-30.357N;069-17-28.816W;-4.26
1110;48-03-30.207N;069-17-28.252W;-4.59
1111;48-03-30.124N;069-17-27.854W;-4.99
1112;48-03-30.336N;069-17-27.614W;-5.11
1113;48-03-30.425N;069-17-31.743W;-3.93
1114;48-03-30.436N;069-17-31.534W;-4.0
1115;48-03-30.723N;069-17-31.140W;-3.88
1116;48-03-30.636N;069-17-30.022W;-3.98
1117;48-03-30.556N;069-17-29.702W;-4.05
1118;48-03-30.655N;069-17-29.289W;-3.98
1119;48-03-30.713N;069-17-29.096W;-4.45
1120;48-03-30.719N;069-17-28.613W;-4.71
1121;48-03-30.706N;069-17-28.387W;-4.93
1122;48-03-30.486N;069-17-27.880W;-5.0
1123;48-03-30.960N;069-17-31.228W;-3.95
1124;48-03-30.872N;069-17-30.601W;-4.0
1125;48-03-30.794N;069-17-30.158W;-4.13
1126;48-03-30.868N;069-17-29.662W;-3.97
1127;48-03-30.968N;069-17-29.283W;-4.35
1128;48-03-30.954N;069-17-29.108W;-4.6
1129;48-03-30.812N;069-17-28.530W;-4.87
1130;48-03-30.942N;069-17-28.361W;-4.79
1131;48-03-30.940N;069-17-27.914W;-5.08
1132;48-03-31.196N;069-17-30.348W;-3.98
1133;48-03-31.324N;069-17-30.126W;-4.05
1134;48-03-31.367N;069-17-29.800W;-4.2
1135;48-03-31.499N;069-17-29.571W;-4.51
1136;48-03-31.363N;069-17-28.891W;-4.65
1137;48-03-31.305N;069-17-28.710W;-4.6
1138;48-03-31.425N;069-17-28.167W;-4.74
1139;48-03-31.423N;069-17-27.854W;-5.01
1140;48-03-31.530N;069-17-30.319W;-4.0
1141;48-03-31.727N;069-17-30.131W;-4.16
1142;48-03-31.831N;069-17-29.860W;-4.25
1143;48-03-31.729N;069-17-29.407W;-4.52
1144;48-03-31.638N;069-17-28.930W;-4.67
1145;48-03-31.631N;069-17-28.589W;-4.67
1146;48-03-31.603N;069-17-28.201W;-4.79
1147;48-03-31.777N;069-17-27.956W;-4.92
1148;48-03-32.068N;069-17-30.697W;-3.99
1149;48-03-32.071N;069-17-30.309W;-4.07
1150;48-03-32.174N;069-17-30.033W;-4.14
1151;48-03-31.950N;069-17-29.581W;-4.38
1152;48-03-31.877N;069-17-29.362W;-4.44
1153;48-03-31.868N;069-17-29.107W;-4.55
1154;48-03-32.008N;069-17-28.783W;-4.64
1155;48-03-31.896N;069-17-28.169W;-4.78
1156;48-03-32.050N;069-17-27.852W;-4.88
1157;48-03-32.196N;069-17-27.604W;-5.03
1158;48-03-32.481N;069-17-30.795W;-3.96
1159;48-03-32.327N;069-17-30.532W;-4.0
1160;48-03-32.474N;069-17-30.218W;-4.13
1161;48-03-32.248N;069-17-29.642W;-4.23
1162;48-03-32.264N;069-17-29.438W;-4.25
1163;48-03-32.505N;069-17-28.932W;-4.4
1164;48-03-32.444N;069-17-28.577W;-4.56
1165;48-03-32.427N;069-17-27.862W;-4.87
1166;48-03-32.360N;069-17-27.602W;-5.0
1167;48-03-32.816N;069-17-31.024W;-3.96
1168;48-03-32.873N;069-17-30.845W;-4.0
1169;48-03-32.660N;069-17-30.450W;-4.11
1170;48-03-32.896N;069-17-29.981W;-4.37
1171;48-03-32.795N;069-17-29.826W;-4.18
1172;48-03-32.772N;069-17-29.250W;-4.33
1173;48-03-32.761N;069-17-28.860W;-4.4
1174;48-03-32.674N;069-17-28.795W;-4.54
1175;48-03-32.739N;069-17-28.333W;-4.54
1176;48-03-32.809N;069-17-27.848W;-4.79
1177;48-03-32.839N;069-17-27.767W;-4.92
1178;48-03-32.732N;069-17-27.380W;-5.1
1179;48-03-33.145N;069-17-31.156W;-3.99
1180;48-03-33.006N;069-17-30.747W;-3.96
1181;48-03-33.051N;069-17-30.310W;-4.1
1182;48-03-33.185N;069-17-30.216W;-4.46
1183;48-03-33.034N;069-17-29.593W;-4.3
1184;48-03-33.071N;069-17-29.456W;-4.36
1185;48-03-32.961N;069-17-28.911W;-4.4
1186;48-03-33.079N;069-17-28.569W;-4.42
1187;48-03-32.976N;069-17-28.198W;-4.73
1188;48-03-33.211N;069-17-27.851W;-4.85
1189;48-03-33.069N;069-17-27.658W;-4.82
1190;48-03-33.294N;069-17-27.383W;-5.0
1191;48-03-33.420N;069-17-30.408W;-4.0
1192;48-03-33.346N;069-17-29.961W;-4.15
1193;48-03-33.401N;069-17-29.600W;-4.3
1194;48-03-33.589N;069-17-29.258W;-4.32
1195;48-03-33.388N;069-17-29.062W;-4.33
1196;48-03-33.468N;069-17-28.568W;-4.64
1197;48-03-33.639N;069-17-28.338W;-4.52
1198;48-03-33.332N;069-17-27.852W;-4.76
1199;48-03-33.560N;069-17-27.600W;-4.86
1200;48-03-33.447N;069-17-27.153W;-5.01
1201;48-03-33.693N;069-17-30.049W;-3.88
1202;48-03-33.680N;069-17-29.835W;-4.07
1203;48-03-33.660N;069-17-29.272W;-4.36
1204;48-03-33.688N;069-17-28.863W;-4.34
1205;48-03-33.953N;069-17-28.856W;-4.38
1206;48-03-33.811N;069-17-28.197W;-4.7
1207;48-03-33.683N;069-17-28.028W;-4.71
1208;48-03-33.679N;069-17-27.586W;-4.85
1209;48-03-33.740N;069-17-27.130W;-4.9
1210;48-03-33.860N;069-17-26.969W;-4.9
1211;48-03-34.230N;069-17-29.988W;-3.98
1212;48-03-34.148N;069-17-29.692W;-3.98
1213;48-03-34.122N;069-17-29.343W;-4.06
1214;48-03-34.136N;069-17-28.867W;-4.26
1215;48-03-34.026N;069-17-28.811W;-4.31
1216;48-03-34.199N;069-17-28.157W;-4.4
1217;48-03-34.080N;069-17-27.929W;-4.57
1218;48-03-34.276N;069-17-27.541W;-4.92
1219;48-03-34.067N;069-17-27.131W;-4.78
1220;48-03-34.114N;069-17-27.029W;-4.93
1221;48-03-34.501N;069-17-30.754W;-3.9
1222;48-03-34.581N;069-17-30.651W;-4.42
1223;48-03-34.583N;069-17-29.329W;-4.08
1224;48-03-34.488N;069-17-28.952W;-4.06
1225;48-03-34.455N;069-17-28.604W;-4.17
1226;48-03-34.451N;069-17-28.166W;-4.51
1227;48-03-34.389N;069-17-28.052W;-4.41
1228;48-03-34.736N;069-17-27.431W;-4.71
1229;48-03-34.412N;069-17-27.149W;-4.78
1230;48-03-34.482N;069-17-26.760W;-4.85
1231;48-03-35.043N;069-17-29.344W;-3.97
1232;48-03-34.890N;069-17-28.869W;-3.96
1233;48-03-35.068N;069-17-28.707W;-4.06
1234;48-03-34.851N;069-17-28.184W;-4.2
1235;48-03-34.957N;069-17-27.840W;-4.54
1236;48-03-35.082N;069-17-27.291W;-4.79
1237;48-03-34.769N;069-17-26.790W;-4.84
1238;48-03-34.984N;069-17-26.475W;-4.98
1239;48-03-34.829N;069-17-26.224W;-5.02
1240;48-03-35.069N;069-17-25.929W;-5.11
1241;48-03-35.289N;069-17-29.286W;-3.96
1242;48-03-35.438N;069-17-28.878W;-3.98
1243;48-03-35.283N;069-17-28.661W;-4.15
1244;48-03-35.356N;069-17-28.358W;-4.14
1245;48-03-35.110N;069-17-27.988W;-4.42
1246;48-03-35.334N;069-17-27.620W;-4.42
1247;48-03-35.358N;069-17-27.150W;-4.74
1248;48-03-35.453N;069-17-26.725W;-4.7
1249;48-03-35.262N;069-17-26.454W;-5.02
1250;48-03-35.339N;069-17-26.294W;-4.94
1251;48-03-35.349N;069-17-25.954W;-5.04
1252;48-03-35.530N;069-17-29.158W;-3.97
1253;48-03-35.621N;069-17-28.589W;-3.98
1254;48-03-35.640N;069-17-28.274W;-4.18
1255;48-03-35.482N;069-17-28.062W;-4.3
1256;48-03-35.692N;069-17-27.478W;-4.29
1257;48-03-35.775N;069-17-27.199W;-4.57
1258;48-03-35.727N;069-17-26.766W;-4.85
1259;48-03-35.478N;069-17-26.373W;-4.9
1260;48-03-35.686N;069-17-26.228W;-4.89
1261;48-03-35.466N;069-17-25.947W;-4.92
1262;48-03-35.765N;069-17-25.480W;-4.99
1263;48-03-36.169N;069-17-28.880W;-3.93
1264;48-03-36.048N;069-17-28.676W;-3.95
1265;48-03-36.055N;069-17-28.253W;-3.99
1266;48-03-35.834N;069-17-27.864W;-4.2
1267;48-03-35.964N;069-17-27.501W;-4.21
1268;48-03-35.924N;069-17-27.255W;-4.41
1269;48-03-36.015N;069-17-26.982W;-4.65
1270;48-03-36.021N;069-17-26.669W;-4.74
1271;48-03-36.089N;069-17-25.993W;-4.72
1272;48-03-35.917N;069-17-25.749W;-4.87
1273;48-03-36.124N;069-17-25.291W;-5.09
1274;48-03-36.003N;069-17-25.244W;-5.07
1275;48-03-36.432N;069-17-28.734W;-4.01
1276;48-03-36.280N;069-17-28.395W;-4.1
1277;48-03-36.459N;069-17-27.806W;-4.07
1278;48-03-36.376N;069-17-27.537W;-4.1
1279;48-03-36.188N;069-17-27.138W;-4.48
1280;48-03-36.207N;069-17-26.901W;-4.64
1281;48-03-36.280N;069-17-26.343W;-4.67
1282;48-03-36.272N;069-17-26.016W;-4.77
1283;48-03-36.215N;069-17-25.696W;-4.9
1284;48-03-36.258N;069-17-25.507W;-4.95
1285;48-03-36.255N;069-17-25.146W;-4.97
1286;48-03-36.584N;069-17-28.620W;-3.9
1287;48-03-36.574N;069-17-28.142W;-3.91
1288;48-03-36.893N;069-17-28.017W;-3.99
1289;48-03-36.723N;069-17-27.500W;-4.1
1290;48-03-36.739N;069-17-27.132W;-4.22
1291;48-03-36.602N;069-17-26.951W;-4.27
1292;48-03-36.634N;069-17-26.602W;-4.42
1293;48-03-36.648N;069-17-26.025W;-4.71
1294;48-03-36.557N;069-17-25.974W;-4.65
1295;48-03-36.702N;069-17-25.387W;-4.84
1296;48-03-36.607N;069-17-24.936W;-4.85
1297;48-03-36.580N;069-17-24.585W;-5.05
1298;48-03-37.060N;069-17-27.885W;-3.84
1299;48-03-37.018N;069-17-27.655W;-3.97
1300;48-03-36.938N;069-17-27.264W;-4.08
1301;48-03-37.092N;069-17-26.713W;-4.2
1302;48-03-37.074N;069-17-26.443W;-4.37
1303;48-03-37.088N;069-17-25.992W;-4.46
1304;48-03-37.055N;069-17-25.693W;-4.49
1305;48-03-37.118N;069-17-25.316W;-4.65
1306;48-03-37.219N;069-17-25.121W;-4.72
1307;48-03-36.926N;069-17-24.588W;-5.02
1308;48-03-36.998N;069-17-24.473W;-5.06
1309;48-03-37.468N;069-17-30.391W;-4.41
1310;48-03-37.399N;069-17-27.148W;-3.91
1311;48-03-37.429N;069-17-26.745W;-4.11
1312;48-03-37.464N;069-17-26.581W;-4.14
1313;48-03-37.418N;069-17-26.165W;-4.29
1314;48-03-37.451N;069-17-25.745W;-4.52
1315;48-03-37.590N;069-17-25.493W;-4.64
1316;48-03-37.305N;069-17-25.037W;-4.76
1317;48-03-37.312N;069-17-24.723W;-4.94
1318;48-03-37.601N;069-17-24.375W;-5.03
1319;48-03-37.576N;069-17-24.152W;-5.02
1320;48-03-37.731N;069-17-26.782W;-3.96
1321;48-03-37.644N;069-17-26.437W;-4.06
1322;48-03-37.766N;069-17-26.193W;-4.13
1323;48-03-37.785N;069-17-25.710W;-4.19
1324;48-03-37.709N;069-17-25.316W;-4.51
1325;48-03-37.744N;069-17-24.997W;-4.59
1326;48-03-37.636N;069-17-24.545W;-4.87
1327;48-03-37.728N;069-17-24.272W;-4.89
1328;48-03-37.737N;069-17-24.027W;-5.02
1329;48-03-37.890N;069-17-23.766W;-5.04
1330;48-03-37.993N;069-17-31.661W;-4.17
1331;48-03-38.307N;069-17-26.577W;-3.94
1332;48-03-38.143N;069-17-26.015W;-3.99
1333;48-03-38.058N;069-17-25.865W;-4.04
1334;48-03-38.234N;069-17-25.267W;-4.15
1335;48-03-38.243N;069-17-25.208W;-4.17
1336;48-03-38.049N;069-17-24.767W;-4.31
1337;48-03-38.051N;069-17-24.228W;-4.65
1338;48-03-38.334N;069-17-23.943W;-4.77
1339;48-03-38.221N;069-17-23.531W;-4.97
1340;48-03-38.209N;069-17-23.292W;-5.11
1341;48-03-38.648N;069-17-27.910W;-3.93
1342;48-03-38.454N;069-17-26.380W;-3.98
1343;48-03-38.568N;069-17-26.198W;-4.03
1344;48-03-38.415N;069-17-25.731W;-3.97
1345;48-03-38.500N;069-17-25.269W;-4.14
1346;48-03-38.610N;069-17-25.081W;-4.23
1347;48-03-38.488N;069-17-24.581W;-4.21
1348;48-03-38.411N;069-17-24.256W;-4.5
1349;48-03-38.401N;069-17-24.000W;-4.75
1350;48-03-38.388N;069-17-23.545W;-4.8
1351;48-03-38.374N;069-17-23.402W;-4.98
1352;48-03-38.552N;069-17-22.978W;-5.08
1353;48-03-38.755N;069-17-27.963W;-4.37
1354;48-03-38.736N;069-17-25.718W;-4.25
1355;48-03-38.890N;069-17-25.613W;-4.01
1356;48-03-38.732N;069-17-25.066W;-4.06
1357;48-03-38.778N;069-17-24.766W;-4.18
1358;48-03-38.796N;069-17-24.423W;-4.21
1359;48-03-39.011N;069-17-23.824W;-4.46
1360;48-03-38.999N;069-17-23.592W;-4.55
1361;48-03-38.705N;069-17-23.241W;-4.87
1362;48-03-39.043N;069-17-22.897W;-4.92
1363;48-03-39.014N;069-17-22.590W;-5.03
1364;48-03-39.182N;069-17-25.265W;-3.89
1365;48-03-39.104N;069-17-25.219W;-3.96
1366;48-03-39.239N;069-17-24.755W;-4.02
1367;48-03-39.145N;069-17-24.501W;-4.17
1368;48-03-39.134N;069-17-24.024W;-4.31
1369;48-03-39.195N;069-17-23.614W;-4.58
1370;48-03-39.239N;069-17-23.239W;-4.82
1371;48-03-39.218N;069-17-22.801W;-4.83
1372;48-03-39.392N;069-17-22.567W;-4.79
1373;48-03-39.366N;069-17-22.328W;-4.93
1374;48-03-39.524N;069-17-25.754W;-4.32
1375;48-03-39.624N;069-17-24.716W;-4.01
1376;48-03-39.449N;069-17-24.279W;-4.05
1377;48-03-39.728N;069-17-24.025W;-4.52
1378;48-03-39.494N;069-17-23.795W;-4.35
1379;48-03-39.483N;069-17-23.279W;-4.85
1380;48-03-39.575N;069-17-22.745W;-4.91
1381;48-03-39.673N;069-17-22.610W;-4.77
1382;48-03-39.662N;069-17-22.267W;-4.92
1383;48-03-39.938N;069-17-24.551W;-4.02
1384;48-03-39.849N;069-17-24.266W;-4.04
1385;48-03-40.044N;069-17-23.837W;-4.13
1386;48-03-39.814N;069-17-23.542W;-4.21
1387;48-03-39.917N;069-17-23.267W;-4.24
1388;48-03-39.791N;069-17-22.824W;-4.48
1389;48-03-40.115N;069-17-22.473W;-4.64
1390;48-03-39.890N;069-17-22.102W;-4.8
1391;48-03-39.828N;069-17-21.678W;-5.03
1392;48-03-40.297N;069-17-24.323W;-4.02
1393;48-03-40.141N;069-17-24.046W;-4.07
1394;48-03-40.339N;069-17-23.791W;-4.09
1395;48-03-40.441N;069-17-23.152W;-4.15
1396;48-03-40.436N;069-17-22.902W;-4.42
1397;48-03-40.358N;069-17-22.510W;-4.19
1398;48-03-40.219N;069-17-22.348W;-4.52
1399;48-03-40.239N;069-17-21.938W;-4.69
1400;48-03-40.186N;069-17-21.434W;-5.01
1401;48-03-40.384N;069-17-21.166W;-4.96
1402;48-03-40.152N;069-17-20.906W;-5.11
1403;48-03-40.505N;069-17-24.289W;-3.99
1404;48-03-40.663N;069-17-23.833W;-4.01
1405;48-03-40.586N;069-17-23.556W;-4.09
1406;48-03-40.573N;069-17-23.352W;-4.14
1407;48-03-40.658N;069-17-23.021W;-4.16
1408;48-03-40.658N;069-17-22.523W;-4.25
1409;48-03-40.672N;069-17-22.072W;-4.25
1410;48-03-40.523N;069-17-21.665W;-4.55
1411;48-03-40.818N;069-17-21.337W;-4.39
1412;48-03-40.674N;069-17-21.002W;-4.66
1413;48-03-40.510N;069-17-20.651W;-4.98
1414;48-03-40.642N;069-17-20.495W;-4.99
1415;48-03-41.056N;069-17-24.367W;-3.97
1416;48-03-40.914N;069-17-23.827W;-3.97
1417;48-03-41.134N;069-17-23.642W;-3.94
1418;48-03-41.121N;069-17-23.362W;-4.09
1419;48-03-40.963N;069-17-23.098W;-4.09
1420;48-03-40.942N;069-17-22.438W;-4.13
1421;48-03-40.908N;069-17-22.202W;-4.18
1422;48-03-40.971N;069-17-21.763W;-4.19
1423;48-03-40.992N;069-17-21.408W;-4.22
1424;48-03-41.209N;069-17-21.257W;-4.2
1425;48-03-40.966N;069-17-20.691W;-4.39
1426;48-03-41.179N;069-17-20.237W;-4.66
1427;48-03-40.912N;069-17-20.119W;-4.85
1428;48-03-40.965N;069-17-19.712W;-4.72
1429;48-03-41.242N;069-17-23.864W;-3.95
1430;48-03-41.408N;069-17-23.536W;-4.38
1431;48-03-41.365N;069-17-23.190W;-4.0
1432;48-03-41.507N;069-17-22.987W;-3.95
1433;48-03-41.271N;069-17-22.385W;-4.05
1434;48-03-41.579N;069-17-22.306W;-4.11
1435;48-03-41.419N;069-17-21.843W;-4.11
1436;48-03-41.403N;069-17-21.308W;-4.09
1437;48-03-41.445N;069-17-21.226W;-4.1
1438;48-03-41.261N;069-17-20.885W;-4.22
1439;48-03-41.575N;069-17-20.282W;-4.9
1440;48-03-41.376N;069-17-19.928W;-4.64
1441;48-03-41.288N;069-17-19.555W;-4.89
1442;48-03-41.291N;069-17-19.215W;-4.92
1443;48-03-41.482N;069-17-19.075W;-4.85
1444;48-03-41.851N;069-17-26.611W;-4.45
1445;48-03-41.611N;069-17-23.264W;-3.91
1446;48-03-41.687N;069-17-22.803W;-3.97
1447;48-03-41.927N;069-17-22.471W;-4.02
1448;48-03-41.614N;069-17-22.114W;-4.04
1449;48-03-41.625N;069-17-21.962W;-4.09
1450;48-03-41.683N;069-17-21.474W;-4.1
1451;48-03-41.720N;069-17-20.798W;-4.12
1452;48-03-41.795N;069-17-20.460W;-4.12
1453;48-03-41.938N;069-17-20.189W;-4.84
1454;48-03-41.628N;069-17-19.503W;-4.69
1455;48-03-41.717N;069-17-19.356W;-4.68
1456;48-03-41.646N;069-17-18.968W;-4.84
1457;48-03-41.871N;069-17-18.586W;-4.78
1458;48-03-41.808N;069-17-18.240W;-4.97
1459;48-03-42.223N;069-17-25.081W;-4.6
1460;48-03-42.290N;069-17-22.925W;-3.98
1461;48-03-42.010N;069-17-22.623W;-4.0
1462;48-03-42.284N;069-17-22.082W;-4.02
1463;48-03-42.243N;069-17-21.779W;-3.98
1464;48-03-42.006N;069-17-21.603W;-4.04
1465;48-03-42.143N;069-17-21.114W;-4.07
1466;48-03-42.219N;069-17-20.845W;-4.1
1467;48-03-42.045N;069-17-20.551W;-4.12
1468;48-03-41.944N;069-17-19.953W;-4.26
1469;48-03-41.977N;069-17-19.707W;-4.36
1470;48-03-42.004N;069-17-19.278W;-4.37
1471;48-03-41.952N;069-17-18.785W;-4.54
1472;48-03-42.221N;069-17-18.576W;-4.7
1473;48-03-42.004N;069-17-18.239W;-4.82
1474;48-03-42.154N;069-17-18.042W;-4.86
1475;48-03-42.534N;069-17-24.952W;-3.87
1476;48-03-42.627N;069-17-24.889W;-4.72
1477;48-03-42.585N;069-17-24.070W;-4.46
1478;48-03-42.426N;069-17-22.706W;-4.02
1479;48-03-42.387N;069-17-22.315W;-3.96
1480;48-03-42.413N;069-17-21.950W;-3.98
1481;48-03-42.316N;069-17-21.356W;-4.26
1482;48-03-42.331N;069-17-21.022W;-4.11
1483;48-03-42.301N;069-17-20.859W;-4.08
1484;48-03-42.524N;069-17-20.486W;-4.06
1485;48-03-42.424N;069-17-20.003W;-4.1
1486;48-03-42.465N;069-17-19.511W;-4.21
1487;48-03-42.321N;069-17-19.322W;-4.36
1488;48-03-42.529N;069-17-18.848W;-4.4
1489;48-03-42.400N;069-17-18.482W;-4.58
1490;48-03-42.418N;069-17-18.154W;-4.75
1491;48-03-42.479N;069-17-17.755W;-5.03
1492;48-03-42.731N;069-17-24.724W;-3.81
1493;48-03-42.765N;069-17-23.840W;-3.9
1494;48-03-42.867N;069-17-22.337W;-3.96
1495;48-03-42.983N;069-17-21.738W;-3.97
1496;48-03-42.841N;069-17-21.592W;-4.05
1497;48-03-42.963N;069-17-20.988W;-4.01
1498;48-03-42.967N;069-17-20.892W;-3.96
1499;48-03-42.727N;069-17-20.338W;-4.07
1500;48-03-42.858N;069-17-19.927W;-4.13
1501;48-03-42.872N;069-17-19.516W;-4.09
1502;48-03-42.885N;069-17-19.292W;-4.13
1503;48-03-42.747N;069-17-19.014W;-4.14
1504;48-03-42.974N;069-17-18.574W;-4.33
1505;48-03-42.804N;069-17-18.251W;-4.43
1506;48-03-42.714N;069-17-17.755W;-4.77
1507;48-03-43.015N;069-17-17.586W;-4.85
1508;48-03-42.751N;069-17-17.321W;-5.06
1509;48-03-43.075N;069-17-21.019W;-3.99
1510;48-03-43.097N;069-17-20.873W;-3.99
1511;48-03-43.036N;069-17-20.579W;-4.0
1512;48-03-43.082N;069-17-20.113W;-4.05
1513;48-03-43.274N;069-17-19.853W;-4.03
1514;48-03-43.111N;069-17-19.444W;-3.97
1515;48-03-43.035N;069-17-19.100W;-4.09
1516;48-03-43.304N;069-17-18.580W;-4.25
1517;48-03-43.050N;069-17-18.244W;-4.45
1518;48-03-43.088N;069-17-17.780W;-4.73
1519;48-03-43.166N;069-17-17.467W;-4.88
1520;48-03-43.097N;069-17-17.208W;-4.89
1521;48-03-43.103N;069-17-16.790W;-4.99
1522;48-03-43.257N;069-17-16.615W;-5.1
1523;48-03-43.585N;069-17-20.616W;-4.02
1524;48-03-43.542N;069-17-20.576W;-3.99
1525;48-03-43.634N;069-17-19.977W;-3.94
1526;48-03-43.688N;069-17-19.826W;-4.02
1527;48-03-43.386N;069-17-19.197W;-4.09
1528;48-03-43.484N;069-17-18.800W;-4.15
1529;48-03-43.567N;069-17-18.552W;-4.26
1530;48-03-43.548N;069-17-18.116W;-4.37
1531;48-03-43.466N;069-17-17.846W;-4.52
1532;48-03-43.396N;069-17-17.484W;-4.75
1533;48-03-43.443N;069-17-17.037W;-4.78
1534;48-03-43.452N;069-17-16.794W;-5.02
1535;48-03-43.724N;069-17-16.323W;-5.02
1536;48-03-43.904N;069-17-22.739W;-4.0
1537;48-03-43.774N;069-17-19.558W;-4.0
1538;48-03-44.075N;069-17-19.323W;-4.01
1539;48-03-44.021N;069-17-18.946W;-4.04
1540;48-03-44.077N;069-17-18.706W;-4.08
1541;48-03-43.800N;069-17-17.941W;-4.29
1542;48-03-43.959N;069-17-17.518W;-4.23
1543;48-03-43.882N;069-17-17.210W;-4.46
1544;48-03-43.767N;069-17-16.841W;-4.72
1545;48-03-43.968N;069-17-16.384W;-4.93
1546;48-03-44.317N;069-17-21.101W;-4.0
1547;48-03-44.200N;069-17-20.254W;-4.12
1548;48-03-44.235N;069-17-20.054W;-3.98
1549;48-03-44.329N;069-17-18.829W;-4.0
1550;48-03-44.454N;069-17-18.576W;-4.02
1551;48-03-44.104N;069-17-18.107W;-4.07
1552;48-03-44.166N;069-17-17.716W;-4.25
1553;48-03-44.210N;069-17-17.682W;-4.09
1554;48-03-44.338N;069-17-17.227W;-4.29
1555;48-03-44.224N;069-17-16.827W;-4.57
1556;48-03-44.177N;069-17-16.343W;-4.89
1557;48-03-44.516N;069-17-20.724W;-4.03
1558;48-03-44.534N;069-17-18.842W;-4.03
1559;48-03-44.556N;069-17-18.575W;-4.0
1560;48-03-44.686N;069-17-18.123W;-4.06
1561;48-03-44.752N;069-17-17.798W;-4.01
1562;48-03-44.634N;069-17-17.523W;-4.0
1563;48-03-44.518N;069-17-17.049W;-4.23
1564;48-03-44.543N;069-17-16.818W;-4.34
1565;48-03-44.462N;069-17-16.323W;-4.72
1566;48-03-44.540N;069-17-16.076W;-4.76
1567;48-03-44.777N;069-17-15.847W;-4.76
1568;48-03-45.051N;069-17-18.610W;-4.0
1569;48-03-44.866N;069-17-18.154W;-3.98
1570;48-03-44.932N;069-17-17.925W;-3.92
1571;48-03-44.944N;069-17-17.435W;-3.97
1572;48-03-44.903N;069-17-17.129W;-4.1
1573;48-03-45.084N;069-17-16.840W;-4.12
1574;48-03-44.866N;069-17-16.325W;-4.46
1575;48-03-44.952N;069-17-16.085W;-4.67
1576;48-03-44.828N;069-17-15.592W;-4.97
1577;48-03-45.055N;069-17-15.468W;-4.92
1578;48-03-45.240N;069-17-18.492W;-3.95
1579;48-03-45.223N;069-17-18.410W;-3.93
1580;48-03-45.461N;069-17-17.963W;-3.93
1581;48-03-45.329N;069-17-17.026W;-4.05
1582;48-03-45.511N;069-17-16.631W;-4.05
1583;48-03-45.374N;069-17-16.452W;-4.2
1584;48-03-45.183N;069-17-16.160W;-4.28
1585;48-03-45.288N;069-17-15.743W;-4.66
1586;48-03-45.184N;069-17-15.400W;-4.84
1587;48-03-45.369N;069-17-14.896W;-4.86
1588;48-03-45.562N;069-17-17.730W;-3.99
1589;48-03-45.562N;069-17-17.043W;-3.81
1590;48-03-45.820N;069-17-16.754W;-4.02
1591;48-03-45.798N;069-17-16.457W;-4.06
1592;48-03-45.712N;069-17-15.901W;-4.13
1593;48-03-45.610N;069-17-15.624W;-4.49
1594;48-03-45.782N;069-17-15.348W;-5.1
1595;48-03-45.551N;069-17-14.909W;-4.81
1596;48-03-45.776N;069-17-14.705W;-4.6
1597;48-03-45.722N;069-17-14.417W;-4.78
1598;48-03-46.016N;069-17-16.881W;-3.97
1599;48-03-46.126N;069-17-16.436W;-4.07
1600;48-03-46.054N;069-17-15.967W;-4.15
1601;48-03-46.202N;069-17-15.895W;-4.12
1602;48-03-46.004N;069-17-15.229W;-4.25
1603;48-03-46.191N;069-17-14.965W;-4.87
1604;48-03-46.027N;069-17-14.477W;-4.57
1605;48-03-46.078N;069-17-14.161W;-4.59
1606;48-03-46.160N;069-17-13.750W;-4.77
1607;48-03-46.168N;069-17-13.523W;-4.91
1608;48-03-46.283N;069-17-18.461W;-3.87
1609;48-03-46.335N;069-17-18.246W;-4.02
1610;48-03-46.405N;069-17-16.287W;-4.39
1611;48-03-46.556N;069-17-16.250W;-4.07
1612;48-03-46.402N;069-17-15.775W;-4.07
1613;48-03-46.318N;069-17-15.511W;-4.34
1614;48-03-46.577N;069-17-15.133W;-4.13
1615;48-03-46.323N;069-17-14.722W;-4.14
1616;48-03-46.373N;069-17-14.201W;-4.26
1617;48-03-46.434N;069-17-13.987W;-4.37
1618;48-03-46.501N;069-17-13.449W;-4.61
1619;48-03-46.557N;069-17-13.072W;-4.88
1620;48-03-46.533N;069-17-12.736W;-4.94
1621;48-03-46.657N;069-17-16.150W;-3.96
1622;48-03-46.659N;069-17-15.643W;-4.04
1623;48-03-46.681N;069-17-15.359W;-4.02
1624;48-03-46.887N;069-17-14.925W;-4.11
1625;48-03-46.939N;069-17-14.654W;-4.17
1626;48-03-46.958N;069-17-14.388W;-4.12
1627;48-03-46.927N;069-17-13.880W;-4.27
1628;48-03-46.667N;069-17-13.461W;-4.45
1629;48-03-46.660N;069-17-13.158W;-4.63
1630;48-03-46.646N;069-17-12.834W;-4.7
1631;48-03-46.813N;069-17-12.357W;-4.91
1632;48-03-46.828N;069-17-11.993W;-4.92
1633;48-03-47.136N;069-17-18.547W;-4.06
1634;48-03-47.307N;069-17-18.374W;-3.88
1635;48-03-47.297N;069-17-15.607W;-3.97
1636;48-03-47.288N;069-17-15.196W;-4.29
1637;48-03-47.035N;069-17-14.907W;-4.1
1638;48-03-47.051N;069-17-14.801W;-4.08
1639;48-03-47.024N;069-17-14.380W;-4.13
1640;48-03-47.220N;069-17-13.917W;-4.11
1641;48-03-47.005N;069-17-13.436W;-4.19
1642;48-03-47.140N;069-17-13.127W;-4.29
1643;48-03-47.151N;069-17-12.707W;-4.32
1644;48-03-47.243N;069-17-12.313W;-4.59
1645;48-03-47.008N;069-17-12.027W;-4.72
1646;48-03-47.307N;069-17-11.864W;-4.8
1647;48-03-47.207N;069-17-11.359W;-4.88
1648;48-03-47.634N;069-17-18.191W;-3.99
1649;48-03-47.489N;069-17-15.369W;-3.9
1650;48-03-47.413N;069-17-14.934W;-4.02
1651;48-03-47.360N;069-17-14.495W;-4.1
1652;48-03-47.639N;069-17-14.336W;-4.08
1653;48-03-47.394N;069-17-13.924W;-4.13
1654;48-03-47.674N;069-17-13.619W;-4.07
1655;48-03-47.493N;069-17-13.274W;-4.06
1656;48-03-47.404N;069-17-12.852W;-4.3
1657;48-03-47.371N;069-17-12.506W;-4.39
1658;48-03-47.489N;069-17-11.982W;-4.41
1659;48-03-47.540N;069-17-11.615W;-4.39
1660;48-03-47.377N;069-17-11.514W;-4.75
1661;48-03-47.553N;069-17-10.975W;-4.86
1662;48-03-47.681N;069-17-10.815W;-4.75
1663;48-03-47.801N;069-17-15.211W;-3.97
1664;48-03-47.749N;069-17-15.042W;-4.0
1665;48-03-47.719N;069-17-14.703W;-4.01
1666;48-03-48.001N;069-17-14.159W;-3.98
1667;48-03-47.994N;069-17-13.985W;-4.03
1668;48-03-48.055N;069-17-13.451W;-4.08
1669;48-03-47.770N;069-17-13.272W;-4.09
1670;48-03-47.899N;069-17-12.814W;-4.09
1671;48-03-47.857N;069-17-12.592W;-4.1
1672;48-03-47.733N;069-17-12.094W;-4.32
1673;48-03-47.870N;069-17-11.872W;-4.31
1674;48-03-47.896N;069-17-11.407W;-4.42
1675;48-03-47.973N;069-17-10.894W;-4.58
1676;48-03-47.751N;069-17-10.634W;-4.89
1677;48-03-47.829N;069-17-10.309W;-4.93
1678;48-03-48.101N;069-17-13.929W;-3.8
1679;48-03-48.060N;069-17-13.727W;-4.03
1680;48-03-48.256N;069-17-13.230W;-4.05
1681;48-03-48.258N;069-17-12.992W;-4.1
1682;48-03-48.242N;069-17-12.378W;-4.15
1683;48-03-48.244N;069-17-12.076W;-4.21
1684;48-03-48.217N;069-17-11.805W;-4.14
1685;48-03-48.107N;069-17-11.441W;-4.27
1686;48-03-48.115N;069-17-11.022W;-4.41
1687;48-03-48.225N;069-17-10.502W;-4.75
1688;48-03-48.230N;069-17-10.169W;-4.73
1689;48-03-48.152N;069-17-09.844W;-4.89
1690;48-03-48.303N;069-17-09.610W;-4.95
1691;48-03-48.473N;069-17-13.516W;-4.04
1692;48-03-48.746N;069-17-12.727W;-4.12
1693;48-03-48.534N;069-17-12.448W;-4.08
1694;48-03-48.455N;069-17-11.967W;-4.09
1695;48-03-48.610N;069-17-11.595W;-4.07
1696;48-03-48.712N;069-17-11.271W;-4.09
1697;48-03-48.490N;069-17-11.081W;-4.16
1698;48-03-48.647N;069-17-10.547W;-4.32
1699;48-03-48.446N;069-17-10.198W;-4.54
1700;48-03-48.601N;069-17-09.888W;-4.73
1701;48-03-48.486N;069-17-09.630W;-4.83
1702;48-03-48.455N;069-17-09.341W;-4.93
1703;48-03-48.771N;069-17-08.926W;-4.84
1704;48-03-48.837N;069-17-13.088W;-4.02
1705;48-03-49.047N;069-17-12.828W;-4.82
1706;48-03-49.074N;069-17-12.453W;-4.08
1707;48-03-48.948N;069-17-12.039W;-4.03
1708;48-03-48.993N;069-17-11.844W;-4.11
1709;48-03-48.896N;069-17-11.402W;-4.13
1710;48-03-49.111N;069-17-10.997W;-4.11
1711;48-03-48.825N;069-17-10.605W;-4.18
1712;48-03-49.063N;069-17-10.176W;-4.23
1713;48-03-48.782N;069-17-09.829W;-4.49
1714;48-03-48.795N;069-17-09.583W;-4.55
1715;48-03-48.890N;069-17-09.115W;-4.64
1716;48-03-48.967N;069-17-08.868W;-4.78
1717;48-03-48.971N;069-17-08.411W;-4.96
1718;48-03-49.230N;069-17-12.910W;-4.07
1719;48-03-49.376N;069-17-12.365W;-3.91
1720;48-03-49.352N;069-17-12.034W;-3.98
1721;48-03-49.397N;069-17-11.673W;-4.07
1722;48-03-49.217N;069-17-11.342W;-4.06
1723;48-03-49.268N;069-17-10.951W;-4.12
1724;48-03-49.417N;069-17-10.629W;-4.11
1725;48-03-49.281N;069-17-10.360W;-4.11
1726;48-03-49.326N;069-17-09.805W;-4.26
1727;48-03-49.153N;069-17-09.575W;-4.26
1728;48-03-49.248N;069-17-09.094W;-4.45
1729;48-03-49.158N;069-17-08.849W;-4.59
1730;48-03-49.250N;069-17-08.447W;-4.84
1731;48-03-49.331N;069-17-08.128W;-4.99
1732;48-03-49.450N;069-17-07.887W;-4.95
1733;48-03-49.575N;069-17-11.994W;-3.86
1734;48-03-49.838N;069-17-11.644W;-4.06
1735;48-03-49.751N;069-17-11.483W;-4.05
1736;48-03-49.744N;069-17-10.881W;-4.03
1737;48-03-49.702N;069-17-10.719W;-4.07
1738;48-03-49.667N;069-17-10.361W;-4.11
1739;48-03-49.646N;069-17-10.083W;-4.1
1740;48-03-49.579N;069-17-09.500W;-4.14
1741;48-03-49.696N;069-17-09.137W;-4.2
1742;48-03-49.599N;069-17-08.912W;-4.4
1743;48-03-49.676N;069-17-08.650W;-4.6
1744;48-03-49.589N;069-17-08.133W;-4.63
1745;48-03-49.806N;069-17-07.671W;-4.86
1746;48-03-49.904N;069-17-11.334W;-3.97
1747;48-03-49.999N;069-17-10.906W;-3.99
1748;48-03-49.978N;069-17-10.543W;-4.03
1749;48-03-49.959N;069-17-10.219W;-4.05
1750;48-03-50.187N;069-17-09.852W;-4.06
1751;48-03-50.156N;069-17-09.746W;-4.11
1752;48-03-50.140N;069-17-09.257W;-4.06
1753;48-03-50.060N;069-17-08.740W;-4.17
1754;48-03-49.914N;069-17-08.572W;-4.37
1755;48-03-50.119N;069-17-08.064W;-4.44
1756;48-03-49.994N;069-17-07.712W;-4.67
1757;48-03-49.907N;069-17-07.521W;-4.84
1758;48-03-50.086N;069-17-07.241W;-4.8
1759;48-03-50.273N;069-17-10.949W;-3.99
1760;48-03-50.525N;069-17-10.552W;-3.94
1761;48-03-50.266N;069-17-10.162W;-4.11
1762;48-03-50.234N;069-17-09.907W;-4.09
1763;48-03-50.329N;069-17-09.538W;-4.08
1764;48-03-50.573N;069-17-09.348W;-4.03
1765;48-03-50.344N;069-17-08.824W;-4.1
1766;48-03-50.580N;069-17-08.577W;-4.1
1767;48-03-50.317N;069-17-08.258W;-4.23
1768;48-03-50.247N;069-17-07.650W;-4.53
1769;48-03-50.260N;069-17-07.424W;-4.66
1770;48-03-50.394N;069-17-06.954W;-4.87
1771;48-03-50.554N;069-17-06.617W;-4.91
1772;48-03-50.549N;069-17-06.206W;-5.02
1773;48-03-50.782N;069-17-11.090W;-4.46
1774;48-03-50.582N;069-17-10.557W;-3.9
1775;48-03-50.713N;069-17-10.498W;-3.98
1776;48-03-50.839N;069-17-09.842W;-3.94
1777;48-03-50.749N;069-17-09.550W;-4.08
1778;48-03-50.676N;069-17-09.123W;-4.07
1779;48-03-50.646N;069-17-09.016W;-4.12
1780;48-03-50.702N;069-17-08.634W;-4.09
1781;48-03-50.896N;069-17-08.267W;-4.08
1782;48-03-50.786N;069-17-07.656W;-4.26
1783;48-03-50.621N;069-17-07.618W;-4.4
1784;48-03-50.919N;069-17-06.907W;-4.61
1785;48-03-50.591N;069-17-06.688W;-4.73
1786;48-03-50.804N;069-17-06.214W;-4.9
1787;48-03-50.878N;069-17-06.067W;-4.91
1788;48-03-50.976N;069-17-09.512W;-4.18
1789;48-03-51.240N;069-17-09.118W;-3.99
1790;48-03-50.966N;069-17-08.740W;-4.1
1791;48-03-51.063N;069-17-08.378W;-4.08
1792;48-03-51.025N;069-17-08.084W;-4.44
1793;48-03-51.085N;069-17-07.683W;-4.15
1794;48-03-51.207N;069-17-07.416W;-4.07
1795;48-03-50.941N;069-17-06.934W;-4.62
1796;48-03-51.066N;069-17-06.700W;-4.5
1797;48-03-51.056N;069-17-06.298W;-4.6
1798;48-03-50.972N;069-17-05.894W;-4.91
1799;48-03-51.112N;069-17-05.530W;-4.91
1800;48-03-51.255N;069-17-05.394W;-4.97
1801;48-03-51.539N;069-17-10.344W;-4.02
1802;48-03-51.437N;069-17-09.338W;-3.98
1803;48-03-51.303N;069-17-08.990W;-4.04
1804;48-03-51.437N;069-17-08.612W;-4.01
1805;48-03-51.413N;069-17-07.983W;-4.1
1806;48-03-51.564N;069-17-07.941W;-4.1
1807;48-03-51.363N;069-17-07.470W;-4.1
1808;48-03-51.589N;069-17-06.989W;-4.09
1809;48-03-51.593N;069-17-06.797W;-4.08
1810;48-03-51.395N;069-17-06.285W;-4.35
1811;48-03-51.402N;069-17-06.040W;-4.26
1812;48-03-51.361N;069-17-05.513W;-4.49
1813;48-03-51.408N;069-17-05.238W;-4.65
1814;48-03-51.513N;069-17-05.005W;-4.87
1815;48-03-51.742N;069-17-09.147W;-4.66
1816;48-03-51.700N;069-17-08.960W;-3.92
1817;48-03-51.793N;069-17-08.632W;-3.98
1818;48-03-51.826N;069-17-07.997W;-4.09
1819;48-03-51.760N;069-17-07.834W;-4.05
1820;48-03-51.941N;069-17-07.273W;-4.06
1821;48-03-51.873N;069-17-07.145W;-4.13
1822;48-03-51.967N;069-17-06.772W;-4.1
1823;48-03-51.916N;069-17-06.194W;-4.12
1824;48-03-51.686N;069-17-05.876W;-4.08
1825;48-03-51.723N;069-17-05.521W;-4.36
1826;48-03-51.751N;069-17-05.443W;-4.36
1827;48-03-51.701N;069-17-04.934W;-4.78
1828;48-03-51.732N;069-17-04.702W;-4.9
1829;48-03-51.853N;069-17-04.371W;-4.92
1830;48-03-52.311N;069-17-09.372W;-4.07
1831;48-03-52.247N;069-17-08.875W;-4.0
1832;48-03-52.037N;069-17-08.601W;-3.98
1833;48-03-52.091N;069-17-08.165W;-4.04
1834;48-03-52.030N;069-17-07.808W;-4.05
1835;48-03-52.050N;069-17-07.336W;-4.12
1836;48-03-52.123N;069-17-07.102W;-4.03
1837;48-03-52.177N;069-17-06.696W;-4.06
1838;48-03-52.195N;069-17-06.186W;-4.11
1839;48-03-52.046N;069-17-06.055W;-4.12
1840;48-03-52.314N;069-17-05.698W;-4.07
1841;48-03-52.068N;069-17-05.244W;-4.18
1842;48-03-52.185N;069-17-04.965W;-4.99
1843;48-03-52.373N;069-17-04.735W;-4.7
1844;48-03-52.193N;069-17-04.144W;-4.78
1845;48-03-52.341N;069-17-03.850W;-4.96
1846;48-03-52.401N;069-17-07.521W;-4.17
1847;48-03-52.493N;069-17-07.107W;-3.94
1848;48-03-52.482N;069-17-06.761W;-4.02
1849;48-03-52.512N;069-17-06.362W;-4.05
1850;48-03-52.484N;069-17-06.021W;-4.09
1851;48-03-52.452N;069-17-05.486W;-4.12
1852;48-03-52.658N;069-17-05.265W;-4.16
1853;48-03-52.504N;069-17-04.837W;-4.13
1854;48-03-52.716N;069-17-04.528W;-4.26
1855;48-03-52.384N;069-17-04.303W;-4.52
1856;48-03-52.522N;069-17-03.987W;-4.56
1857;48-03-52.662N;069-17-03.356W;-4.86
1858;48-03-52.600N;069-17-03.104W;-4.92
1859;48-03-52.688N;069-17-02.923W;-5.05
1860;48-03-52.843N;069-17-05.946W;-4.03
1861;48-03-52.753N;069-17-05.569W;-4.13
1862;48-03-53.096N;069-17-05.251W;-4.07
1863;48-03-52.853N;069-17-04.903W;-4.12
1864;48-03-52.846N;069-17-04.381W;-4.21
1865;48-03-53.052N;069-17-04.058W;-4.29
1866;48-03-52.971N;069-17-03.854W;-4.4
1867;48-03-52.893N;069-17-03.413W;-4.62
1868;48-03-52.839N;069-17-03.105W;-4.74
1869;48-03-52.786N;069-17-02.750W;-4.99
1870;48-03-53.353N;069-17-08.868W;-3.92
1871;48-03-53.265N;069-17-08.571W;-4.17
1872;48-03-53.163N;069-17-05.507W;-3.93
1873;48-03-53.241N;069-17-05.331W;-4.08
1874;48-03-53.117N;069-17-04.864W;-4.14
1875;48-03-53.310N;069-17-04.604W;-4.17
1876;48-03-53.150N;069-17-04.089W;-4.23
1877;48-03-53.160N;069-17-03.668W;-4.29
1878;48-03-53.193N;069-17-03.474W;-4.33
1879;48-03-53.320N;069-17-02.967W;-4.62
1880;48-03-53.129N;069-17-02.730W;-4.91
1881;48-03-53.150N;069-17-02.362W;-4.86
1882;48-03-53.159N;069-17-02.140W;-5.0
1883;48-03-53.494N;069-17-08.699W;-3.96
1884;48-03-53.520N;069-17-05.334W;-4.67
1885;48-03-53.644N;069-17-04.756W;-4.1
1886;48-03-53.772N;069-17-04.496W;-4.12
1887;48-03-53.544N;069-17-04.258W;-4.11
1888;48-03-53.623N;069-17-03.961W;-4.12
1889;48-03-53.502N;069-17-03.507W;-4.34
1890;48-03-53.539N;069-17-03.121W;-4.34
1891;48-03-53.660N;069-17-02.591W;-4.58
1892;48-03-53.474N;069-17-02.351W;-4.67
1893;48-03-53.479N;069-17-01.870W;-4.99
1894;48-03-53.648N;069-17-01.631W;-5.07
1895;48-03-54.082N;069-17-07.381W;-4.63
1896;48-03-53.840N;069-17-04.011W;-4.06
1897;48-03-53.822N;069-17-03.649W;-4.04
1898;48-03-53.830N;069-17-03.010W;-4.09
1899;48-03-54.038N;069-17-02.889W;-4.1
1900;48-03-54.079N;069-17-02.227W;-4.57
1901;48-03-53.863N;069-17-01.904W;-4.68
1902;48-03-53.976N;069-17-01.634W;-4.74
1903;48-03-54.175N;069-17-01.465W;-4.81
1904;48-03-54.428N;069-17-06.627W;-3.97
1905;48-03-54.322N;069-17-03.365W;-3.98
1906;48-03-54.281N;069-17-03.217W;-4.02
1907;48-03-54.371N;069-17-02.730W;-4.04
1908;48-03-54.328N;069-17-02.390W;-4.04
1909;48-03-54.283N;069-17-01.897W;-4.59
1910;48-03-54.292N;069-17-01.552W;-4.63
1911;48-03-54.320N;069-17-01.245W;-4.87
1912;48-03-54.512N;069-17-00.906W;-4.93
1913;48-03-54.791N;069-17-03.366W;-4.0
1914;48-03-54.569N;069-17-02.954W;-4.05
1915;48-03-54.898N;069-17-02.602W;-4.03
1916;48-03-54.704N;069-17-02.380W;-4.12
1917;48-03-54.688N;069-17-02.103W;-3.97
1918;48-03-54.560N;069-17-01.660W;-4.55
1919;48-03-54.627N;069-17-01.167W;-4.7
1920;48-03-54.878N;069-17-01.138W;-4.63
1921;48-03-54.785N;069-17-00.552W;-4.99
1922;48-03-54.913N;069-17-03.072W;-3.99
1923;48-03-55.179N;069-17-02.589W;-3.99
1924;48-03-55.017N;069-17-02.439W;-4.15
1925;48-03-55.192N;069-17-02.113W;-4.05
1926;48-03-55.182N;069-17-01.826W;-4.06
1927;48-03-54.915N;069-17-01.337W;-4.68
1928;48-03-54.955N;069-17-00.858W;-4.67
1929;48-03-54.956N;069-17-00.501W;-4.96
1930;48-03-54.944N;069-17-00.208W;-5.0
1931;48-03-55.101N;069-16-59.781W;-4.96
1932;48-03-55.375N;069-17-02.219W;-4.12
1933;48-03-55.295N;069-17-01.638W;-4.06
1934;48-03-55.563N;069-17-01.178W;-4.18
1935;48-03-55.380N;069-17-00.824W;-4.51
1936;48-03-55.319N;069-17-00.457W;-4.58
1937;48-03-55.460N;069-17-00.252W;-4.63
1938;48-03-55.344N;069-16-59.787W;-4.84
1939;48-03-55.381N;069-16-59.463W;-4.93
1940;48-03-55.678N;069-17-01.623W;-4.11
1941;48-03-55.868N;069-17-01.225W;-4.07
1942;48-03-55.938N;069-17-01.121W;-4.1
1943;48-03-55.761N;069-17-00.708W;-4.16
1944;48-03-55.747N;069-17-00.238W;-4.35
1945;48-03-55.769N;069-16-59.706W;-4.6
1946;48-03-55.781N;069-16-59.551W;-4.68
1947;48-03-55.635N;069-16-59.008W;-4.93
1948;48-03-55.936N;069-16-58.826W;-4.77
1949;48-03-55.756N;069-16-58.529W;-5.09
1950;48-03-56.304N;069-17-01.884W;-3.9
1951;48-03-56.045N;069-17-01.640W;-4.04
1952;48-03-56.228N;069-17-01.348W;-4.02
1953;48-03-56.172N;069-17-00.925W;-4.24
1954;48-03-56.167N;069-17-00.500W;-4.16
1955;48-03-56.005N;069-17-00.174W;-4.32
1956;48-03-56.109N;069-16-59.852W;-4.35
1957;48-03-56.140N;069-16-59.524W;-4.38
1958;48-03-56.006N;069-16-58.988W;-4.65
1959;48-03-56.187N;069-16-58.749W;-4.69
1960;48-03-56.155N;069-16-58.272W;-5.07
1961;48-03-56.100N;069-16-58.237W;-5.05
1962;48-03-56.677N;069-17-02.822W;-3.96
1963;48-03-56.352N;069-17-01.746W;-4.05
1964;48-03-56.408N;069-17-01.397W;-4.02
1965;48-03-56.534N;069-17-00.921W;-4.04
1966;48-03-56.343N;069-17-00.437W;-4.11
1967;48-03-56.549N;069-17-00.238W;-4.04
1968;48-03-56.405N;069-16-59.816W;-4.25
1969;48-03-56.467N;069-16-59.353W;-4.32
1970;48-03-56.449N;069-16-59.047W;-4.36
1971;48-03-56.466N;069-16-58.833W;-4.37
1972;48-03-56.427N;069-16-58.264W;-4.65
1973;48-03-56.382N;069-16-58.075W;-4.93
1974;48-03-56.605N;069-16-57.608W;-4.86
1975;48-03-56.599N;069-16-57.423W;-4.96
1976;48-03-56.848N;069-17-02.765W;-4.15
1977;48-03-56.769N;069-17-01.582W;-3.99
1978;48-03-56.959N;069-17-01.296W;-4.02
1979;48-03-56.880N;069-17-01.033W;-4.02
1980;48-03-56.905N;069-17-00.768W;-4.02
1981;48-03-56.839N;069-17-00.328W;-4.04
1982;48-03-57.049N;069-16-59.712W;-4.09
1983;48-03-56.876N;069-16-59.371W;-4.13
1984;48-03-56.871N;069-16-58.997W;-4.16
1985;48-03-56.763N;069-16-58.841W;-4.19
1986;48-03-56.731N;069-16-58.268W;-4.33
1987;48-03-56.743N;069-16-58.019W;-4.54
1988;48-03-56.817N;069-16-57.560W;-4.69
1989;48-03-56.742N;069-16-57.305W;-4.85
1990;48-03-56.730N;069-16-56.862W;-5.0
1991;48-03-56.889N;069-16-56.768W;-4.91
1992;48-03-56.902N;069-16-56.143W;-5.09
1993;48-03-56.919N;069-16-55.920W;-5.07
1994;48-03-57.153N;069-17-00.872W;-4.01
1995;48-03-57.063N;069-17-00.492W;-4.04
1996;48-03-57.062N;069-17-00.285W;-4.04
1997;48-03-57.222N;069-17-00.028W;-4.03
1998;48-03-57.065N;069-16-59.640W;-4.12
1999;48-03-57.311N;069-16-59.221W;-4.11
2000;48-03-57.178N;069-16-58.793W;-4.13
2001;48-03-57.104N;069-16-58.319W;-4.18
2002;48-03-57.075N;069-16-57.917W;-4.35
2003;48-03-57.067N;069-16-57.710W;-4.38
2004;48-03-57.205N;069-16-57.310W;-4.62
2005;48-03-57.204N;069-16-56.834W;-4.75
2006;48-03-57.107N;069-16-56.461W;-4.8
2007;48-03-57.095N;069-16-56.109W;-4.97
2008;48-03-57.240N;069-16-55.987W;-4.97
2009;48-03-57.497N;069-17-00.069W;-4.02
2010;48-03-57.532N;069-16-59.605W;-3.84
2011;48-03-57.667N;069-16-59.070W;-4.08
2012;48-03-57.645N;069-16-58.784W;-4.02
2013;48-03-57.675N;069-16-58.360W;-4.08
2014;48-03-57.517N;069-16-58.241W;-4.13
2015;48-03-57.615N;069-16-57.598W;-4.34
2016;48-03-57.554N;069-16-57.369W;-4.44
2017;48-03-57.537N;069-16-56.824W;-4.51
2018;48-03-57.511N;069-16-56.760W;-4.62
2019;48-03-57.542N;069-16-56.199W;-4.73
2020;48-03-57.624N;069-16-55.851W;-4.8
2021;48-03-57.465N;069-16-55.616W;-5.0
2022;48-03-57.541N;069-16-55.185W;-4.96
2023;48-03-57.794N;069-16-58.789W;-4.07
2024;48-03-57.819N;069-16-58.451W;-4.07
2025;48-03-57.798N;069-16-58.080W;-4.1
2026;48-03-58.025N;069-16-57.841W;-4.11
2027;48-03-58.075N;069-16-57.275W;-4.12
2028;48-03-57.858N;069-16-57.120W;-4.22
2029;48-03-57.824N;069-16-56.707W;-4.33
2030;48-03-57.864N;069-16-56.112W;-4.39
2031;48-03-57.891N;069-16-55.934W;-4.57
2032;48-03-57.868N;069-16-55.616W;-4.76
2033;48-03-57.874N;069-16-55.035W;-4.96
2034;48-03-57.807N;069-16-54.976W;-5.01
2035;48-03-58.230N;069-16-58.310W;-3.95
2036;48-03-58.253N;069-16-58.063W;-4.11
2037;48-03-58.347N;069-16-57.620W;-4.09
2038;48-03-58.296N;069-16-57.256W;-4.05
2039;48-03-58.273N;069-16-57.043W;-4.14
2040;48-03-58.404N;069-16-56.713W;-4.3
2041;48-03-58.350N;069-16-56.168W;-4.09
2042;48-03-58.211N;069-16-55.883W;-4.2
2043;48-03-58.189N;069-16-55.604W;-4.5
2044;48-03-58.233N;069-16-55.252W;-4.59
2045;48-03-58.306N;069-16-54.676W;-5.02
2046;48-03-58.193N;069-16-54.523W;-4.97
2047;48-03-58.717N;069-16-57.547W;-4.05
2048;48-03-58.715N;069-16-57.533W;-4.06
2049;48-03-58.553N;069-16-56.875W;-4.12
2050;48-03-58.528N;069-16-56.647W;-4.03
2051;48-03-58.577N;069-16-56.236W;-4.03
2052;48-03-58.544N;069-16-55.809W;-4.12
2053;48-03-58.758N;069-16-55.403W;-4.25
2054;48-03-58.710N;069-16-55.173W;-4.39
2055;48-03-58.582N;069-16-54.940W;-4.53
2056;48-03-58.710N;069-16-54.434W;-4.8
2057;48-03-58.519N;069-16-53.944W;-5.02
2058;48-03-58.828N;069-16-53.827W;-5.03
2059;48-03-59.125N;069-16-56.937W;-3.96
2060;48-03-58.868N;069-16-56.612W;-4.03
2061;48-03-59.169N;069-16-56.295W;-4.04
2062;48-03-59.110N;069-16-56.094W;-4.5
2063;48-03-58.879N;069-16-55.447W;-4.11
2064;48-03-59.001N;069-16-55.293W;-4.19
2065;48-03-58.979N;069-16-54.818W;-4.33
2066;48-03-58.868N;069-16-54.439W;-4.42
2067;48-03-59.109N;069-16-54.201W;-4.71
2068;48-03-59.085N;069-16-53.692W;-4.75
2069;48-03-59.107N;069-16-53.485W;-4.92
2070;48-03-59.175N;069-16-53.202W;-4.95
2071;48-03-59.462N;069-16-58.480W;-4.55
2072;48-03-59.260N;069-16-56.759W;-4.0
2073;48-03-59.349N;069-16-56.142W;-4.0
2074;48-03-59.269N;069-16-55.842W;-4.1
2075;48-03-59.552N;069-16-55.646W;-4.03
2076;48-03-59.264N;069-16-55.260W;-4.08
2077;48-03-59.517N;069-16-54.676W;-4.41
2078;48-03-59.355N;069-16-54.432W;-4.19
2079;48-03-59.405N;069-16-54.006W;-4.51
2080;48-03-59.390N;069-16-53.596W;-4.77
2081;48-03-59.545N;069-16-53.327W;-4.74
2082;48-03-59.343N;069-16-53.219W;-4.87
2083;48-03-59.518N;069-16-52.655W;-5.03
2084;48-03-59.678N;069-16-55.681W;-4.08
2085;48-03-59.905N;069-16-55.307W;-4.04
2086;48-03-59.839N;069-16-54.727W;-4.12
2087;48-03-59.754N;069-16-54.362W;-4.76
2088;48-03-59.664N;069-16-54.021W;-4.3
2089;48-03-59.651N;069-16-53.687W;-4.46
2090;48-03-59.682N;069-16-53.291W;-4.66
2091;48-03-59.751N;069-16-53.090W;-4.73
2092;48-03-59.661N;069-16-52.555W;-4.89
2093;48-03-59.685N;069-16-52.413W;-4.96
2094;48-03-59.833N;069-16-52.045W;-4.94
2095;48-03-59.983N;069-16-55.409W;-3.94
2096;48-03-59.940N;069-16-55.027W;-4.07
2097;48-04-00.106N;069-16-54.804W;-4.1
2098;48-04-00.121N;069-16-54.448W;-4.11
2099;48-04-00.297N;069-16-54.271W;-4.11
2100;48-04-00.011N;069-16-53.803W;-4.05
2101;48-04-00.118N;069-16-53.296W;-4.74
2102;48-04-00.182N;069-16-53.019W;-4.48
2103;48-04-00.085N;069-16-52.803W;-4.66
2104;48-03-59.983N;069-16-52.279W;-4.74
2105;48-03-59.978N;069-16-51.875W;-4.73
2106;48-04-00.149N;069-16-51.602W;-4.79
2107;48-04-00.149N;069-16-51.272W;-4.8
2108;48-04-00.152N;069-16-51.037W;-4.91
2109;48-04-00.348N;069-16-54.663W;-4.02
2110;48-04-00.350N;069-16-54.517W;-4.08
2111;48-04-00.305N;069-16-54.165W;-4.1
2112;48-04-00.477N;069-16-53.700W;-4.13
2113;48-04-00.524N;069-16-53.263W;-4.03
2114;48-04-00.399N;069-16-52.966W;-4.09
2115;48-04-00.316N;069-16-52.630W;-4.31
2116;48-04-00.340N;069-16-52.453W;-4.39
2117;48-04-00.302N;069-16-52.029W;-4.58
2118;48-04-00.551N;069-16-51.529W;-4.66
2119;48-04-00.350N;069-16-51.099W;-4.89
2120;48-04-00.657N;069-16-50.775W;-4.95
2121;48-04-00.545N;069-16-50.664W;-5.03
2122;48-04-00.692N;069-16-53.968W;-4.03
2123;48-04-00.677N;069-16-53.607W;-4.1
2124;48-04-00.741N;069-16-53.341W;-4.06
2125;48-04-00.924N;069-16-53.182W;-4.11
2126;48-04-00.852N;069-16-52.774W;-4.06
2127;48-04-00.862N;069-16-52.353W;-4.09
2128;48-04-00.664N;069-16-51.839W;-4.47
2129;48-04-00.663N;069-16-51.431W;-4.71
2130;48-04-00.793N;069-16-51.191W;-4.62
2131;48-04-00.840N;069-16-50.857W;-4.78
2132;48-04-00.816N;069-16-50.552W;-4.94
2133;48-04-00.731N;069-16-50.086W;-5.02
2134;48-04-00.797N;069-16-49.941W;-5.01
2135;48-04-01.181N;069-16-53.655W;-3.92
2136;48-04-01.025N;069-16-53.351W;-4.04
2137;48-04-01.072N;069-16-52.866W;-4.05
2138;48-04-01.291N;069-16-52.734W;-4.08
2139;48-04-01.181N;069-16-52.173W;-4.12
2140;48-04-01.163N;069-16-51.886W;-4.08
2141;48-04-01.033N;069-16-51.520W;-4.65
2142;48-04-01.127N;069-16-51.170W;-4.13
2143;48-04-01.124N;069-16-50.796W;-4.55
2144;48-04-01.155N;069-16-50.417W;-4.58
2145;48-04-01.165N;069-16-50.095W;-4.72
2146;48-04-01.028N;069-16-49.850W;-4.83
2147;48-04-01.045N;069-16-49.374W;-4.97
2148;48-04-01.107N;069-16-49.253W;-5.09
2149;48-04-01.726N;069-16-53.375W;-4.32
2150;48-04-01.406N;069-16-53.000W;-4.02
2151;48-04-01.415N;069-16-52.590W;-4.1
2152;48-04-01.633N;069-16-52.323W;-4.06
2153;48-04-01.520N;069-16-51.999W;-4.33
2154;48-04-01.425N;069-16-51.744W;-4.07
2155;48-04-01.730N;069-16-51.415W;-4.13
2156;48-04-01.538N;069-16-50.805W;-4.08
2157;48-04-01.532N;069-16-50.351W;-4.34
2158;48-04-01.473N;069-16-50.074W;-4.49
2159;48-04-01.481N;069-16-49.830W;-4.61
2160;48-04-01.709N;069-16-49.335W;-4.96
2161;48-04-01.403N;069-16-49.103W;-5.0
2162;48-04-01.475N;069-16-48.881W;-4.97
2163;48-04-01.674N;069-16-48.326W;-5.01
2164;48-04-01.798N;069-16-53.223W;-3.91
2165;48-04-01.784N;069-16-53.099W;-4.1
2166;48-04-01.758N;069-16-52.497W;-3.97
2167;48-04-01.840N;069-16-51.712W;-4.06
2168;48-04-01.909N;069-16-51.344W;-4.15
2169;48-04-02.043N;069-16-50.758W;-4.1
2170;48-04-01.823N;069-16-50.495W;-4.04
2171;48-04-01.893N;069-16-50.086W;-4.16
2172;48-04-01.858N;069-16-49.633W;-4.6
2173;48-04-01.827N;069-16-49.377W;-4.62
2174;48-04-01.766N;069-16-49.071W;-4.72
2175;48-04-01.783N;069-16-48.855W;-4.67
2176;48-04-01.772N;069-16-48.190W;-4.86
2177;48-04-01.787N;069-16-47.985W;-4.98
2178;48-04-02.164N;069-16-55.114W;-4.56
2179;48-04-02.397N;069-16-52.772W;-4.13
2180;48-04-02.429N;069-16-52.424W;-4.14
2181;48-04-02.207N;069-16-51.141W;-4.09
2182;48-04-02.184N;069-16-50.787W;-4.08
2183;48-04-02.409N;069-16-50.531W;-4.24
2184;48-04-02.348N;069-16-50.302W;-4.07
2185;48-04-02.115N;069-16-49.806W;-4.28
2186;48-04-02.258N;069-16-49.403W;-4.21
2187;48-04-02.115N;069-16-49.147W;-4.52
2188;48-04-02.114N;069-16-48.798W;-4.47
2189;48-04-02.103N;069-16-48.385W;-4.67
2190;48-04-02.160N;069-16-48.149W;-4.82
2191;48-04-02.326N;069-16-47.561W;-4.82
2192;48-04-02.335N;069-16-47.186W;-4.95
2193;48-04-02.608N;069-16-53.639W;-4.52
2194;48-04-02.464N;069-16-52.733W;-4.05
2195;48-04-02.585N;069-16-52.487W;-3.95
2196;48-04-02.517N;069-16-50.844W;-4.05
2197;48-04-02.466N;069-16-50.626W;-4.27
2198;48-04-02.565N;069-16-50.252W;-4.06
2199;48-04-02.738N;069-16-49.802W;-4.08
2200;48-04-02.757N;069-16-49.521W;-4.1
2201;48-04-02.515N;069-16-48.918W;-4.19
2202;48-04-02.504N;069-16-48.677W;-4.49
2203;48-04-02.591N;069-16-48.461W;-4.4
2204;48-04-02.529N;069-16-47.972W;-4.71
2205;48-04-02.781N;069-16-47.571W;-4.69
2206;48-04-02.501N;069-16-47.100W;-4.97
2207;48-04-02.817N;069-16-46.974W;-4.7
2208;48-04-02.746N;069-16-46.530W;-5.06
2209;48-04-03.074N;069-16-52.601W;-4.4
2210;48-04-03.029N;069-16-50.395W;-3.99
2211;48-04-02.914N;069-16-50.266W;-4.07
2212;48-04-02.920N;069-16-49.755W;-4.08
2213;48-04-02.969N;069-16-49.454W;-4.09
2214;48-04-03.068N;069-16-49.217W;-4.11
2215;48-04-02.954N;069-16-48.844W;-4.09
2216;48-04-02.830N;069-16-48.400W;-4.18
2217;48-04-02.820N;069-16-47.913W;-4.32
2218;48-04-03.063N;069-16-47.673W;-4.33
2219;48-04-02.948N;069-16-47.242W;-4.69
2220;48-04-03.112N;069-16-46.995W;-4.66
2221;48-04-02.974N;069-16-46.557W;-4.97
2222;48-04-03.075N;069-16-46.231W;-4.74
2223;48-04-03.082N;069-16-45.973W;-5.03
2224;48-04-03.272N;069-16-50.315W;-4.24
2225;48-04-03.330N;069-16-49.357W;-4.04
2226;48-04-03.296N;069-16-49.221W;-4.15
2227;48-04-03.192N;069-16-48.780W;-4.12
2228;48-04-03.469N;069-16-48.522W;-4.06
2229;48-04-03.355N;069-16-47.848W;-4.14
2230;48-04-03.256N;069-16-47.590W;-4.26
2231;48-04-03.396N;069-16-47.190W;-4.21
2232;48-04-03.247N;069-16-47.029W;-4.5
2233;48-04-03.249N;069-16-46.689W;-4.6
2234;48-04-03.257N;069-16-46.058W;-4.98
2235;48-04-03.501N;069-16-45.807W;-5.04
2236;48-04-03.851N;069-16-51.891W;-3.92
2237;48-04-03.548N;069-16-49.361W;-3.92
2238;48-04-03.550N;069-16-49.002W;-3.93
2239;48-04-03.588N;069-16-48.592W;-4.07
2240;48-04-03.612N;069-16-48.207W;-4.12
2241;48-04-03.722N;069-16-48.010W;-4.07
2242;48-04-03.757N;069-16-47.575W;-4.1
2243;48-04-03.856N;069-16-47.246W;-4.11
2244;48-04-03.715N;069-16-46.777W;-4.38
2245;48-04-03.576N;069-16-46.541W;-4.49
2246;48-04-03.570N;069-16-46.265W;-4.49
2247;48-04-03.607N;069-16-45.685W;-4.99
2248;48-04-03.745N;069-16-45.547W;-4.75
2249;48-04-03.890N;069-16-45.280W;-4.73
2250;48-04-03.930N;069-16-51.804W;-4.13
2251;48-04-03.937N;069-16-51.771W;-4.06
2252;48-04-04.049N;069-16-48.199W;-4.08
2253;48-04-03.987N;069-16-47.937W;-4.19
2254;48-04-04.022N;069-16-47.542W;-4.07
2255;48-04-04.181N;069-16-47.273W;-4.17
2256;48-04-03.930N;069-16-46.946W;-4.16
2257;48-04-03.905N;069-16-46.413W;-4.44
2258;48-04-03.945N;069-16-46.141W;-4.44
2259;48-04-03.908N;069-16-45.797W;-4.55
2260;48-04-04.067N;069-16-45.538W;-4.54
2261;48-04-04.054N;069-16-45.149W;-4.61
2262;48-04-04.101N;069-16-44.781W;-4.7
2263;48-04-04.087N;069-16-44.287W;-4.77
2264;48-04-04.135N;069-16-44.141W;-4.8
2265;48-04-04.290N;069-16-48.412W;-4.01
2266;48-04-04.448N;069-16-48.029W;-4.14
2267;48-04-04.510N;069-16-47.718W;-4.29
2268;48-04-04.409N;069-16-47.282W;-4.11
2269;48-04-04.296N;069-16-47.039W;-4.35
2270;48-04-04.265N;069-16-46.691W;-4.15
2271;48-04-04.503N;069-16-46.051W;-4.45
2272;48-04-04.402N;069-16-45.946W;-4.27
2273;48-04-04.342N;069-16-45.364W;-4.52
2274;48-04-04.369N;069-16-45.245W;-4.39
2275;48-04-04.594N;069-16-44.733W;-4.54
2276;48-04-04.334N;069-16-44.428W;-4.82
2277;48-04-04.456N;069-16-44.198W;-4.71
2278;48-04-04.406N;069-16-43.625W;-4.91
2279;48-04-04.462N;069-16-43.343W;-4.92
2280;48-04-04.577N;069-16-43.112W;-4.99
2281;48-04-04.661N;069-16-48.049W;-3.94
2282;48-04-04.699N;069-16-47.754W;-4.01
2283;48-04-04.915N;069-16-47.315W;-4.02
2284;48-04-04.942N;069-16-46.876W;-4.41
2285;48-04-04.916N;069-16-46.453W;-4.2
2286;48-04-04.818N;069-16-46.157W;-4.35
2287;48-04-04.696N;069-16-45.682W;-4.17
2288;48-04-04.625N;069-16-45.311W;-4.43
2289;48-04-04.674N;069-16-45.247W;-4.44
2290;48-04-04.697N;069-16-44.581W;-4.45
2291;48-04-04.824N;069-16-44.345W;-4.57
2292;48-04-04.706N;069-16-43.936W;-4.64
2293;48-04-04.789N;069-16-43.709W;-4.69
2294;48-04-04.702N;069-16-43.381W;-4.7
2295;48-04-04.884N;069-16-42.965W;-4.97
2296;48-04-05.016N;069-16-47.127W;-3.97
2297;48-04-05.126N;069-16-46.769W;-4.02
2298;48-04-05.043N;069-16-46.419W;-4.17
2299;48-04-05.189N;069-16-46.177W;-4.03
2300;48-04-05.024N;069-16-45.935W;-4.1
2301;48-04-05.290N;069-16-45.471W;-4.04
2302;48-04-05.327N;069-16-44.941W;-4.14
2303;48-04-05.070N;069-16-44.796W;-4.27
2304;48-04-05.110N;069-16-44.373W;-4.46
2305;48-04-05.017N;069-16-44.073W;-4.48
2306;48-04-05.065N;069-16-43.667W;-4.66
2307;48-04-05.230N;069-16-43.166W;-4.37
2308;48-04-05.077N;069-16-42.883W;-4.71
2309;48-04-05.031N;069-16-42.726W;-4.88
2310;48-04-05.025N;069-16-42.319W;-5.08
2311;48-04-05.138N;069-16-41.882W;-5.09
2312;48-04-05.340N;069-16-46.737W;-3.88
2313;48-04-05.671N;069-16-45.435W;-4.33
2314;48-04-05.363N;069-16-44.944W;-4.15
2315;48-04-05.556N;069-16-44.787W;-4.07
2316;48-04-05.555N;069-16-44.473W;-4.14
2317;48-04-05.596N;069-16-43.897W;-4.25
2318;48-04-05.555N;069-16-43.699W;-4.28
2319;48-04-05.558N;069-16-43.264W;-4.26
2320;48-04-05.401N;069-16-42.854W;-4.34
2321;48-04-05.447N;069-16-42.462W;-4.71
2322;48-04-05.361N;069-16-42.077W;-4.86
2323;48-04-05.365N;069-16-41.789W;-5.0
2324;48-04-05.649N;069-16-41.671W;-4.85
2325;48-04-05.851N;069-16-46.919W;-4.06
2326;48-04-05.938N;069-16-45.768W;-3.88
2327;48-04-05.728N;069-16-45.517W;-3.98
2328;48-04-06.050N;069-16-45.193W;-4.19
2329;48-04-05.781N;069-16-44.628W;-4.06
2330;48-04-05.880N;069-16-44.288W;-4.05
2331;48-04-05.912N;069-16-43.861W;-4.0
2332;48-04-05.955N;069-16-43.781W;-4.01
2333;48-04-05.960N;069-16-43.321W;-4.8
2334;48-04-05.888N;069-16-42.864W;-4.35
2335;48-04-06.038N;069-16-42.673W;-4.41
2336;48-04-05.837N;069-16-42.085W;-4.63
2337;48-04-06.029N;069-16-41.972W;-4.52
2338;48-04-05.702N;069-16-41.457W;-5.0
2339;48-04-05.942N;069-16-41.031W;-4.83
2340;48-04-05.998N;069-16-40.772W;-4.89
2341;48-04-06.047N;069-16-40.392W;-4.84
2342;48-04-06.024N;069-16-40.097W;-5.03
2343;48-04-06.081N;069-16-45.824W;-4.23
2344;48-04-06.110N;069-16-45.460W;-3.89
2345;48-04-06.067N;069-16-44.963W;-3.97
2346;48-04-06.149N;069-16-44.918W;-3.93
2347;48-04-06.244N;069-16-44.262W;-4.0
2348;48-04-06.073N;069-16-44.031W;-4.1
2349;48-04-06.074N;069-16-43.785W;-4.02
2350;48-04-06.096N;069-16-43.375W;-4.2
2351;48-04-06.215N;069-16-43.004W;-4.06
2352;48-04-06.079N;069-16-42.501W;-4.36
2353;48-04-06.196N;069-16-42.335W;-4.35
2354;48-04-06.168N;069-16-41.855W;-4.51
2355;48-04-06.167N;069-16-41.507W;-4.45
2356;48-04-06.408N;069-16-41.248W;-4.47
2357;48-04-06.189N;069-16-40.849W;-4.8
2358;48-04-06.078N;069-16-40.490W;-4.8
2359;48-04-06.208N;069-16-40.075W;-4.85
2360;48-04-06.181N;069-16-39.881W;-4.82
2361;48-04-06.182N;069-16-39.257W;-4.89
2362;48-04-06.168N;069-16-39.021W;-4.88
2363;48-04-06.370N;069-16-38.568W;-4.92
2364;48-04-06.701N;069-16-45.029W;-3.94
2365;48-04-06.483N;069-16-44.315W;-3.94
2366;48-04-06.540N;069-16-44.188W;-4.62
2367;48-04-06.678N;069-16-43.243W;-4.19
2368;48-04-06.442N;069-16-42.793W;-4.26
2369;48-04-06.613N;069-16-42.553W;-4.04
2370;48-04-06.480N;069-16-42.172W;-4.12
2371;48-04-06.563N;069-16-41.912W;-4.05
2372;48-04-06.540N;069-16-41.602W;-4.19
2373;48-04-06.447N;069-16-41.003W;-4.52
2374;48-04-06.507N;069-16-40.873W;-4.42
2375;48-04-06.502N;069-16-40.551W;-4.52
2376;48-04-06.473N;069-16-39.972W;-4.65
2377;48-04-06.563N;069-16-39.874W;-4.77
2378;48-04-06.440N;069-16-39.206W;-4.81
2379;48-04-06.777N;069-16-38.927W;-4.68
2380;48-04-06.678N;069-16-38.510W;-4.84
2381;48-04-06.493N;069-16-38.332W;-5.01
2382;48-04-06.535N;069-16-38.059W;-5.09
2383;48-04-06.965N;069-16-45.371W;-3.9
2384;48-04-07.073N;069-16-45.115W;-4.08
2385;48-04-06.800N;069-16-44.888W;-4.51
2386;48-04-07.091N;069-16-43.173W;-3.97
2387;48-04-06.839N;069-16-42.860W;-4.05
2388;48-04-06.991N;069-16-42.691W;-4.12
2389;48-04-06.964N;069-16-42.182W;-4.07
2390;48-04-06.816N;069-16-41.425W;-4.07
2391;48-04-07.070N;069-16-41.036W;-4.34
2392;48-04-06.946N;069-16-40.762W;-4.38
2393;48-04-06.984N;069-16-40.589W;-4.39
2394;48-04-07.064N;069-16-40.010W;-4.39
2395;48-04-07.111N;069-16-39.548W;-4.61
2396;48-04-06.851N;069-16-39.185W;-4.65
2397;48-04-07.139N;069-16-38.864W;-4.67
2398;48-04-06.817N;069-16-38.715W;-4.74
2399;48-04-06.976N;069-16-38.172W;-4.86
2400;48-04-06.852N;069-16-38.023W;-4.92
2401;48-04-07.077N;069-16-37.698W;-4.89
2402;48-04-07.277N;069-16-43.976W;-4.2
2403;48-04-07.337N;069-16-43.785W;-3.92
2404;48-04-07.215N;069-16-43.216W;-4.11
2405;48-04-07.486N;069-16-42.855W;-4.09
2406;48-04-07.368N;069-16-42.496W;-3.99
2407;48-04-07.154N;069-16-42.220W;-3.99
2408;48-04-07.246N;069-16-41.976W;-4.07
2409;48-04-07.472N;069-16-41.686W;-4.35
2410;48-04-07.435N;069-16-41.089W;-4.07
2411;48-04-07.152N;069-16-40.687W;-4.2
2412;48-04-07.236N;069-16-40.510W;-4.48
2413;48-04-07.205N;069-16-40.124W;-4.45
2414;48-04-07.418N;069-16-39.645W;-4.43
2415;48-04-07.141N;069-16-39.524W;-4.62
2416;48-04-07.235N;069-16-39.041W;-4.5
2417;48-04-07.417N;069-16-38.703W;-4.54
2418;48-04-07.313N;069-16-38.172W;-4.7
2419;48-04-07.292N;069-16-38.095W;-4.71
2420;48-04-07.193N;069-16-37.450W;-4.93
2421;48-04-07.480N;069-16-37.302W;-4.99
2422;48-04-07.565N;069-16-44.594W;-3.97
2423;48-04-07.534N;069-16-44.490W;-4.28
2424;48-04-07.586N;069-16-43.207W;-4.05
2425;48-04-07.643N;069-16-42.871W;-4.02
2426;48-04-07.650N;069-16-42.600W;-3.98
2427;48-04-07.622N;069-16-41.744W;-4.02
2428;48-04-07.652N;069-16-41.614W;-3.92
2429;48-04-07.559N;069-16-41.140W;-4.35
2430;48-04-07.566N;069-16-40.852W;-4.02
2431;48-04-07.566N;069-16-40.295W;-4.02
2432;48-04-07.668N;069-16-40.176W;-4.1
2433;48-04-07.781N;069-16-39.896W;-4.0
2434;48-04-07.514N;069-16-39.261W;-4.28
2435;48-04-07.715N;069-16-38.841W;-4.21
2436;48-04-07.651N;069-16-38.568W;-4.18
2437;48-04-07.655N;069-16-38.273W;-4.3
2438;48-04-07.511N;069-16-37.765W;-5.0
2439;48-04-07.638N;069-16-37.595W;-4.66
2440;48-04-07.671N;069-16-37.204W;-5.0
2441;48-04-07.801N;069-16-36.927W;-4.9
2442;48-04-08.027N;069-16-44.705W;-3.81
2443;48-04-08.146N;069-16-44.548W;-3.89
2444;48-04-08.096N;069-16-41.687W;-3.93
2445;48-04-07.916N;069-16-40.421W;-4.02
2446;48-04-07.960N;069-16-39.961W;-3.98
2447;48-04-08.132N;069-16-39.643W;-4.06
2448;48-04-07.929N;069-16-39.353W;-4.01
2449;48-04-07.861N;069-16-38.874W;-4.04
2450;48-04-07.878N;069-16-38.587W;-3.99
2451;48-04-08.166N;069-16-38.174W;-4.02
2452;48-04-08.014N;069-16-37.907W;-4.54
2453;48-04-07.976N;069-16-37.694W;-4.57
2454;48-04-07.951N;069-16-37.181W;-4.74
2455;48-04-07.988N;069-16-36.851W;-5.04
2456;48-04-08.120N;069-16-36.619W;-4.84
2457;48-04-08.229N;069-16-44.644W;-4.83
2458;48-04-08.284N;069-16-41.418W;-4.08
2459;48-04-08.332N;069-16-40.282W;-3.94
2460;48-04-08.290N;069-16-40.101W;-4.03
2461;48-04-08.306N;069-16-39.895W;-3.95
2462;48-04-08.346N;069-16-38.200W;-4.03
2463;48-04-08.470N;069-16-37.794W;-4.13
2464;48-04-08.354N;069-16-37.659W;-4.24
2465;48-04-08.280N;069-16-37.302W;-4.46
2466;48-04-08.279N;069-16-36.856W;-4.5
2467;48-04-08.276N;069-16-36.362W;-4.94
2468;48-04-08.276N;069-16-36.155W;-5.06
2469;48-04-08.454N;069-16-35.858W;-5.08
2470;48-04-08.734N;069-16-43.607W;-4.48
2471;48-04-08.765N;069-16-38.173W;-4.03
2472;48-04-08.769N;069-16-38.008W;-4.11
2473;48-04-08.822N;069-16-37.592W;-4.1
2474;48-04-08.653N;069-16-37.031W;-4.22
2475;48-04-08.823N;069-16-36.874W;-4.35
2476;48-04-08.645N;069-16-36.497W;-4.64
2477;48-04-08.603N;069-16-36.142W;-4.76
2478;48-04-08.827N;069-16-35.846W;-4.96
2479;48-04-09.079N;069-16-42.323W;-4.1
2480;48-04-08.987N;069-16-40.006W;-4.31
2481;48-04-09.240N;069-16-38.102W;-4.02
2482;48-04-09.255N;069-16-37.855W;-4.0
2483;48-04-09.189N;069-16-37.433W;-4.01
2484;48-04-09.025N;069-16-37.257W;-4.11
2485;48-04-08.946N;069-16-36.710W;-4.5
2486;48-04-08.953N;069-16-36.493W;-4.6
2487;48-04-09.122N;069-16-36.099W;-4.7
2488;48-04-09.091N;069-16-35.678W;-4.76
2489;48-04-08.990N;069-16-35.450W;-4.92
2490;48-04-09.092N;069-16-34.901W;-5.05
2491;48-04-09.274N;069-16-34.444W;-5.03
2492;48-04-09.407N;069-16-38.137W;-3.93
2493;48-04-09.416N;069-16-37.987W;-3.91
2494;48-04-09.585N;069-16-37.469W;-4.06
2495;48-04-09.434N;069-16-37.285W;-4.21
2496;48-04-09.557N;069-16-36.942W;-4.07
2497;48-04-09.483N;069-16-36.612W;-4.02
2498;48-04-09.437N;069-16-36.114W;-4.04
2499;48-04-09.413N;069-16-35.652W;-4.49
2500;48-04-09.370N;069-16-35.224W;-4.77
2501;48-04-09.415N;069-16-34.955W;-4.63
2502;48-04-09.364N;069-16-34.829W;-5.01
2503;48-04-09.502N;069-16-34.168W;-4.81
2504;48-04-09.528N;069-16-34.004W;-4.98
2505;48-04-09.423N;069-16-33.724W;-4.99
2506;48-04-09.975N;069-16-39.931W;-4.13
2507;48-04-09.892N;069-16-39.474W;-4.02
2508;48-04-09.967N;069-16-38.672W;-4.04
2509;48-04-09.856N;069-16-37.965W;-4.08
2510;48-04-09.727N;069-16-37.072W;-4.0
2511;48-04-09.862N;069-16-36.756W;-4.06
2512;48-04-09.768N;069-16-36.541W;-4.14
2513;48-04-09.850N;069-16-36.203W;-4.17
2514;48-04-09.823N;069-16-35.731W;-4.0
2515;48-04-09.849N;069-16-35.378W;-3.93
2516;48-04-09.794N;069-16-34.920W;-4.15
2517;48-04-09.746N;069-16-34.522W;-4.18
2518;48-04-09.755N;069-16-34.183W;-4.4
2519;48-04-09.772N;069-16-33.933W;-4.59
2520;48-04-09.924N;069-16-33.598W;-4.83
2521;48-04-09.915N;069-16-33.246W;-4.97
2522;48-04-10.082N;069-16-37.131W;-3.92
2523;48-04-10.081N;069-16-36.836W;-3.97
2524;48-04-10.112N;069-16-36.444W;-4.01
2525;48-04-10.105N;069-16-36.159W;-4.02
2526;48-04-10.063N;069-16-35.719W;-4.06
2527;48-04-10.030N;069-16-35.571W;-4.04
2528;48-04-10.274N;069-16-34.910W;-4.06
2529;48-04-10.115N;069-16-34.849W;-4.0
2530;48-04-10.275N;069-16-34.181W;-4.08
2531;48-04-10.293N;069-16-34.093W;-4.15
2532;48-04-10.216N;069-16-33.539W;-4.87
2533;48-04-10.213N;069-16-33.188W;-5.05
2534;48-04-10.665N;069-16-40.793W;-4.17
2535;48-04-10.556N;069-16-39.994W;-3.98
2536;48-04-10.680N;069-16-39.799W;-4.75
2537;48-04-10.739N;069-16-38.339W;-4.22
2538;48-04-10.380N;069-16-35.994W;-4.02
2539;48-04-10.646N;069-16-35.725W;-4.01
2540;48-04-10.425N;069-16-35.473W;-4.05
2541;48-04-10.659N;069-16-35.212W;-4.02
2542;48-04-10.545N;069-16-34.796W;-4.01
2543;48-04-10.671N;069-16-34.152W;-4.15
2544;48-04-10.428N;069-16-34.023W;-4.2
2545;48-04-10.395N;069-16-33.459W;-4.7
2546;48-04-10.404N;069-16-33.255W;-4.87
2547;48-04-10.426N;069-16-32.801W;-5.07
2548;48-04-10.752N;069-16-40.685W;-3.87
2549;48-04-10.825N;069-16-40.242W;-4.03
2550;48-04-10.769N;069-16-39.477W;-3.86
2551;48-04-10.752N;069-16-38.062W;-4.02
2552;48-04-10.813N;069-16-35.778W;-4.04
2553;48-04-10.743N;069-16-35.046W;-4.02
2554;48-04-10.766N;069-16-34.334W;-4.02
2555;48-04-11.060N;069-16-33.819W;-4.27
2556;48-04-10.858N;069-16-33.635W;-4.36
2557;48-04-10.746N;069-16-33.217W;-4.67
2558;48-04-10.876N;069-16-32.776W;-4.94
2559;48-04-11.000N;069-16-32.593W;-4.99
2560;48-04-11.391N;069-16-34.225W;-3.93
2561;48-04-11.172N;069-16-34.001W;-4.1
2562;48-04-11.109N;069-16-33.458W;-4.26
2563;48-04-11.224N;069-16-33.215W;-4.42
2564;48-04-11.217N;069-16-32.742W;-4.74
2565;48-04-11.251N;069-16-32.430W;-5.03
2566;48-04-11.508N;069-16-39.845W;-4.13
2567;48-04-11.486N;069-16-39.476W;-4.08
2568;48-04-11.545N;069-16-34.232W;-3.96
2569;48-04-11.523N;069-16-33.998W;-3.96
2570;48-04-11.653N;069-16-33.502W;-4.13
2571;48-04-11.541N;069-16-33.182W;-4.28
2572;48-04-11.465N;069-16-32.802W;-4.71
2573;48-04-11.595N;069-16-32.575W;-4.74
2574;48-04-11.622N;069-16-32.014W;-5.08
2575;48-04-11.865N;069-16-33.966W;-3.87
2576;48-04-11.930N;069-16-33.623W;-4.61
2577;48-04-11.998N;069-16-33.319W;-4.06
2578;48-04-11.849N;069-16-32.738W;-4.44
2579;48-04-11.847N;069-16-32.494W;-4.57
2580;48-04-11.853N;069-16-32.040W;-4.86
2581;48-04-11.927N;069-16-31.786W;-5.02
2582;48-04-12.215N;069-16-32.496W;-4.11
2583;48-04-12.223N;069-16-32.021W;-4.62
2584;48-04-12.382N;069-16-31.769W;-4.77
2585;48-04-12.443N;069-16-31.409W;-4.99
2586;48-04-12.524N;069-16-30.905W;-5.02
2587;48-04-12.683N;069-16-37.810W;-3.9
2588;48-04-12.736N;069-16-37.706W;-4.07
2589;48-04-12.784N;069-16-35.888W;-4.46
2590;48-04-12.546N;069-16-32.015W;-4.14
2591;48-04-12.659N;069-16-31.806W;-4.04
2592;48-04-12.687N;069-16-31.482W;-4.78
2593;48-04-12.688N;069-16-30.922W;-4.96
2594;48-04-12.749N;069-16-30.566W;-5.0
2595;48-04-12.843N;069-16-30.506W;-5.03
2596;48-04-12.828N;069-16-30.174W;-4.98
2597;48-04-12.947N;069-16-36.375W;-4.01
2598;48-04-13.061N;069-16-34.618W;-4.44
2599;48-04-12.988N;069-16-31.348W;-3.94
2600;48-04-13.062N;069-16-31.219W;-4.05
2601;48-04-13.005N;069-16-30.572W;-4.89
2602;48-04-13.173N;069-16-30.329W;-4.49
2603;48-04-13.128N;069-16-29.865W;-5.09
2604;48-04-13.377N;069-16-34.985W;-3.9
2605;48-04-13.464N;069-16-34.830W;-4.09
2606;48-04-13.422N;069-16-30.583W;-4.06
2607;48-04-13.320N;069-16-30.326W;-4.3
2608;48-04-13.335N;069-16-29.930W;-4.89
2609;48-04-13.318N;069-16-29.614W;-4.96
2610;48-04-13.473N;069-16-29.365W;-5.01
2611;48-04-13.926N;069-16-36.008W;-3.84
2612;48-04-13.977N;069-16-35.864W;-4.27
2613;48-04-13.631N;069-16-35.077W;-4.06
2614;48-04-13.776N;069-16-34.704W;-4.11
2615;48-04-13.662N;069-16-29.841W;-4.56
2616;48-04-13.651N;069-16-29.672W;-4.7
2617;48-04-13.805N;069-16-29.123W;-4.99
2618;48-04-13.964N;069-16-28.880W;-5.0
2619;48-04-14.230N;069-16-35.054W;-4.16
2620;48-04-14.000N;069-16-29.874W;-3.93
2621;48-04-14.145N;069-16-29.687W;-4.28
2622;48-04-14.013N;069-16-29.164W;-4.94
2623;48-04-14.132N;069-16-28.911W;-4.9
2624;48-04-14.197N;069-16-28.638W;-5.07
2625;48-04-14.413N;069-16-33.894W;-4.11
2626;48-04-14.510N;069-16-29.468W;-4.11
2627;48-04-14.476N;069-16-29.128W;-4.52
2628;48-04-14.455N;069-16-28.910W;-4.68
2629;48-04-14.452N;069-16-28.410W;-5.01
2630;48-04-14.873N;069-16-34.914W;-4.23
2631;48-04-14.747N;069-16-34.796W;-4.13
2632;48-04-14.793N;069-16-29.133W;-4.26
2633;48-04-14.785N;069-16-28.913W;-4.49
2634;48-04-14.912N;069-16-28.471W;-4.82
2635;48-04-14.776N;069-16-28.163W;-4.94
2636;48-04-14.937N;069-16-27.916W;-4.94
2637;48-04-15.097N;069-16-29.153W;-3.83
2638;48-04-15.061N;069-16-28.904W;-4.34
2639;48-04-15.107N;069-16-28.462W;-4.57
2640;48-04-15.347N;069-16-28.135W;-4.73
2641;48-04-15.167N;069-16-27.728W;-4.96
2642;48-04-15.265N;069-16-27.433W;-5.05
2643;48-04-15.457N;069-16-28.408W;-4.38
2644;48-04-15.448N;069-16-28.200W;-4.61
2645;48-04-15.464N;069-16-27.690W;-4.73
2646;48-04-15.489N;069-16-27.438W;-4.87
2647;48-04-15.436N;069-16-27.291W;-5.05
2648;48-04-15.908N;069-16-28.167W;-3.92
2649;48-04-15.858N;069-16-27.746W;-4.77
2650;48-04-15.911N;069-16-27.460W;-4.7
2651;48-04-16.069N;069-16-26.972W;-4.88
2652;48-04-15.919N;069-16-26.714W;-5.01
2653;48-04-16.153N;069-16-27.927W;-4.45
2654;48-04-16.252N;069-16-27.445W;-4.43
2655;48-04-16.250N;069-16-26.957W;-4.73
2656;48-04-16.269N;069-16-26.638W;-4.9
2657;48-04-16.408N;069-16-26.241W;-4.81
2658;48-04-16.858N;069-16-31.798W;-3.92
2659;48-04-16.558N;069-16-27.526W;-3.97
2660;48-04-16.574N;069-16-26.959W;-4.37
2661;48-04-16.582N;069-16-26.580W;-4.62
2662;48-04-16.561N;069-16-26.245W;-4.71
2663;48-04-16.687N;069-16-26.012W;-4.88
2664;48-04-16.598N;069-16-25.806W;-5.06
2665;48-04-16.867N;069-16-31.755W;-4.0
2666;48-04-16.883N;069-16-26.717W;-3.97
2667;48-04-16.889N;069-16-26.242W;-4.5
2668;48-04-16.952N;069-16-26.025W;-4.62
2669;48-04-17.024N;069-16-25.647W;-4.93
2670;48-04-16.903N;069-16-25.271W;-5.08
2671;48-04-17.049N;069-16-25.078W;-5.07
2672;48-04-17.226N;069-16-25.993W;-4.41
2673;48-04-17.237N;069-16-25.532W;-4.67
2674;48-04-17.243N;069-16-25.283W;-4.76
2675;48-04-17.382N;069-16-24.812W;-4.96
2676;48-04-17.376N;069-16-24.678W;-5.07
2677;48-04-17.724N;069-16-25.964W;-4.25
2678;48-04-17.602N;069-16-25.553W;-4.2
2679;48-04-17.718N;069-16-25.283W;-4.49
2680;48-04-17.663N;069-16-24.835W;-4.85
2681;48-04-17.664N;069-16-24.610W;-4.87
2682;48-04-17.738N;069-16-24.367W;-4.96
2683;48-04-18.106N;069-16-25.696W;-4.1
2684;48-04-18.100N;069-16-25.298W;-3.92
2685;48-04-17.971N;069-16-25.107W;-4.57
2686;48-04-18.120N;069-16-24.617W;-4.62
2687;48-04-18.199N;069-16-24.073W;-4.89
2688;48-04-18.358N;069-16-24.701W;-3.96
2689;48-04-18.426N;069-16-24.080W;-4.83
2690;48-04-18.584N;069-16-23.837W;-4.97
2691;48-04-18.669N;069-16-24.082W;-4.49
2692;48-04-18.671N;069-16-23.878W;-4.66
2693;48-04-19.007N;069-16-23.352W;-5.04
2694;48-04-19.030N;069-16-24.081W;-4.13
2695;48-04-19.059N;069-16-23.848W;-4.52
2696;48-04-19.247N;069-16-23.485W;-5.01
2697;48-04-19.727N;069-16-24.565W;-4.08
2698;48-04-19.630N;069-16-24.074W;-4.32
2699;48-04-19.413N;069-16-23.874W;-4.45
2700;48-04-19.653N;069-16-23.336W;-5.07
2701;48-04-19.650N;069-16-22.867W;-4.75
2702;48-04-19.958N;069-16-25.140W;-3.82
2703;48-04-20.022N;069-16-24.806W;-4.95
2704;48-04-20.073N;069-16-24.735W;-4.96
2705;48-04-19.931N;069-16-24.372W;-5.08
2706;48-04-19.811N;069-16-23.820W;-4.98
2707;48-04-19.820N;069-16-23.560W;-4.44
2708;48-04-19.805N;069-16-23.152W;-4.12
2709;48-04-19.827N;069-16-22.629W;-4.68
2710;48-04-19.988N;069-16-22.389W;-4.67
2711;48-04-20.350N;069-16-26.013W;-4.2
2712;48-04-20.339N;069-16-25.578W;-4.97
2713;48-04-20.246N;069-16-25.487W;-4.97
2714;48-04-20.148N;069-16-24.899W;-4.89
2715;48-04-20.129N;069-16-24.779W;-4.61
2716;48-04-20.126N;069-16-24.395W;-4.45
2717;48-04-20.127N;069-16-23.834W;-3.9
2718;48-04-20.133N;069-16-22.644W;-4.07
2719;48-04-20.131N;069-16-22.415W;-4.4
2720;48-04-20.350N;069-16-22.145W;-4.91
2721;48-04-20.654N;069-17-48.260W;-0.91
2722;48-04-20.523N;069-16-21.953W;-4.73
2723;48-04-20.534N;069-16-21.686W;-5.07
2724;48-04-20.787N;069-16-21.426W;-4.77
2725;48-04-20.954N;069-16-21.906W;-4.12
2726;48-04-20.825N;069-16-21.719W;-4.58
2727;48-04-21.075N;069-16-21.468W;-4.85
2728;48-04-21.280N;069-16-21.700W;-4.3
2729;48-04-21.281N;069-16-21.531W;-4.74
2730;48-04-21.549N;069-16-21.674W;-4.17
2731;48-04-21.677N;069-16-21.194W;-4.93
2732;48-04-22.230N;069-16-21.677W;-4.0
2733;48-04-22.047N;069-16-21.186W;-4.56
2734;48-04-21.924N;069-16-20.954W;-4.96
2735;48-04-22.256N;069-16-20.707W;-5.06
2736;48-04-22.337N;069-16-21.192W;-4.43
2737;48-04-22.412N;069-16-21.091W;-5.03
2738;48-04-22.408N;069-16-20.712W;-4.96
2739;48-04-22.828N;069-17-52.864W;-0.61
2740;48-04-22.742N;069-16-21.218W;-4.8
2741;48-04-22.736N;069-16-20.949W;-4.73
2742;48-04-22.932N;069-16-20.714W;-5.06
2743;48-04-23.272N;069-16-21.678W;-4.45
2744;48-04-23.208N;069-16-21.419W;-4.34
2745;48-04-23.107N;069-16-20.968W;-4.73
2746;48-04-23.386N;069-16-21.490W;-4.72
2747;48-04-23.691N;069-16-20.956W;-4.91
2748;48-04-23.718N;069-16-20.958W;-4.98
2749;48-04-24.027N;069-16-20.474W;-4.99
2750;48-04-24.216N;069-16-20.097W;-5.03
2751;48-04-24.760N;069-17-57.346W;-0.61
2752;48-04-24.562N;069-16-19.589W;-5.09
2753;48-04-25.484N;069-16-18.193W;-5.03
2754;48-04-25.491N;069-16-17.662W;-5.02
2755;48-04-25.490N;069-16-16.909W;-5.03
2756;48-04-25.488N;069-16-16.823W;-5.05
2757;48-04-25.496N;069-16-13.944W;-5.07
2758;48-04-25.499N;069-16-13.383W;-5.01
2759;48-04-25.499N;069-16-12.361W;-4.98
2760;48-04-25.598N;069-16-18.007W;-5.0
2761;48-04-25.672N;069-16-17.876W;-4.98
2762;48-04-25.509N;069-16-17.536W;-4.98
2763;48-04-25.699N;069-16-16.900W;-4.94
2764;48-04-25.755N;069-16-16.572W;-5.06
2765;48-04-25.818N;069-16-16.281W;-4.98
2766;48-04-25.576N;069-16-15.882W;-5.07
2767;48-04-25.561N;069-16-15.609W;-5.06
2768;48-04-25.524N;069-16-15.234W;-5.02
2769;48-04-25.518N;069-16-14.922W;-5.08
2770;48-04-25.697N;069-16-14.510W;-4.89
2771;48-04-25.664N;069-16-14.036W;-4.9
2772;48-04-25.514N;069-16-13.666W;-5.03
2773;48-04-25.661N;069-16-13.262W;-4.79
2774;48-04-25.639N;069-16-13.192W;-5.0
2775;48-04-25.500N;069-16-12.556W;-4.97
2776;48-04-25.504N;069-16-12.185W;-4.98
2777;48-04-25.627N;069-16-11.854W;-5.01
2778;48-04-25.636N;069-16-11.698W;-5.05
2779;48-04-25.667N;069-16-11.247W;-5.01
2780;48-04-25.685N;069-16-11.032W;-4.96
2781;48-04-25.511N;069-16-10.543W;-5.07
2782;48-04-25.515N;069-16-10.146W;-5.05
2783;48-04-25.725N;069-16-10.001W;-5.03
2784;48-04-25.578N;069-16-09.591W;-5.04
2785;48-04-25.513N;069-16-08.993W;-5.0
2786;48-04-25.818N;069-16-08.908W;-4.91
2787;48-04-25.833N;069-16-08.444W;-4.84
2788;48-04-26.001N;069-16-17.253W;-4.78
2789;48-04-25.905N;069-16-16.871W;-4.86
2790;48-04-26.188N;069-16-16.833W;-4.85
2791;48-04-25.881N;069-16-16.462W;-4.92
2792;48-04-26.167N;069-16-16.048W;-4.94
2793;48-04-26.207N;069-16-15.519W;-4.87
2794;48-04-25.956N;069-16-15.235W;-4.9
2795;48-04-25.927N;069-16-14.831W;-4.84
2796;48-04-26.217N;069-16-14.394W;-4.86
2797;48-04-26.096N;069-16-14.041W;-4.89
2798;48-04-26.035N;069-16-13.847W;-4.93
2799;48-04-26.140N;069-16-13.325W;-4.89
2800;48-04-26.202N;069-16-13.205W;-4.92
2801;48-04-26.141N;069-16-12.805W;-4.84
2802;48-04-26.116N;069-16-11.543W;-4.75
2803;48-04-25.912N;069-16-11.208W;-4.89
2804;48-04-26.169N;069-16-10.764W;-4.94
2805;48-04-26.055N;069-16-10.676W;-5.0
2806;48-04-25.970N;069-16-10.320W;-4.93
2807;48-04-26.197N;069-16-09.660W;-4.97
2808;48-04-26.125N;069-16-09.523W;-5.02
2809;48-04-25.966N;069-16-09.157W;-4.99
2810;48-04-26.154N;069-16-08.673W;-4.91
2811;48-04-26.102N;069-16-08.446W;-5.05
2812;48-04-26.101N;069-16-08.096W;-5.08
2813;48-04-26.230N;069-16-16.874W;-4.86
2814;48-04-26.298N;069-16-16.768W;-4.56
2815;48-04-26.562N;069-16-16.342W;-4.81
2816;48-04-26.543N;069-16-16.007W;-4.85
2817;48-04-26.437N;069-16-15.627W;-4.66
2818;48-04-26.566N;069-16-15.249W;-4.84
2819;48-04-26.567N;069-16-15.027W;-4.86
2820;48-04-26.277N;069-16-14.582W;-4.84
2821;48-04-26.331N;069-16-13.996W;-4.81
2822;48-04-26.231N;069-16-13.663W;-4.86
2823;48-04-26.367N;069-16-13.302W;-4.91
2824;48-04-26.386N;069-16-13.178W;-4.92
2825;48-04-26.339N;069-16-12.609W;-4.9
2826;48-04-26.343N;069-16-12.260W;-4.89
2827;48-04-26.463N;069-16-12.006W;-4.87
2828;48-04-26.481N;069-16-11.583W;-4.88
2829;48-04-26.548N;069-16-11.209W;-4.92
2830;48-04-26.400N;069-16-10.799W;-4.93
2831;48-04-26.364N;069-16-10.525W;-4.86
2832;48-04-26.434N;069-16-10.076W;-4.88
2833;48-04-26.403N;069-16-09.676W;-4.99
2834;48-04-26.321N;069-16-09.584W;-4.83
2835;48-04-26.483N;069-16-09.270W;-4.55
2836;48-04-26.365N;069-16-08.816W;-4.9
2837;48-04-26.462N;069-16-08.541W;-4.89
2838;48-04-26.301N;069-16-07.918W;-5.06
2839;48-04-26.364N;069-16-07.463W;-5.08
2840;48-04-26.699N;069-16-16.201W;-4.86
2841;48-04-26.747N;069-16-15.863W;-4.85
2842;48-04-26.633N;069-16-15.537W;-4.8
2843;48-04-26.665N;069-16-15.345W;-4.85
2844;48-04-26.668N;069-16-14.700W;-4.86
2845;48-04-26.873N;069-16-14.379W;-4.92
2846;48-04-26.755N;069-16-14.134W;-4.86
2847;48-04-26.882N;069-16-13.644W;-4.9
2848;48-04-26.830N;069-16-13.359W;-4.87
2849;48-04-26.727N;069-16-13.127W;-4.86
2850;48-04-26.728N;069-16-12.785W;-4.88
2851;48-04-26.735N;069-16-12.290W;-4.91
2852;48-04-26.816N;069-16-12.053W;-4.87
2853;48-04-26.743N;069-16-11.681W;-4.83
2854;48-04-26.829N;069-16-11.256W;-4.87
2855;48-04-26.891N;069-16-11.018W;-4.84
2856;48-04-26.694N;069-16-10.633W;-4.81
2857;48-04-26.625N;069-16-10.263W;-4.82
2858;48-04-26.769N;069-16-09.900W;-4.84
2859;48-04-26.644N;069-16-09.610W;-4.89
2860;48-04-26.743N;069-16-09.163W;-5.05
2861;48-04-26.639N;069-16-08.683W;-4.96
2862;48-04-26.630N;069-16-08.384W;-4.96
2863;48-04-26.803N;069-16-07.884W;-5.08
2864;48-04-26.624N;069-16-07.440W;-4.84
2865;48-04-26.947N;069-16-15.909W;-4.65
2866;48-04-27.114N;069-16-15.535W;-4.85
2867;48-04-27.008N;069-16-15.225W;-4.85
2868;48-04-27.008N;069-16-14.865W;-4.92
2869;48-04-27.103N;069-16-14.425W;-4.95
2870;48-04-27.299N;069-16-14.279W;-4.96
2871;48-04-27.254N;069-16-13.782W;-4.88
2872;48-04-27.272N;069-16-13.415W;-4.88
2873;48-04-27.267N;069-16-13.117W;-4.87
2874;48-04-27.261N;069-16-12.719W;-4.86
2875;48-04-27.220N;069-16-12.371W;-4.88
2876;48-04-27.232N;069-16-11.959W;-4.93
2877;48-04-27.128N;069-16-11.559W;-4.94
2878;48-04-27.111N;069-16-11.358W;-4.95
2879;48-04-27.049N;069-16-10.892W;-4.97
2880;48-04-27.119N;069-16-10.583W;-5.06
2881;48-04-27.121N;069-16-10.177W;-5.01
2882;48-04-26.955N;069-16-09.682W;-4.86
2883;48-04-27.623N;069-16-14.814W;-5.07
2884;48-04-27.630N;069-16-14.348W;-5.01
2885;48-04-27.624N;069-16-14.050W;-5.03
2886;48-04-27.394N;069-16-13.745W;-4.99
2887;48-04-27.600N;069-16-13.512W;-4.87
2888;48-04-27.590N;069-16-12.946W;-5.04
2889;48-04-27.424N;069-16-12.544W;-4.98
2890;48-04-27.572N;069-16-12.527W;-5.04
2891;48-04-27.420N;069-16-12.048W;-5.02
2892;48-04-27.437N;069-16-11.804W;-5.04
2893;48-04-27.427N;069-16-07.200W;-5.05
2894;48-04-27.787N;069-16-14.502W;-4.91
2895;48-04-28.014N;069-16-14.213W;-4.96
2896;48-04-27.895N;069-16-13.890W;-4.93
2897;48-04-27.923N;069-16-13.391W;-5.02
2898;48-04-27.679N;069-16-12.911W;-5.08
2899;48-04-28.045N;069-17-39.604W;-1.22
2900;48-04-28.024N;069-16-14.151W;-4.97
2901;48-04-28.167N;069-16-13.969W;-5.07
2902;48-04-28.066N;069-16-13.596W;-5.06
2903;48-04-28.647N;069-16-07.675W;-5.07
2904;48-04-28.894N;069-16-07.670W;-4.82
2905;48-04-29.070N;069-16-07.487W;-4.85
2906;48-04-29.342N;069-16-07.667W;-4.98
2907;48-04-29.659N;069-17-57.013W;-1.22
2908;48-04-29.635N;069-16-07.430W;-5.02
2909;48-04-30.025N;069-16-07.200W;-4.93
2910;48-04-30.381N;069-17-44.209W;-0.61
2911;48-04-30.767N;069-16-06.998W;-4.98
2912;48-04-32.191N;069-17-48.931W;-0.61
2913;48-04-34.525N;069-17-54.442W;-0.61
2914;48-04-37.063N;069-17-59.048W;-0.31
2915;48-04-40.952N;069-17-42.940W;-0.31
2916;48-04-48.340N;069-17-35.189W;-0.61
2917;48-04-49.189N;069-17-51.749W;-0.91
2918;48-04-49.155N;069-16-28.189W;-1.22
2919;48-04-49.872N;069-17-37.796W;-0.61
2920;48-04-50.956N;069-17-41.426W;-0.61
2921;48-04-50.806N;069-16-32.185W;-0.61
2922;48-04-51.119N;069-17-56.654W;-0.31
2923;48-04-52.414N;069-16-36.604W;-0.61
2924;48-04-53.092N;069-17-45.306W;-0.31
2925;48-04-53.924N;069-16-32.495W;-0.3
2926;48-04-53.983N;069-16-40.903W;-0.91
2927;48-04-55.103N;069-17-50.211W;-0.31
2928;48-04-55.494N;069-17-39.881W;-0.31
2929;48-04-55.795N;069-16-44.840W;-0.31
2930;48-04-56.241N;069-16-36.599W;-0.3
2931;48-04-56.751N;069-17-54.813W;-0.31
2932;48-04-57.130N;069-16-28.077W;-0.6
2933;48-04-58.145N;069-17-32.767W;-0.31
2934;48-04-58.057N;069-17-19.353W;-0.61
2935;48-04-58.440N;069-17-59.294W;-0.31
2936;48-04-58.455N;069-16-40.907W;-0.3
2937;48-04-59.949N;069-17-23.956W;-0.61
2938;48-04-59.856N;069-16-32.950W;-0.6
2939;48-05-00.978N;069-16-45.267W;-0.3
2940;48-05-01.225N;069-16-59.310W;-0.31
2941;48-05-01.596N;069-17-28.860W;-0.61
2942;48-05-02.172N;069-16-37.565W;-0.3
2943;48-05-02.718N;069-16-28.938W;-0.3
2944;48-05-03.604N;069-17-33.847W;0.0
2945;48-05-03.430N;069-16-50.037W;0.0
2946;48-05-04.864N;069-16-42.387W;0.0
2947;48-05-04.898N;069-16-33.041W;0.0
2948;48-05-05.379N;069-17-37.703W;-0.31
2949;48-05-05.714N;069-16-53.886W;0.0
2950;48-05-06.065N;069-17-52.676W;0.0
2951;48-05-06.135N;069-17-25.554W;0.0
2952;48-05-05.921N;069-16-25.184W;-0.3
2953;48-05-06.158N;069-16-16.453W;-0.3
2954;48-05-07.148N;069-17-42.608W;-0.31
2955;48-05-07.214N;069-16-47.207W;0.0
2956;48-05-07.216N;069-16-37.145W;0.0
2957;48-05-07.907N;069-17-57.573W;0.0
2958;48-05-07.762N;069-17-29.310W;0.0
2959;48-05-08.030N;069-16-58.552W;0.0
2960;48-05-08.507N;069-17-17.780W;-0.31
2961;48-05-08.344N;069-17-02.129W;-0.31
2962;48-05-08.548N;069-16-29.138W;0.0
2963;48-05-08.843N;069-17-33.226W;0.0
2964;48-05-08.749N;069-16-20.967W;-0.3
2965;48-05-09.243N;069-17-47.563W;0.0
2966;48-05-09.533N;069-16-41.402W;0.0
2967;48-05-10.010N;069-16-51.825W;0.0
2968;48-05-10.361N;069-17-37.143W;0.0
2969;48-05-10.180N;069-17-22.645W;0.0
2970;48-05-10.154N;069-17-06.913W;-0.61
2971;48-05-10.868N;069-17-52.052W;0.0
2972;48-05-11.068N;069-16-34.163W;0.0
2973;48-05-10.934N;069-16-14.242W;0.0
2974;48-05-11.508N;069-16-45.453W;0.0
2975;48-05-11.270N;069-16-25.686W;0.0
2976;48-05-11.625N;069-17-12.065W;0.0
2977;48-05-12.212N;069-17-41.368W;0.31
2978;48-05-12.024N;069-17-27.053W;0.0
2979;48-05-12.602N;069-17-56.460W;0.0
2980;48-05-12.359N;069-16-56.645W;0.0
2981;48-05-12.741N;069-17-02.297W;0.0
2982;48-05-12.809N;069-16-07.719W;0.0
2983;48-05-13.289N;069-17-16.356W;-0.31
2984;48-05-13.182N;069-16-18.550W;0.0
2985;48-05-13.654N;069-16-04.850W;-0.0
2986;48-05-13.718N;069-16-03.684W;-0.0
2987;48-05-14.063N;069-17-45.850W;0.31
2988;48-05-13.866N;069-17-31.788W;0.0
2989;48-05-13.761N;069-16-38.985W;0.0
2990;48-05-13.945N;069-16-02.971W;-0.0
2991;48-05-14.305N;069-16-49.868W;0.0
2992;48-05-14.648N;069-17-06.635W;-0.31
2993;48-05-14.723N;069-16-02.161W;-0.0
2994;48-05-15.165N;069-17-36.031W;0.0
2995;48-05-15.156N;069-16-32.663W;0.0
2996;48-05-15.057N;069-16-12.231W;0.0
2997;48-05-15.202N;069-17-21.207W;0.0
2998;48-05-15.262N;069-16-02.682W;0.3
2999;48-05-15.274N;069-16-01.902W;-0.0
3000;48-05-15.873N;069-17-50.150W;0.31
3001;48-05-15.568N;069-16-22.859W;0.3
3002;48-05-15.824N;069-16-01.902W;-0.0
3003;48-05-16.008N;069-16-43.650W;0.0
3004;48-05-16.689N;069-16-54.535W;0.0
3005;48-05-16.967N;069-16-05.657W;0.3
3006;48-05-17.154N;069-17-40.429W;0.31
3007;48-05-17.031N;069-17-25.260W;0.31
3008;48-05-17.305N;069-16-16.591W;0.0
3009;48-05-17.602N;069-17-54.753W;0.61
3010;48-05-17.643N;069-16-37.279W;0.3
3011;48-05-17.680N;069-16-27.064W;0.61
3012;48-05-17.987N;069-17-15.598W;-0.31
3013;48-05-18.019N;069-16-08.628W;0.3
3014;48-05-18.667N;069-16-48.013W;0.0
3015;48-05-19.086N;069-17-44.730W;0.31
3016;48-05-18.922N;069-17-30.045W;0.31
3017;48-05-18.850N;069-17-02.819W;0.0
3018;48-05-19.046N;069-15-59.595W;-0.3
3019;48-05-19.292N;069-17-58.933W;0.91
3020;48-05-19.208N;069-16-59.611W;0.0
3021;48-05-19.451N;069-16-20.846W;0.3
3022;48-05-19.926N;069-16-41.485W;0.3
3023;48-05-20.133N;069-16-31.527W;0.61
3024;48-05-20.405N;069-17-34.757W;0.0
3025;48-05-20.438N;069-17-22.214W;0.0
3026;48-05-20.368N;069-17-06.737W;0.0
3027;48-05-20.653N;069-17-49.211W;0.61
3028;48-05-20.920N;069-16-12.992W;0.3
3029;48-05-20.886N;069-16-03.185W;-0.3
3030;48-05-21.251N;069-17-03.765W;0.3
3031;48-05-21.188N;069-16-52.987W;0.0
3032;48-05-21.194N;069-15-53.585W;-0.3
3033;48-05-21.632N;069-16-25.000W;0.3
3034;48-05-22.262N;069-17-53.390W;0.91
3035;48-05-22.381N;069-17-38.766W;0.31
3036;48-05-22.382N;069-16-35.835W;0.61
3037;48-05-22.625N;069-15-56.303W;0.0
3038;48-05-22.789N;069-16-46.615W;0.0
3039;48-05-22.828N;069-16-06.929W;0.0
3040;48-05-23.335N;069-17-14.056W;0.31
3041;48-05-23.436N;069-16-57.398W;0.3
3042;48-05-23.539N;069-17-29.044W;0.31
3043;48-05-23.577N;069-16-18.069W;0.3
3044;48-05-23.948N;069-17-43.247W;0.61
3045;48-05-23.914N;069-16-29.564W;0.61
3046;48-05-24.192N;069-17-58.357W;1.22
3047;48-05-24.391N;069-16-39.886W;0.61
3048;48-05-24.398N;069-15-49.625W;-0.6
3049;48-05-25.208N;069-17-34.297W;0.0
3050;48-05-25.104N;069-17-18.659W;0.31
3051;48-05-25.071N;069-16-51.129W;0.3
3052;48-05-25.110N;069-16-11.543W;0.3
3053;48-05-25.475N;069-17-47.849W;0.91
3054;48-05-25.957N;069-17-01.914W;0.61
3055;48-05-25.962N;069-16-22.685W;0.3
3056;48-05-26.183N;069-17-08.331W;0.31
3057;48-05-26.174N;069-16-01.694W;0.0
3058;48-05-26.436N;069-16-33.977W;0.3
3059;48-05-26.917N;069-17-37.947W;0.61
3060;48-05-26.754N;069-17-22.898W;0.31
3061;48-05-26.809N;069-16-44.553W;0.3
3062;48-05-26.714N;069-15-54.240W;0.0
3063;48-05-27.122N;069-17-52.572W;1.22
3064;48-05-27.156N;069-16-05.225W;0.3
3065;48-05-27.421N;069-16-55.642W;0.3
3066;48-05-27.768N;069-16-16.416W;0.0
3067;48-05-27.833N;069-17-12.389W;0.31
3068;48-05-28.004N;069-16-27.247W;0.61
3069;48-05-28.485N;069-17-42.549W;0.91
3070;48-05-28.401N;069-17-27.802W;0.31
3071;48-05-28.410N;069-16-38.232W;0.61
3072;48-05-28.317N;069-15-47.101W;-0.3
3073;48-05-28.514N;069-17-06.173W;0.61
3074;48-05-28.973N;069-17-56.995W;1.22
3075;48-05-29.194N;069-16-49.169W;0.61
3076;48-05-29.030N;069-15-58.906W;0.3
3077;48-05-29.805N;069-17-00.156W;0.61
3078;48-05-29.780N;069-16-09.894W;0.3
3079;48-05-30.053N;069-17-46.909W;0.91
3080;48-05-30.131N;069-17-32.103W;0.61
3081;48-05-29.965N;069-17-18.022W;0.31
3082;48-05-30.221N;069-16-21.084W;0.0
3083;48-05-30.190N;069-15-50.895W;-0.3
3084;48-05-30.628N;069-16-31.813W;0.61
3085;48-05-30.861N;069-17-11.556W;0.61
3086;48-05-30.761N;069-16-42.797W;0.91
3087;48-05-30.941N;069-15-42.064W;-0.9
3088;48-05-31.210N;069-16-03.264W;0.3
3089;48-05-31.700N;069-17-51.753W;1.22
3090;48-05-31.614N;069-17-22.140W;0.31
3091;48-05-31.647N;069-16-53.786W;0.61
3092;48-05-31.780N;069-17-36.282W;0.91
3093;48-05-32.098N;069-15-54.587W;0.0
3094;48-05-32.332N;069-16-25.595W;0.3
3095;48-05-32.166N;069-16-14.306W;0.3
3096;48-05-32.533N;069-17-04.826W;0.61
3097;48-05-33.137N;069-17-12.177W;0.31
3098;48-05-33.013N;069-16-36.276W;0.3
3099;48-05-33.122N;069-15-46.218W;-0.3
3100;48-05-33.430N;069-17-55.933W;1.52
3101;48-05-33.508N;069-17-41.187W;0.91
3102;48-05-33.223N;069-17-26.440W;0.31
3103;48-05-33.316N;069-16-47.567W;0.91
3104;48-05-33.347N;069-15-37.136W;0.0
3105;48-05-33.628N;069-16-08.136W;0.61
3106;48-05-34.202N;069-16-58.404W;0.61
3107;48-05-34.108N;069-15-58.383W;0.0
3108;48-05-34.380N;069-16-18.664W;0.3
3109;48-05-34.787N;069-17-16.417W;0.61
3110;48-05-34.847N;069-17-09.698W;0.91
3111;48-05-35.157N;069-17-45.488W;0.91
3112;48-05-34.992N;069-17-31.043W;0.61
3113;48-05-34.990N;069-16-30.366W;0.0
3114;48-05-35.432N;069-16-40.944W;0.3
3115;48-05-35.571N;069-16-01.919W;0.3
3116;48-05-35.679N;069-15-50.682W;0.0
3117;48-05-35.734N;069-16-52.184W;0.91
3118;48-05-35.910N;069-16-12.802W;0.61
3119;48-05-35.780N;069-15-41.334W;-0.3
3120;48-05-36.645N;069-17-49.606W;1.22
3121;48-05-36.640N;069-17-35.645W;0.91
3122;48-05-36.435N;069-17-20.898W;0.31
3123;48-05-36.656N;069-17-02.765W;1.22
3124;48-05-36.729N;069-16-23.740W;0.3
3125;48-05-36.963N;069-16-34.979W;0.3
3126;48-05-37.404N;069-17-14.060W;0.91
3127;48-05-37.817N;069-16-45.458W;0.3
3128;48-05-38.003N;069-17-25.379W;0.61
3129;48-05-38.051N;069-16-56.544W;0.91
3130;48-05-38.139N;069-16-03.113W;0.0
3131;48-05-37.927N;069-15-55.348W;0.0
3132;48-05-37.926N;069-15-45.693W;-0.3
3133;48-05-38.374N;069-17-53.967W;1.22
3134;48-05-38.289N;069-17-40.066W;1.22
3135;48-05-38.226N;069-16-17.570W;0.61
3136;48-05-38.333N;069-16-06.793W;0.0
3137;48-05-39.176N;069-17-07.740W;1.52
3138;48-05-39.250N;069-16-28.510W;0.3
3139;48-05-39.530N;069-17-29.800W;0.91
3140;48-05-39.382N;069-16-39.442W;0.61
3141;48-05-39.819N;069-17-58.569W;1.22
3142;48-05-39.938N;069-17-44.125W;1.22
3143;48-05-39.753N;069-17-18.676W;1.22
3144;48-05-40.132N;069-16-50.074W;0.91
3145;48-05-40.070N;069-16-00.216W;0.0
3146;48-05-40.642N;069-17-00.958W;1.22
3147;48-05-40.472N;069-16-22.543W;0.61
3148;48-05-40.717N;069-16-11.358W;0.0
3149;48-05-40.449N;069-15-49.951W;0.0
3150;48-05-41.381N;069-17-34.222W;1.22
3151;48-05-41.457N;069-17-12.305W;1.52
3152;48-05-41.223N;069-16-33.072W;0.91
3153;48-05-41.747N;069-17-49.272W;1.52
3154;48-05-41.498N;069-17-20.141W;0.61
3155;48-05-41.802N;069-16-43.854W;0.61
3156;48-05-42.414N;069-16-54.740W;0.91
3157;48-05-42.459N;069-15-54.156W;0.0
3158;48-05-42.863N;069-17-24.681W;0.91
3159;48-05-42.657N;069-16-15.715W;0.3
3160;48-05-42.558N;069-16-05.089W;0.0
3161;48-05-43.234N;069-17-53.451W;1.52
3162;48-05-43.029N;069-17-38.704W;1.22
3163;48-05-43.197N;069-17-05.883W;1.52
3164;48-05-42.960N;069-16-27.109W;0.91
3165;48-05-43.978N;069-17-16.974W;1.22
3166;48-05-43.778N;069-16-37.842W;0.91
3167;48-05-44.253N;069-16-48.778W;0.91
3168;48-05-44.596N;069-17-43.548W;1.22
3169;48-05-44.592N;069-17-29.405W;1.22
3170;48-05-44.431N;069-15-58.871W;0.0
3171;48-05-44.936N;069-16-59.204W;1.22
3172;48-05-45.002N;069-16-31.364W;0.91
3173;48-05-44.905N;069-16-20.177W;0.61
3174;48-05-45.085N;069-17-57.995W;1.52
3175;48-05-45.376N;069-17-10.089W;1.52
3176;48-05-45.113N;069-16-09.808W;0.0
3177;48-05-46.043N;069-17-47.725W;1.52
3178;48-05-46.117N;069-17-18.837W;1.22
3179;48-05-46.095N;069-16-42.203W;0.91
3180;48-05-46.161N;069-17-33.584W;1.22
3181;48-05-46.772N;069-16-53.155W;0.61
3182;48-05-46.779N;069-16-14.010W;0.61
3183;48-05-46.784N;069-16-02.925W;0.0
3184;48-05-47.284N;069-17-04.281W;1.22
3185;48-05-47.460N;069-16-25.049W;0.61
3186;48-05-47.893N;069-17-52.209W;1.52
3187;48-05-47.688N;069-17-37.763W;1.52
3188;48-05-47.603N;069-17-23.499W;1.22
3189;48-05-47.931N;069-17-14.809W;1.52
3190;48-05-47.695N;069-16-36.035W;1.22
3191;48-05-48.481N;069-16-46.462W;1.22
3192;48-05-48.657N;069-15-57.166W;0.0
3193;48-05-48.953N;069-16-58.011W;1.22
3194;48-05-49.333N;069-17-27.801W;1.52
3195;48-05-49.095N;069-16-18.625W;0.61
3196;48-05-49.067N;069-16-07.437W;0.3
3197;48-05-49.622N;069-17-56.933W;1.83
3198;48-05-49.416N;069-17-42.668W;1.52
3199;48-05-49.464N;069-17-08.589W;1.52
3200;48-05-49.778N;069-16-29.103W;0.61
3201;48-05-50.114N;069-16-40.498W;1.22
3202;48-05-50.983N;069-17-47.271W;1.52
3203;48-05-50.860N;069-17-32.463W;1.52
3204;48-05-50.894N;069-17-20.555W;1.83
3205;48-05-51.063N;069-17-02.524W;1.22
3206;48-05-50.899N;069-16-51.334W;1.22
3207;48-05-50.871N;069-16-01.526W;0.3
3208;48-05-51.279N;069-16-12.206W;0.3
3209;48-05-51.819N;069-16-34.075W;0.61
3210;48-05-51.719N;069-16-23.397W;0.61
3211;48-05-52.508N;069-17-36.944W;1.52
3212;48-05-52.566N;069-17-13.518W;1.83
3213;48-05-52.567N;069-16-45.166W;1.22
3214;48-05-52.794N;069-17-51.573W;1.83
3215;48-05-52.903N;069-17-24.505W;1.83
3216;48-05-52.906N;069-16-55.744W;1.52
3217;48-05-52.912N;069-16-06.344W;0.91
3218;48-05-52.950N;069-15-55.565W;0.0
3219;48-05-53.321N;069-16-16.819W;0.61
3220;48-05-53.620N;069-17-06.988W;1.22
3221;48-05-53.911N;069-17-26.920W;1.22
3222;48-05-53.796N;069-16-27.755W;0.61
3223;48-05-54.280N;069-17-55.993W;2.44
3224;48-05-54.157N;069-17-41.246W;1.52
3225;48-05-54.403N;069-17-17.774W;1.52
3226;48-05-54.170N;069-16-38.129W;1.22
3227;48-05-54.781N;069-16-49.628W;1.52
3228;48-05-55.125N;069-16-11.010W;0.91
3229;48-05-54.787N;069-15-59.768W;0.61
3230;48-05-55.291N;069-17-00.360W;1.52
3231;48-05-55.644N;069-17-45.425W;1.52
3232;48-05-55.721N;069-17-31.402W;1.22
3233;48-05-56.072N;069-17-11.759W;1.83
3234;48-05-56.043N;069-16-32.422W;0.61
3235;48-05-55.878N;069-16-21.182W;0.61
3236;48-05-56.222N;069-15-21.872W;-0.9
3237;48-05-56.855N;069-16-54.549W;1.52
3238;48-05-56.589N;069-16-42.899W;1.22
3239;48-05-56.932N;069-16-04.280W;0.61
3240;48-05-56.868N;069-15-43.283W;-0.9
3241;48-05-57.089N;069-17-50.268W;2.13
3242;48-05-57.208N;069-17-35.702W;1.22
3243;48-05-57.106N;069-15-54.115W;-0.3
3244;48-05-57.300N;069-17-22.753W;1.83
3245;48-05-57.304N;069-16-15.573W;1.22
3246;48-05-57.781N;069-16-26.203W;1.22
3247;48-05-58.187N;069-17-05.544W;1.83
3248;48-05-58.359N;069-16-37.089W;0.91
3249;48-05-58.654N;069-17-40.183W;1.22
3250;48-05-58.422N;069-17-16.325W;1.83
3251;48-05-58.471N;069-15-26.130W;-0.3
3252;48-05-58.820N;069-17-54.267W;2.74
3253;48-05-58.767N;069-16-47.617W;1.22
3254;48-05-59.444N;069-16-59.576W;1.83
3255;48-05-59.317N;069-16-08.845W;0.61
3256;48-05-59.354N;069-15-58.424W;0.3
3257;48-05-59.116N;069-15-48.051W;-0.6
3258;48-05-59.546N;069-17-27.472W;1.83
3259;48-05-59.586N;069-16-20.290W;0.91
3260;48-05-59.796N;069-15-20.111W;-0.3
3261;48-05-30.494N;069-14-35.265W;-4.96
3262;48-05-30.659N;069-14-34.950W;-4.96
3263;48-05-30.844N;069-14-34.704W;-4.82
3264;48-05-30.899N;069-14-34.390W;-4.84
3265;48-05-30.730N;069-14-34.221W;-4.88
3266;48-05-31.026N;069-14-34.310W;-4.83
3267;48-05-31.160N;069-14-34.008W;-4.54
3268;48-05-31.087N;069-14-33.809W;-4.87
3269;48-05-31.174N;069-14-33.460W;-4.9
3270;48-05-31.028N;069-14-32.536W;-5.02
3271;48-05-31.448N;069-14-33.745W;-4.29
3272;48-05-31.470N;069-14-33.188W;-4.33
3273;48-05-31.636N;069-14-33.017W;-4.18
3274;48-05-31.380N;069-14-32.673W;-4.87
3275;48-05-31.472N;069-14-32.293W;-4.82
3276;48-05-31.491N;069-14-31.889W;-4.88
3277;48-05-31.635N;069-14-31.711W;-4.87
3278;48-05-31.879N;069-14-32.909W;-4.05
3279;48-05-31.808N;069-14-32.671W;-4.15
3280;48-05-32.003N;069-14-32.219W;-4.35
3281;48-05-31.800N;069-14-31.914W;-4.77
3282;48-05-31.818N;069-14-31.585W;-4.89
3283;48-05-31.807N;069-14-31.085W;-4.88
3284;48-05-31.964N;069-14-30.787W;-4.9
3285;48-05-31.963N;069-14-30.417W;-4.98
3286;48-05-32.121N;069-14-32.537W;-3.91
3287;48-05-32.193N;069-14-32.288W;-4.2
3288;48-05-32.123N;069-14-31.865W;-4.0
3289;48-05-32.123N;069-14-31.588W;-4.31
3290;48-05-32.135N;069-14-31.131W;-4.5
3291;48-05-32.297N;069-14-30.810W;-4.43
3292;48-05-32.126N;069-14-30.388W;-4.78
3293;48-05-32.130N;069-14-30.118W;-4.87
3294;48-05-32.154N;069-14-29.926W;-4.91
3295;48-05-32.373N;069-14-29.520W;-4.89
3296;48-05-32.414N;069-14-28.961W;-4.85
3297;48-05-32.443N;069-14-28.694W;-4.87
3298;48-05-32.454N;069-14-28.188W;-4.91
3299;48-05-32.460N;069-14-31.844W;-3.89
3300;48-05-32.533N;069-14-31.513W;-4.87
3301;48-05-32.522N;069-14-31.108W;-3.98
3302;48-05-32.486N;069-14-30.881W;-4.11
3303;48-05-32.482N;069-14-30.381W;-4.18
3304;48-05-32.755N;069-14-29.890W;-4.06
3305;48-05-32.469N;069-14-29.392W;-4.59
3306;48-05-32.542N;069-14-28.921W;-4.6
3307;48-05-32.472N;069-14-28.688W;-4.82
3308;48-05-32.698N;069-14-28.239W;-4.88
3309;48-05-32.632N;069-14-28.000W;-4.86
3310;48-05-32.892N;069-14-29.713W;-3.98
3311;48-05-32.844N;069-14-29.577W;-4.01
3312;48-05-32.954N;069-14-28.915W;-3.86
3313;48-05-32.863N;069-14-28.614W;-4.44
3314;48-05-32.887N;069-14-28.215W;-4.43
3315;48-05-32.957N;069-14-27.952W;-4.52
3316;48-05-32.903N;069-14-27.738W;-4.89
3317;48-05-32.984N;069-14-27.248W;-4.94
3318;48-05-33.129N;069-14-26.829W;-4.86
3319;48-05-33.192N;069-14-28.676W;-3.87
3320;48-05-33.346N;069-14-28.237W;-3.93
3321;48-05-33.320N;069-14-28.035W;-3.92
3322;48-05-33.265N;069-14-27.535W;-4.25
3323;48-05-33.264N;069-14-27.298W;-4.41
3324;48-05-33.272N;069-14-26.806W;-4.6
3325;48-05-33.271N;069-14-26.610W;-4.87
3326;48-05-33.271N;069-14-26.261W;-5.03
3327;48-05-33.546N;069-14-29.655W;-3.85
3328;48-05-33.613N;069-14-29.378W;-4.02
3329;48-05-33.553N;069-14-29.157W;-4.38
3330;48-05-33.698N;069-14-27.953W;-4.61
3331;48-05-33.612N;069-14-27.599W;-3.91
3332;48-05-33.680N;069-14-27.337W;-3.9
3333;48-05-33.591N;069-14-26.752W;-4.09
3334;48-05-33.645N;069-14-26.513W;-4.18
3335;48-05-33.591N;069-14-26.099W;-4.63
3336;48-05-33.592N;069-14-25.757W;-4.87
3337;48-05-33.758N;069-14-25.410W;-4.87
3338;48-05-33.775N;069-14-25.101W;-4.91
3339;48-05-33.923N;069-14-26.021W;-4.2
3340;48-05-33.990N;069-14-25.775W;-4.3
3341;48-05-33.947N;069-14-25.300W;-4.61
3342;48-05-33.966N;069-14-24.985W;-4.88
3343;48-05-34.093N;069-14-24.848W;-4.83
3344;48-05-34.102N;069-14-24.445W;-4.86
3345;48-05-34.085N;069-14-24.097W;-5.02
3346;48-05-34.112N;069-12-45.889W;-4.87
3347;48-05-34.122N;069-12-43.804W;-4.96
3348;48-05-34.269N;069-14-25.810W;-3.85
3349;48-05-34.420N;069-14-25.294W;-3.88
3350;48-05-34.413N;069-14-25.052W;-4.32
3351;48-05-34.261N;069-14-24.613W;-4.53
3352;48-05-34.280N;069-14-24.354W;-4.81
3353;48-05-34.436N;069-14-24.094W;-4.83
3354;48-05-34.406N;069-14-23.480W;-4.94
3355;48-05-34.409N;069-14-23.125W;-4.93
3356;48-05-34.572N;069-14-22.649W;-4.84
3357;48-05-34.582N;069-12-44.491W;-4.9
3358;48-05-34.411N;069-12-44.294W;-4.89
3359;48-05-34.276N;069-12-44.046W;-4.72
3360;48-05-34.732N;069-14-24.609W;-3.86
3361;48-05-34.859N;069-14-24.435W;-3.95
3362;48-05-34.740N;069-14-24.074W;-4.29
3363;48-05-34.734N;069-14-23.703W;-4.43
3364;48-05-34.747N;069-14-23.240W;-4.58
3365;48-05-34.675N;069-14-22.953W;-4.79
3366;48-05-34.734N;069-14-22.451W;-4.73
3367;48-05-34.733N;069-14-22.273W;-4.75
3368;48-05-34.831N;069-14-21.966W;-4.79
3369;48-05-34.740N;069-14-21.602W;-4.86
3370;48-05-34.745N;069-14-21.212W;-4.99
3371;48-05-34.960N;069-14-20.751W;-4.88
3372;48-05-34.933N;069-14-20.319W;-5.01
3373;48-05-34.988N;069-14-25.272W;-4.13
3374;48-05-35.021N;069-14-24.967W;-3.89
3375;48-05-35.062N;069-14-23.649W;-3.85
3376;48-05-35.054N;069-14-23.209W;-4.01
3377;48-05-35.058N;069-14-22.961W;-4.26
3378;48-05-35.060N;069-14-22.711W;-4.12
3379;48-05-35.092N;069-14-22.034W;-4.35
3380;48-05-35.079N;069-14-21.823W;-4.42
3381;48-05-35.059N;069-14-21.429W;-4.46
3382;48-05-35.062N;069-14-20.941W;-4.59
3383;48-05-35.045N;069-14-20.595W;-4.83
3384;48-05-35.072N;069-14-20.409W;-4.86
3385;48-05-35.115N;069-14-20.046W;-4.83
3386;48-05-35.071N;069-14-19.515W;-4.95
3387;48-05-35.260N;069-14-19.308W;-4.84
3388;48-05-35.227N;069-14-19.044W;-4.91
3389;48-05-35.234N;069-14-18.774W;-4.99
3390;48-05-35.242N;069-14-16.768W;-4.82
3391;48-05-35.095N;069-14-16.314W;-4.86
3392;48-05-35.070N;069-14-16.057W;-4.94
3393;48-05-35.080N;069-14-15.655W;-4.98
3394;48-05-35.236N;069-14-15.462W;-4.78
3395;48-05-35.082N;069-12-46.862W;-4.73
3396;48-05-35.243N;069-12-45.221W;-4.75
3397;48-05-35.239N;069-12-45.022W;-4.98
3398;48-05-35.296N;069-12-43.017W;-4.99
3399;48-05-35.391N;069-14-22.473W;-3.89
3400;48-05-35.382N;069-14-22.267W;-3.93
3401;48-05-35.433N;069-14-21.768W;-4.01
3402;48-05-35.383N;069-14-21.639W;-3.94
3403;48-05-35.403N;069-14-21.236W;-4.06
3404;48-05-35.437N;069-14-20.874W;-3.92
3405;48-05-35.426N;069-14-20.352W;-4.04
3406;48-05-35.385N;069-14-20.038W;-4.32
3407;48-05-35.392N;069-14-19.521W;-4.52
3408;48-05-35.389N;069-14-19.308W;-4.62
3409;48-05-35.390N;069-14-18.927W;-4.71
3410;48-05-35.387N;069-14-18.582W;-4.84
3411;48-05-35.411N;069-14-18.098W;-4.87
3412;48-05-35.396N;069-14-17.914W;-4.86
3413;48-05-35.391N;069-14-17.643W;-4.88
3414;48-05-35.406N;069-14-17.018W;-4.79
3415;48-05-35.393N;069-14-16.754W;-4.73
3416;48-05-35.402N;069-14-16.594W;-4.54
3417;48-05-35.393N;069-14-16.259W;-4.39
3418;48-05-35.424N;069-14-15.635W;-4.33
3419;48-05-35.406N;069-14-15.262W;-4.71
3420;48-05-35.401N;069-14-14.915W;-4.75
3421;48-05-35.618N;069-14-14.535W;-4.82
3422;48-05-35.563N;069-14-14.190W;-4.92
3423;48-05-35.375N;069-12-45.227W;-4.9
3424;48-05-35.741N;069-14-19.587W;-3.96
3425;48-05-35.764N;069-14-19.333W;-3.93
3426;48-05-35.714N;069-14-18.870W;-4.03
3427;48-05-35.715N;069-14-18.762W;-4.07
3428;48-05-35.718N;069-14-18.085W;-4.12
3429;48-05-35.718N;069-14-18.016W;-4.12
3430;48-05-35.720N;069-14-17.274W;-4.11
3431;48-05-35.716N;069-14-16.757W;-4.12
3432;48-05-35.762N;069-14-16.332W;-3.87
3433;48-05-35.762N;069-14-15.881W;-3.85
3434;48-05-35.729N;069-14-15.195W;-4.02
3435;48-05-35.723N;069-14-14.940W;-4.08
3436;48-05-35.727N;069-14-14.696W;-4.3
3437;48-05-35.754N;069-14-14.145W;-4.98
3438;48-05-35.895N;069-14-13.965W;-4.44
3439;48-05-35.998N;069-14-13.618W;-5.02
3440;48-05-35.722N;069-12-45.716W;-4.68
3441;48-05-35.702N;069-12-45.469W;-5.0
3442;48-05-35.932N;069-12-43.525W;-4.95
3443;48-05-36.070N;069-14-14.664W;-3.84
3444;48-05-36.221N;069-14-14.197W;-3.86
3445;48-05-36.211N;069-14-13.961W;-4.03
3446;48-05-36.212N;069-14-13.458W;-4.29
3447;48-05-36.099N;069-14-13.316W;-4.82
3448;48-05-36.389N;069-14-12.733W;-4.72
3449;48-05-36.213N;069-14-12.496W;-4.9
3450;48-05-36.383N;069-14-12.253W;-4.9
3451;48-05-36.215N;069-12-48.562W;-4.89
3452;48-05-36.363N;069-12-46.487W;-4.86
3453;48-05-36.236N;069-12-43.765W;-4.98
3454;48-05-36.233N;069-12-43.529W;-4.83
3455;48-05-36.533N;069-14-13.459W;-3.95
3456;48-05-36.534N;069-14-13.234W;-4.04
3457;48-05-36.632N;069-14-12.827W;-4.67
3458;48-05-36.590N;069-14-12.354W;-4.87
3459;48-05-36.748N;069-14-11.943W;-4.95
3460;48-05-36.700N;069-12-49.062W;-4.54
3461;48-05-36.533N;069-12-46.700W;-4.57
3462;48-05-36.706N;069-12-46.564W;-4.89
3463;48-05-36.553N;069-12-43.730W;-4.99
3464;48-05-36.873N;069-14-12.747W;-3.95
3465;48-05-36.858N;069-14-12.509W;-4.05
3466;48-05-36.862N;069-14-12.025W;-4.33
3467;48-05-36.885N;069-14-11.773W;-4.49
3468;48-05-37.058N;069-14-11.322W;-4.91
3469;48-05-36.860N;069-12-49.333W;-5.01
3470;48-05-37.027N;069-12-46.812W;-4.89
3471;48-05-36.869N;069-12-46.496W;-5.0
3472;48-05-37.023N;069-12-46.210W;-4.92
3473;48-05-36.858N;069-12-44.012W;-4.92
3474;48-05-37.233N;069-14-12.507W;-3.83
3475;48-05-37.182N;069-14-12.012W;-4.09
3476;48-05-37.161N;069-14-11.777W;-4.47
3477;48-05-37.207N;069-14-11.493W;-4.89
3478;48-05-37.349N;069-14-11.119W;-4.89
3479;48-05-37.256N;069-12-47.150W;-4.94
3480;48-05-37.144N;069-12-46.946W;-4.69
3481;48-05-37.539N;069-14-12.050W;-3.95
3482;48-05-37.801N;069-14-11.612W;-4.1
3483;48-05-37.512N;069-14-11.301W;-4.53
3484;48-05-37.532N;069-14-11.052W;-4.74
3485;48-05-37.845N;069-14-10.588W;-4.89
3486;48-05-38.092N;069-14-11.427W;-4.05
3487;48-05-38.033N;069-14-11.135W;-4.06
3488;48-05-38.001N;069-14-10.720W;-4.87
3489;48-05-38.244N;069-14-11.342W;-4.11
3490;48-05-38.285N;069-14-11.207W;-4.06
3491;48-05-38.325N;069-14-10.582W;-4.47
3492;48-05-38.329N;069-14-10.163W;-4.86
3493;48-05-38.495N;069-14-09.975W;-4.81
3494;48-05-38.467N;069-12-45.325W;-4.59
3495;48-05-38.671N;069-14-20.264W;-3.76
3496;48-05-38.720N;069-14-20.051W;-4.5
3497;48-05-38.731N;069-14-10.587W;-4.03
3498;48-05-38.650N;069-14-10.279W;-4.39
3499;48-05-38.647N;069-14-09.845W;-4.66
3500;48-05-38.649N;069-14-09.603W;-4.85
3501;48-05-38.810N;069-14-09.130W;-4.93
3502;48-05-38.642N;069-12-51.268W;-4.5
3503;48-05-38.617N;069-12-48.168W;-4.79
3504;48-05-38.650N;069-12-46.086W;-4.52
3505;48-05-39.091N;069-14-10.186W;-4.05
3506;48-05-38.990N;069-14-09.847W;-4.07
3507;48-05-38.994N;069-14-09.490W;-4.67
3508;48-05-39.065N;069-14-09.134W;-4.77
3509;48-05-39.136N;069-14-08.739W;-4.88
3510;48-05-39.134N;069-14-08.461W;-4.83
3511;48-05-39.297N;069-14-08.158W;-4.78
3512;48-05-39.130N;069-12-51.514W;-4.39
3513;48-05-38.949N;069-12-48.409W;-4.57
3514;48-05-39.317N;069-14-09.464W;-3.93
3515;48-05-39.301N;069-14-09.221W;-4.32
3516;48-05-39.304N;069-14-08.939W;-4.49
3517;48-05-39.364N;069-14-08.688W;-4.55
3518;48-05-39.497N;069-14-08.157W;-4.53
3519;48-05-39.325N;069-14-07.911W;-4.92
3520;48-05-39.622N;069-14-06.972W;-5.01
3521;48-05-39.656N;069-12-52.245W;-4.35
3522;48-05-39.445N;069-12-51.733W;-4.58
3523;48-05-39.632N;069-12-48.002W;-4.7
3524;48-05-39.638N;069-12-47.407W;-4.99
3525;48-05-39.792N;069-14-08.414W;-3.88
3526;48-05-39.981N;069-14-08.193W;-4.12
3527;48-05-39.796N;069-14-07.689W;-4.49
3528;48-05-39.678N;069-14-07.485W;-4.82
3529;48-05-39.784N;069-14-07.030W;-4.75
3530;48-05-39.867N;069-14-06.777W;-4.89
3531;48-05-39.809N;069-14-06.481W;-4.93
3532;48-05-39.951N;069-14-05.752W;-4.89
3533;48-05-39.790N;069-12-52.480W;-4.44
3534;48-05-39.913N;069-12-48.994W;-4.88
3535;48-05-39.973N;069-12-48.564W;-4.9
3536;48-05-39.781N;069-12-47.820W;-4.51
3537;48-05-39.784N;069-12-47.624W;-4.39
3538;48-05-40.044N;069-14-07.676W;-4.04
3539;48-05-40.111N;069-14-07.458W;-4.12
3540;48-05-40.172N;069-14-07.120W;-4.1
3541;48-05-40.109N;069-14-06.796W;-4.27
3542;48-05-40.022N;069-14-06.205W;-4.88
3543;48-05-40.120N;069-14-05.982W;-4.58
3544;48-05-40.112N;069-14-05.639W;-4.81
3545;48-05-40.111N;069-14-05.260W;-4.84
3546;48-05-40.277N;069-14-04.804W;-4.84
3547;48-05-40.275N;069-14-04.636W;-4.91
3548;48-05-40.265N;069-12-49.183W;-4.44
3549;48-05-40.022N;069-12-48.884W;-4.81
3550;48-05-40.438N;069-14-06.802W;-3.82
3551;48-05-40.467N;069-14-06.487W;-3.94
3552;48-05-40.449N;069-14-05.985W;-3.9
3553;48-05-40.438N;069-14-05.509W;-4.25
3554;48-05-40.448N;069-14-05.439W;-4.3
3555;48-05-40.458N;069-14-04.806W;-4.56
3556;48-05-40.482N;069-14-04.410W;-4.81
3557;48-05-40.445N;069-14-04.067W;-4.88
3558;48-05-40.442N;069-14-03.825W;-4.96
3559;48-05-40.616N;069-14-03.344W;-4.94
3560;48-05-40.589N;069-12-53.450W;-4.14
3561;48-05-40.762N;069-14-05.108W;-3.89
3562;48-05-40.761N;069-14-04.895W;-3.99
3563;48-05-40.800N;069-14-04.719W;-3.87
3564;48-05-40.762N;069-14-04.074W;-4.43
3565;48-05-40.764N;069-14-03.811W;-4.45
3566;48-05-41.086N;069-14-03.350W;-4.97
3567;48-05-40.774N;069-14-03.123W;-4.77
3568;48-05-40.798N;069-14-02.633W;-5.0
3569;48-05-40.965N;069-14-02.474W;-4.84
3570;48-05-40.928N;069-14-01.875W;-4.94
3571;48-05-41.098N;069-14-01.234W;-4.92
3572;48-05-41.066N;069-12-53.944W;-4.38
3573;48-05-41.438N;069-14-16.303W;-3.91
3574;48-05-41.103N;069-14-03.315W;-4.56
3575;48-05-41.113N;069-14-02.866W;-4.26
3576;48-05-41.251N;069-14-02.455W;-4.11
3577;48-05-41.138N;069-14-01.893W;-4.83
3578;48-05-41.138N;069-14-01.637W;-4.82
3579;48-05-41.262N;069-14-01.194W;-4.62
3580;48-05-41.280N;069-14-00.813W;-4.82
3581;48-05-41.258N;069-14-00.434W;-4.82
3582;48-05-41.267N;069-14-00.232W;-4.87
3583;48-05-41.255N;069-14-00.000W;-5.0
3584;48-05-41.423N;069-13-59.477W;-4.93
3585;48-05-41.422N;069-13-58.489W;-5.0
3586;48-05-41.262N;069-13-58.017W;-4.95
3587;48-05-41.334N;069-13-57.783W;-4.99
3588;48-05-41.429N;069-13-57.365W;-4.82
3589;48-05-41.425N;069-13-56.828W;-4.46
3590;48-05-41.451N;069-13-56.693W;-4.5
3591;48-05-41.425N;069-13-56.334W;-4.54
3592;48-05-41.426N;069-13-56.086W;-4.73
3593;48-05-41.346N;069-12-53.944W;-3.92
3594;48-05-41.394N;069-12-48.174W;-4.05
3595;48-05-41.591N;069-14-01.509W;-3.82
3596;48-05-41.579N;069-14-01.164W;-3.85
3597;48-05-41.463N;069-14-00.789W;-4.47
3598;48-05-41.582N;069-14-00.551W;-4.19
3599;48-05-41.581N;069-14-00.214W;-4.2
3600;48-05-41.619N;069-13-59.780W;-4.57
3601;48-05-41.581N;069-13-59.355W;-4.8
3602;48-05-41.585N;069-13-59.165W;-4.82
3603;48-05-41.595N;069-13-58.733W;-4.97
3604;48-05-41.589N;069-13-58.449W;-4.78
3605;48-05-41.586N;069-13-58.214W;-4.65
3606;48-05-41.590N;069-13-57.661W;-4.43
3607;48-05-41.642N;069-13-57.453W;-4.76
3608;48-05-41.586N;069-13-57.025W;-4.16
3609;48-05-41.588N;069-13-56.700W;-4.16
3610;48-05-41.588N;069-13-56.337W;-4.19
3611;48-05-41.463N;069-13-55.836W;-4.86
3612;48-05-41.599N;069-13-55.595W;-4.97
3613;48-05-41.799N;069-13-55.352W;-5.02
3614;48-05-41.546N;069-12-54.178W;-4.86
3615;48-05-41.701N;069-12-48.648W;-4.18
3616;48-05-41.566N;069-12-48.197W;-4.93
3617;48-05-41.887N;069-14-13.977W;-4.54
3618;48-05-41.894N;069-14-01.860W;-4.0
3619;48-05-41.903N;069-14-01.846W;-4.07
3620;48-05-41.834N;069-14-00.574W;-4.35
3621;48-05-41.904N;069-13-59.523W;-3.71
3622;48-05-41.909N;069-13-59.315W;-3.83
3623;48-05-41.916N;069-13-58.835W;-3.73
3624;48-05-41.908N;069-13-58.392W;-3.8
3625;48-05-41.910N;069-13-57.671W;-3.69
3626;48-05-41.836N;069-13-57.280W;-3.88
3627;48-05-41.925N;069-13-55.836W;-3.9
3628;48-05-41.916N;069-13-55.615W;-4.65
3629;48-05-41.939N;069-13-55.360W;-4.87
3630;48-05-41.873N;069-12-56.348W;-4.96
3631;48-05-41.977N;069-12-55.689W;-4.81
3632;48-05-42.004N;069-12-54.186W;-3.71
3633;48-05-42.016N;069-12-49.123W;-4.02
3634;48-05-42.310N;069-13-55.461W;-4.36
3635;48-05-42.247N;069-13-55.117W;-4.53
3636;48-05-42.259N;069-13-54.895W;-4.74
3637;48-05-42.254N;069-13-54.639W;-5.0
3638;48-05-42.197N;069-12-56.577W;-4.95
3639;48-05-42.400N;069-12-56.217W;-4.28
3640;48-05-42.354N;069-12-55.784W;-4.45
3641;48-05-42.195N;069-12-55.457W;-4.58
3642;48-05-42.251N;069-12-55.183W;-4.54
3643;48-05-42.183N;069-12-54.191W;-4.42
3644;48-05-42.196N;069-12-54.179W;-4.24
3645;48-05-42.474N;069-12-49.360W;-3.92
3646;48-05-42.233N;069-12-49.120W;-4.85
3647;48-05-42.563N;069-13-55.463W;-4.09
3648;48-05-42.684N;069-13-55.308W;-3.96
3649;48-05-42.563N;069-13-54.725W;-4.29
3650;48-05-42.563N;069-13-54.402W;-4.7
3651;48-05-42.581N;069-13-54.199W;-4.9
3652;48-05-42.731N;069-13-53.685W;-4.84
3653;48-05-42.751N;069-13-53.426W;-4.98
3654;48-05-42.788N;069-13-23.895W;-4.37
3655;48-05-42.789N;069-13-22.942W;-4.16
3656;48-05-42.799N;069-13-22.428W;-4.02
3657;48-05-42.789N;069-13-22.210W;-3.95
3658;48-05-42.794N;069-13-21.731W;-3.76
3659;48-05-42.790N;069-13-21.508W;-3.72
3660;48-05-42.630N;069-13-20.838W;-4.18
3661;48-05-42.683N;069-13-20.640W;-4.48
3662;48-05-42.687N;069-13-20.310W;-4.55
3663;48-05-42.794N;069-13-19.820W;-3.66
3664;48-05-42.794N;069-13-19.617W;-3.69
3665;48-05-42.854N;069-13-19.025W;-3.85
3666;48-05-42.795N;069-13-18.527W;-3.7
3667;48-05-42.638N;069-13-18.224W;-4.77
3668;48-05-42.806N;069-13-17.637W;-3.59
3669;48-05-42.640N;069-13-17.037W;-3.79
3670;48-05-42.679N;069-13-16.771W;-3.99
3671;48-05-42.648N;069-13-16.448W;-4.07
3672;48-05-42.641N;069-13-16.085W;-4.47
3673;48-05-42.805N;069-13-15.533W;-4.12
3674;48-05-42.809N;069-13-15.230W;-4.31
3675;48-05-42.803N;069-13-14.760W;-4.68
3676;48-05-42.685N;069-12-56.852W;-4.68
3677;48-05-42.773N;069-12-56.450W;-4.21
3678;48-05-42.688N;069-12-56.307W;-4.04
3679;48-05-42.563N;069-12-55.838W;-3.79
3680;48-05-42.681N;069-12-55.591W;-3.59
3681;48-05-42.809N;069-12-49.364W;-4.38
3682;48-05-43.064N;069-14-07.887W;-4.47
3683;48-05-43.037N;069-13-55.096W;-4.25
3684;48-05-43.064N;069-13-53.963W;-3.78
3685;48-05-43.051N;069-13-53.679W;-4.08
3686;48-05-43.062N;069-13-53.229W;-4.48
3687;48-05-42.915N;069-13-53.195W;-4.93
3688;48-05-43.052N;069-13-52.713W;-4.94
3689;48-05-43.217N;069-13-52.260W;-4.77
3690;48-05-43.218N;069-13-51.799W;-4.86
3691;48-05-43.220N;069-13-51.542W;-5.0
3692;48-05-43.104N;069-13-26.387W;-4.48
3693;48-05-43.109N;069-13-26.095W;-4.24
3694;48-05-43.108N;069-13-25.356W;-3.86
3695;48-05-43.106N;069-13-25.130W;-3.89
3696;48-05-43.117N;069-13-24.630W;-3.61
3697;48-05-42.947N;069-13-24.386W;-4.01
3698;48-05-42.954N;069-13-23.914W;-3.79
3699;48-05-43.071N;069-13-23.529W;-3.77
3700;48-05-42.953N;069-13-23.131W;-3.8
3701;48-05-42.977N;069-13-22.815W;-3.73
3702;48-05-42.957N;069-13-22.458W;-3.79
3703;48-05-42.955N;069-13-22.212W;-3.62
3704;48-05-43.119N;069-13-19.361W;-3.63
3705;48-05-43.081N;069-13-17.664W;-3.62
3706;48-05-43.105N;069-13-17.482W;-3.68
3707;48-05-43.051N;069-13-17.035W;-3.71
3708;48-05-42.964N;069-13-16.010W;-3.44
3709;48-05-42.963N;069-13-15.483W;-3.65
3710;48-05-42.965N;069-13-15.229W;-3.87
3711;48-05-42.966N;069-13-14.797W;-4.12
3712;48-05-42.966N;069-13-14.509W;-4.28
3713;48-05-42.967N;069-13-14.030W;-4.71
3714;48-05-43.130N;069-13-13.825W;-4.11
3715;48-05-43.129N;069-13-13.434W;-4.22
3716;48-05-43.136N;069-13-12.121W;-4.62
3717;48-05-42.939N;069-12-56.850W;-4.53
3718;48-05-43.116N;069-12-56.581W;-4.03
3719;48-05-43.230N;069-12-56.338W;-3.6
3720;48-05-43.092N;069-12-49.644W;-4.23
3721;48-05-43.274N;069-13-55.045W;-4.14
3722;48-05-43.277N;069-13-53.513W;-3.77
3723;48-05-43.446N;069-13-53.193W;-4.16
3724;48-05-43.386N;069-13-52.653W;-4.16
3725;48-05-43.385N;069-13-52.141W;-4.18
3726;48-05-43.377N;069-13-51.802W;-4.42
3727;48-05-43.382N;069-13-51.535W;-4.51
3728;48-05-43.383N;069-13-51.280W;-4.75
3729;48-05-43.382N;069-13-50.799W;-4.92
3730;48-05-43.545N;069-13-50.385W;-4.76
3731;48-05-43.548N;069-13-50.055W;-4.85
3732;48-05-43.555N;069-13-48.984W;-4.9
3733;48-05-43.550N;069-13-48.635W;-4.93
3734;48-05-43.589N;069-13-30.701W;-4.71
3735;48-05-43.603N;069-13-30.455W;-4.55
3736;48-05-43.584N;069-13-29.957W;-4.1
3737;48-05-43.435N;069-13-29.501W;-4.57
3738;48-05-43.434N;069-13-29.319W;-4.86
3739;48-05-43.482N;069-13-29.030W;-4.78
3740;48-05-43.586N;069-13-28.625W;-3.97
3741;48-05-43.590N;069-13-28.237W;-4.61
3742;48-05-43.428N;069-13-27.792W;-4.3
3743;48-05-43.426N;069-13-27.547W;-3.94
3744;48-05-43.427N;069-13-27.278W;-3.71
3745;48-05-43.271N;069-13-26.775W;-3.88
3746;48-05-43.288N;069-13-26.289W;-3.77
3747;48-05-43.593N;069-13-26.114W;-3.94
3748;48-05-43.491N;069-13-25.505W;-4.15
3749;48-05-43.595N;069-13-25.389W;-4.03
3750;48-05-43.289N;069-13-14.776W;-3.58
3751;48-05-43.297N;069-13-14.567W;-3.68
3752;48-05-43.342N;069-13-14.019W;-3.67
3753;48-05-43.296N;069-13-13.327W;-3.91
3754;48-05-43.300N;069-13-13.073W;-3.74
3755;48-05-43.301N;069-13-12.571W;-4.1
3756;48-05-43.415N;069-13-12.214W;-4.28
3757;48-05-43.295N;069-13-11.845W;-4.16
3758;48-05-43.295N;069-13-11.639W;-4.2
3759;48-05-43.356N;069-13-11.407W;-4.42
3760;48-05-43.491N;069-13-10.877W;-3.88
3761;48-05-43.302N;069-13-10.462W;-4.82
3762;48-05-43.464N;069-13-10.194W;-4.43
3763;48-05-43.429N;069-12-57.206W;-4.85
3764;48-05-43.479N;069-12-56.766W;-3.9
3765;48-05-43.344N;069-12-56.604W;-3.65
3766;48-05-43.330N;069-12-56.276W;-3.4
3767;48-05-43.420N;069-12-49.633W;-4.84
3768;48-05-43.677N;069-14-09.426W;-4.09
3769;48-05-43.658N;069-14-09.416W;-4.05
3770;48-05-43.640N;069-13-52.018W;-3.86
3771;48-05-43.733N;069-13-51.607W;-3.9
3772;48-05-43.725N;069-13-51.133W;-3.94
3773;48-05-43.751N;069-13-50.997W;-3.92
3774;48-05-43.705N;069-13-50.530W;-3.94
3775;48-05-43.705N;069-13-50.166W;-4.48
3776;48-05-43.721N;069-13-49.802W;-4.65
3777;48-05-43.709N;069-13-49.367W;-4.88
3778;48-05-43.731N;069-13-49.069W;-4.65
3779;48-05-43.715N;069-13-48.725W;-4.56
3780;48-05-43.896N;069-13-48.351W;-4.97
3781;48-05-43.891N;069-13-38.096W;-4.91
3782;48-05-43.899N;069-13-37.657W;-4.7
3783;48-05-43.905N;069-13-37.265W;-4.58
3784;48-05-43.896N;069-13-36.861W;-4.47
3785;48-05-43.930N;069-13-36.642W;-4.56
3786;48-05-43.894N;069-13-35.978W;-4.65
3787;48-05-43.736N;069-13-35.358W;-4.96
3788;48-05-43.903N;069-13-35.219W;-4.6
3789;48-05-43.742N;069-13-34.638W;-4.88
3790;48-05-43.742N;069-13-34.313W;-4.75
3791;48-05-43.740N;069-13-33.935W;-4.79
3792;48-05-43.739N;069-13-33.748W;-4.78
3793;48-05-43.901N;069-13-33.415W;-4.87
3794;48-05-43.744N;069-13-32.776W;-4.72
3795;48-05-43.749N;069-13-32.447W;-4.73
3796;48-05-43.811N;069-13-32.151W;-4.6
3797;48-05-43.747N;069-13-31.768W;-4.72
3798;48-05-43.744N;069-13-31.403W;-4.63
3799;48-05-43.908N;069-13-31.169W;-3.62
3800;48-05-43.746N;069-13-30.767W;-4.26
3801;48-05-43.745N;069-13-30.371W;-4.09
3802;48-05-43.750N;069-13-30.092W;-3.73
3803;48-05-43.746N;069-13-29.497W;-3.51
3804;48-05-43.747N;069-13-29.230W;-3.7
3805;48-05-43.626N;069-13-28.019W;-3.7
3806;48-05-43.885N;069-13-25.875W;-3.41
3807;48-05-43.845N;069-13-25.738W;-4.35
3808;48-05-43.910N;069-13-25.170W;-4.16
3809;48-05-43.894N;069-13-25.139W;-4.07
3810;48-05-43.694N;069-13-11.948W;-3.8
3811;48-05-43.625N;069-13-11.598W;-3.93
3812;48-05-43.719N;069-13-11.313W;-3.63
3813;48-05-43.621N;069-13-10.968W;-3.69
3814;48-05-43.621N;069-13-10.404W;-3.71
3815;48-05-43.622N;069-13-10.154W;-3.93
3816;48-05-43.633N;069-13-09.713W;-4.27
3817;48-05-43.625N;069-13-09.475W;-4.49
3818;48-05-43.785N;069-13-08.981W;-4.27
3819;48-05-43.948N;069-13-08.726W;-4.03
3820;48-05-43.955N;069-13-08.233W;-4.44
3821;48-05-43.951N;069-13-08.019W;-4.62
3822;48-05-43.849N;069-12-57.336W;-4.97
3823;48-05-43.723N;069-12-56.966W;-4.44
3824;48-05-43.786N;069-12-56.612W;-3.66
3825;48-05-43.868N;069-12-49.860W;-4.49
3826;48-05-43.773N;069-12-49.846W;-4.47
3827;48-05-44.033N;069-13-49.865W;-3.79
3828;48-05-44.037N;069-13-49.320W;-3.99
3829;48-05-43.986N;069-13-49.207W;-4.42
3830;48-05-44.159N;069-13-48.674W;-4.28
3831;48-05-44.048N;069-13-48.357W;-4.47
3832;48-05-44.033N;069-13-48.152W;-5.02
3833;48-05-44.226N;069-13-47.628W;-4.88
3834;48-05-44.220N;069-13-39.055W;-4.88
3835;48-05-44.056N;069-13-38.656W;-4.52
3836;48-05-44.056N;069-13-38.381W;-4.34
3837;48-05-44.053N;069-13-38.026W;-4.3
3838;48-05-44.151N;069-13-37.618W;-4.2
3839;48-05-44.087N;069-13-37.361W;-4.46
3840;48-05-44.057N;069-13-36.745W;-3.96
3841;48-05-44.063N;069-13-36.433W;-3.98
3842;48-05-44.057N;069-13-36.140W;-4.76
3843;48-05-44.131N;069-13-35.808W;-3.93
3844;48-05-44.337N;069-13-35.512W;-4.01
3845;48-05-44.106N;069-13-34.920W;-3.97
3846;48-05-44.121N;069-13-34.766W;-3.96
3847;48-05-44.167N;069-13-34.306W;-3.85
3848;48-05-44.069N;069-13-33.514W;-4.46
3849;48-05-44.109N;069-13-33.355W;-3.65
3850;48-05-43.998N;069-13-09.189W;-3.55
3851;48-05-44.116N;069-13-08.707W;-3.55
3852;48-05-44.116N;069-13-08.255W;-3.93
3853;48-05-44.114N;069-13-07.990W;-4.16
3854;48-05-44.113N;069-13-07.516W;-4.52
3855;48-05-44.113N;069-13-07.313W;-4.71
3856;48-05-44.281N;069-13-06.803W;-4.62
3857;48-05-44.128N;069-12-57.094W;-4.95
3858;48-05-44.293N;069-12-56.845W;-4.16
3859;48-05-44.173N;069-12-56.467W;-3.96
3860;48-05-44.294N;069-12-50.338W;-4.03
3861;48-05-44.138N;069-12-50.103W;-4.3
3862;48-05-44.356N;069-13-48.663W;-3.72
3863;48-05-44.364N;069-13-48.218W;-3.99
3864;48-05-44.357N;069-13-48.039W;-4.18
3865;48-05-44.358N;069-13-47.636W;-4.36
3866;48-05-44.360N;069-13-47.150W;-4.91
3867;48-05-44.523N;069-13-46.782W;-4.48
3868;48-05-44.525N;069-13-46.382W;-4.48
3869;48-05-44.363N;069-13-45.729W;-4.99
3870;48-05-44.531N;069-13-45.523W;-4.57
3871;48-05-44.375N;069-13-45.096W;-5.02
3872;48-05-44.363N;069-13-44.667W;-5.01
3873;48-05-44.400N;069-13-44.400W;-4.94
3874;48-05-44.367N;069-13-44.122W;-4.95
3875;48-05-44.527N;069-13-43.525W;-4.35
3876;48-05-44.370N;069-13-43.491W;-4.92
3877;48-05-44.366N;069-13-43.093W;-5.01
3878;48-05-44.534N;069-13-42.727W;-4.19
3879;48-05-44.372N;069-13-42.363W;-4.84
3880;48-05-44.369N;069-13-41.959W;-4.71
3881;48-05-44.374N;069-13-41.592W;-4.89
3882;48-05-44.536N;069-13-41.141W;-4.23
3883;48-05-44.540N;069-13-40.633W;-4.43
3884;48-05-44.392N;069-13-40.377W;-4.95
3885;48-05-44.535N;069-13-40.193W;-4.77
3886;48-05-44.395N;069-13-39.888W;-5.0
3887;48-05-44.376N;069-13-39.384W;-4.61
3888;48-05-44.376N;069-13-39.152W;-4.44
3889;48-05-44.380N;069-13-38.646W;-3.95
3890;48-05-44.440N;069-13-38.436W;-3.81
3891;48-05-44.367N;069-13-35.270W;-4.26
3892;48-05-44.562N;069-13-29.525W;-3.97
3893;48-05-44.442N;069-13-07.256W;-3.75
3894;48-05-44.443N;069-13-07.033W;-3.96
3895;48-05-44.446N;069-13-06.562W;-4.28
3896;48-05-44.438N;069-13-06.092W;-4.51
3897;48-05-44.601N;069-13-05.893W;-3.92
3898;48-05-44.608N;069-13-05.564W;-3.99
3899;48-05-44.619N;069-13-05.084W;-4.21
3900;48-05-44.606N;069-13-04.889W;-4.43
3901;48-05-44.617N;069-13-04.600W;-4.73
3902;48-05-44.452N;069-12-56.606W;-4.07
3903;48-05-44.626N;069-12-51.141W;-3.65
3904;48-05-44.621N;069-12-50.817W;-4.24
3905;48-05-44.701N;069-13-46.232W;-4.0
3906;48-05-44.731N;069-13-45.969W;-4.34
3907;48-05-44.752N;069-13-45.576W;-4.09
3908;48-05-44.709N;069-13-44.759W;-3.98
3909;48-05-44.706N;069-13-44.158W;-3.84
3910;48-05-44.732N;069-13-43.808W;-4.0
3911;48-05-44.707N;069-13-43.043W;-3.99
3912;48-05-44.704N;069-13-42.307W;-3.8
3913;48-05-44.761N;069-13-41.591W;-4.04
3914;48-05-44.701N;069-13-41.160W;-3.77
3915;48-05-44.747N;069-13-40.848W;-3.98
3916;48-05-44.914N;069-13-40.025W;-4.09
3917;48-05-44.712N;069-13-39.801W;-3.79
3918;48-05-44.700N;069-13-39.390W;-3.65
3919;48-05-44.918N;069-13-07.500W;-3.53
3920;48-05-44.944N;069-13-07.335W;-3.67
3921;48-05-44.902N;069-13-07.066W;-3.68
3922;48-05-44.818N;069-13-06.585W;-3.65
3923;48-05-44.797N;069-13-06.416W;-3.72
3924;48-05-44.766N;069-13-05.821W;-3.73
3925;48-05-44.764N;069-13-05.569W;-3.75
3926;48-05-44.774N;069-13-05.265W;-3.76
3927;48-05-44.769N;069-13-04.628W;-4.27
3928;48-05-44.778N;069-13-04.364W;-4.59
3929;48-05-44.777N;069-13-04.122W;-4.96
3930;48-05-44.931N;069-13-03.875W;-4.85
3931;48-05-44.733N;069-12-56.109W;-3.69
3932;48-05-45.040N;069-12-55.884W;-4.13
3933;48-05-44.930N;069-12-51.313W;-4.0
3934;48-05-44.758N;069-12-51.186W;-4.11
3935;48-05-45.393N;069-13-09.426W;-3.63
3936;48-05-45.404N;069-13-09.172W;-3.51
3937;48-05-45.072N;069-13-07.568W;-3.62
3938;48-05-45.088N;069-13-07.367W;-3.62
3939;48-05-45.100N;069-13-07.011W;-3.61
3940;48-05-45.087N;069-13-06.700W;-3.65
3941;48-05-45.247N;069-13-06.082W;-3.6
3942;48-05-45.206N;069-13-05.863W;-3.59
3943;48-05-45.150N;069-13-05.601W;-3.59
3944;48-05-45.272N;069-13-05.093W;-3.62
3945;48-05-45.091N;069-13-04.675W;-3.7
3946;48-05-45.090N;069-13-04.361W;-3.83
3947;48-05-45.092N;069-13-04.117W;-4.17
3948;48-05-45.091N;069-13-03.640W;-4.69
3949;48-05-45.265N;069-13-03.391W;-4.47
3950;48-05-45.258N;069-13-03.151W;-4.82
3951;48-05-45.256N;069-12-55.886W;-4.52
3952;48-05-45.089N;069-12-51.308W;-4.72
3953;48-05-45.452N;069-13-46.141W;-4.02
3954;48-05-45.646N;069-13-42.653W;-3.86
3955;48-05-45.639N;069-13-42.402W;-3.74
3956;48-05-45.438N;069-13-09.449W;-3.61
3957;48-05-45.622N;069-13-09.190W;-4.01
3958;48-05-45.474N;069-13-04.759W;-3.58
3959;48-05-45.674N;069-13-04.355W;-3.66
3960;48-05-45.467N;069-13-03.974W;-3.72
3961;48-05-45.429N;069-13-03.668W;-3.86
3962;48-05-45.588N;069-13-03.242W;-4.0
3963;48-05-45.440N;069-13-03.150W;-4.3
3964;48-05-45.425N;069-13-02.668W;-4.89
3965;48-05-45.580N;069-13-02.230W;-4.83
3966;48-05-45.748N;069-13-01.742W;-4.75
3967;48-05-45.746N;069-13-01.402W;-4.91
3968;48-05-45.762N;069-13-01.214W;-4.87
3969;48-05-45.774N;069-13-00.863W;-4.8
3970;48-05-45.748N;069-13-00.257W;-4.87
3971;48-05-45.740N;069-12-55.655W;-4.62
3972;48-05-45.634N;069-12-51.318W;-4.87
3973;48-05-45.824N;069-13-04.112W;-3.71
3974;48-05-45.880N;069-13-03.573W;-3.79
3975;48-05-45.851N;069-13-03.223W;-3.81
3976;48-05-45.793N;069-13-03.031W;-3.85
3977;48-05-46.084N;069-13-02.677W;-3.64
3978;48-05-46.084N;069-13-02.121W;-3.89
3979;48-05-45.965N;069-13-01.904W;-4.27
3980;48-05-45.909N;069-13-01.464W;-4.41
3981;48-05-45.907N;069-13-01.257W;-4.55
3982;48-05-45.911N;069-13-00.977W;-4.63
3983;48-05-45.804N;069-13-00.495W;-4.84
3984;48-05-46.074N;069-13-00.230W;-4.31
3985;48-05-46.074N;069-12-59.776W;-4.51
3986;48-05-46.014N;069-12-55.406W;-3.52
3987;48-05-46.123N;069-12-52.156W;-3.97
3988;48-05-45.793N;069-12-51.311W;-4.43
3989;48-05-46.181N;069-14-07.300W;-3.93
3990;48-05-46.301N;069-14-05.369W;-4.07
3991;48-05-46.178N;069-13-02.464W;-3.72
3992;48-05-46.245N;069-13-02.412W;-3.58
3993;48-05-46.240N;069-13-02.042W;-3.66
3994;48-05-46.151N;069-13-01.596W;-3.96
3995;48-05-46.334N;069-13-01.302W;-3.77
3996;48-05-46.247N;069-13-00.882W;-4.06
3997;48-05-46.239N;069-13-00.505W;-4.19
3998;48-05-46.232N;069-13-00.298W;-4.23
3999;48-05-46.263N;069-12-59.783W;-4.25
4000;48-05-46.241N;069-12-59.305W;-4.89
4001;48-05-46.397N;069-12-59.047W;-4.58
4002;48-05-46.321N;069-12-55.416W;-3.82
4003;48-05-46.443N;069-12-52.094W;-3.73
4004;48-05-46.492N;069-12-51.803W;-3.79
4005;48-05-46.409N;069-12-51.554W;-3.83
4006;48-05-46.569N;069-13-00.828W;-3.67
4007;48-05-46.555N;069-13-00.416W;-3.81
4008;48-05-46.556N;069-13-00.023W;-3.63
4009;48-05-46.576N;069-12-59.869W;-3.82
4010;48-05-46.569N;069-12-59.290W;-4.11
4011;48-05-46.560N;069-12-59.048W;-4.22
4012;48-05-46.569N;069-12-58.612W;-4.77
4013;48-05-46.726N;069-12-58.328W;-4.54
4014;48-05-46.744N;069-12-58.085W;-4.72
4015;48-05-46.683N;069-12-55.417W;-4.44
4016;48-05-46.570N;069-12-52.186W;-3.59
4017;48-05-46.637N;069-12-51.805W;-4.09
4018;48-05-46.730N;069-12-51.556W;-4.8
4019;48-05-46.900N;069-14-05.788W;-4.29
4020;48-05-46.998N;069-13-03.660W;-3.54
4021;48-05-46.984N;069-13-03.384W;-3.65
4022;48-05-47.165N;069-13-01.170W;-3.37
4023;48-05-47.159N;069-13-00.693W;-3.32
4024;48-05-47.197N;069-13-00.463W;-3.29
4025;48-05-47.188N;069-13-00.239W;-3.2
4026;48-05-47.195N;069-12-59.822W;-3.16
4027;48-05-47.187N;069-12-59.535W;-3.12
4028;48-05-46.902N;069-12-58.877W;-3.79
4029;48-05-46.888N;069-12-58.583W;-3.62
4030;48-05-46.889N;069-12-58.322W;-3.8
4031;48-05-46.887N;069-12-57.840W;-4.42
4032;48-05-46.893N;069-12-57.630W;-4.67
4033;48-05-47.052N;069-12-57.205W;-3.94
4034;48-05-47.052N;069-12-56.956W;-4.12
4035;48-05-47.055N;069-12-56.374W;-4.32
4036;48-05-47.057N;069-12-56.123W;-4.01
4037;48-05-46.909N;069-12-55.902W;-4.49
4038;48-05-47.188N;069-12-52.040W;-3.75
4039;48-05-47.191N;069-12-51.800W;-4.73
4040;48-05-47.357N;069-13-01.700W;-3.4
4041;48-05-47.265N;069-13-01.183W;-3.39
4042;48-05-47.452N;069-13-00.748W;-3.43
4043;48-05-47.490N;069-13-00.557W;-3.49
4044;48-05-47.524N;069-13-00.063W;-3.55
4045;48-05-47.580N;069-12-59.595W;-3.58
4046;48-05-47.519N;069-12-59.401W;-3.51
4047;48-05-47.518N;069-12-58.940W;-3.28
4048;48-05-47.282N;069-12-58.600W;-3.22
4049;48-05-47.223N;069-12-58.386W;-3.31
4050;48-05-47.298N;069-12-57.445W;-3.35
4051;48-05-47.403N;069-12-57.173W;-3.32
4052;48-05-47.266N;069-12-56.889W;-3.31
4053;48-05-47.493N;069-12-52.041W;-4.08
4054;48-05-47.745N;069-13-01.471W;-3.37
4055;48-05-47.718N;069-13-01.373W;-3.34
4056;48-05-47.821N;069-13-00.923W;-3.37
4057;48-05-47.921N;069-13-00.329W;-3.48
4058;48-05-47.597N;069-12-59.987W;-3.61
4059;48-05-47.828N;069-12-59.791W;-3.53
4060;48-05-47.849N;069-12-59.481W;-3.64
4061;48-05-47.840N;069-12-59.131W;-3.68
4062;48-05-47.851N;069-12-58.551W;-3.68
4063;48-05-47.878N;069-12-58.484W;-3.73
4064;48-05-47.892N;069-12-58.076W;-3.65
4065;48-05-47.832N;069-12-57.597W;-3.38
4066;48-05-47.669N;069-12-57.235W;-3.34
4067;48-05-47.706N;069-12-52.528W;-3.44
4068;48-05-47.860N;069-12-52.040W;-4.77
4069;48-05-48.295N;069-13-02.131W;-3.35
4070;48-05-48.123N;069-13-01.773W;-3.37
4071;48-05-47.989N;069-13-01.599W;-3.37
4072;48-05-48.183N;069-13-01.050W;-3.47
4073;48-05-48.134N;069-13-00.760W;-3.5
4074;48-05-48.201N;069-13-00.333W;-3.53
4075;48-05-48.259N;069-13-00.050W;-3.64
4076;48-05-48.258N;069-12-59.662W;-3.8
4077;48-05-48.135N;069-12-59.303W;-3.8
4078;48-05-48.084N;069-12-59.098W;-3.8
4079;48-05-48.089N;069-12-58.790W;-3.77
4080;48-05-48.023N;069-12-58.320W;-3.68
4081;48-05-48.022N;069-12-58.073W;-3.57
4082;48-05-48.025N;069-12-57.575W;-3.25
4083;48-05-48.278N;069-12-52.796W;-3.65
4084;48-05-48.291N;069-12-52.574W;-3.93
4085;48-05-48.170N;069-12-52.283W;-4.18
4086;48-05-48.386N;069-13-33.347W;-3.99
4087;48-05-48.629N;069-13-18.616W;-4.25
4088;48-05-48.495N;069-13-05.345W;-3.86
4089;48-05-48.497N;069-13-05.332W;-3.94
4090;48-05-48.649N;069-13-02.461W;-3.3
4091;48-05-48.456N;069-13-02.121W;-3.36
4092;48-05-48.561N;069-13-01.809W;-3.36
4093;48-05-48.371N;069-13-01.510W;-3.37
4094;48-05-48.494N;069-13-01.296W;-3.4
4095;48-05-48.635N;069-13-00.759W;-3.49
4096;48-05-48.648N;069-13-00.407W;-3.55
4097;48-05-48.407N;069-13-00.021W;-3.57
4098;48-05-48.393N;069-12-59.703W;-3.71
4099;48-05-48.338N;069-12-59.504W;-3.69
4100;48-05-48.339N;069-12-59.216W;-3.67
4101;48-05-48.342N;069-12-58.779W;-3.5
4102;48-05-48.370N;069-12-58.318W;-3.21
4103;48-05-48.640N;069-12-57.628W;-3.4
4104;48-05-48.648N;069-12-52.777W;-3.62
4105;48-05-48.577N;069-12-52.528W;-4.2
4106;48-05-48.506N;069-12-52.291W;-4.83
4107;48-05-48.980N;069-13-02.476W;-3.4
4108;48-05-49.008N;069-13-02.158W;-3.48
4109;48-05-48.871N;069-13-01.774W;-3.43
4110;48-05-48.926N;069-13-01.604W;-3.44
4111;48-05-48.774N;069-13-01.026W;-3.5
4112;48-05-48.752N;069-13-00.792W;-3.59
4113;48-05-48.780N;069-13-00.553W;-3.58
4114;48-05-48.711N;069-13-00.190W;-3.55
4115;48-05-48.666N;069-12-59.900W;-3.54
4116;48-05-48.673N;069-12-59.569W;-3.53
4117;48-05-48.677N;069-12-59.041W;-3.25
4118;48-05-48.675N;069-12-57.591W;-3.4
4119;48-05-48.992N;069-12-54.051W;-3.45
4120;48-05-48.913N;069-12-53.492W;-4.13
4121;48-05-48.988N;069-12-53.186W;-4.05
4122;48-05-48.997N;069-12-52.781W;-4.34
4123;48-05-48.811N;069-12-52.528W;-4.29
4124;48-05-49.204N;069-13-37.252W;-3.98
4125;48-05-49.352N;069-13-02.581W;-3.36
4126;48-05-49.039N;069-13-02.210W;-3.46
4127;48-05-49.074N;069-13-01.942W;-3.42
4128;48-05-49.125N;069-13-01.704W;-3.45
4129;48-05-49.223N;069-13-01.173W;-3.51
4130;48-05-49.157N;069-13-00.985W;-3.31
4131;48-05-49.176N;069-13-00.454W;-3.23
4132;48-05-49.359N;069-12-54.949W;-3.42
4133;48-05-49.294N;069-12-54.730W;-3.46
4134;48-05-49.319N;069-12-54.245W;-3.79
4135;48-05-49.240N;069-12-54.008W;-4.06
4136;48-05-49.174N;069-12-53.816W;-4.19
4137;48-05-49.221N;069-12-53.322W;-4.27
4138;48-05-49.073N;069-12-52.771W;-4.38
4139;48-05-49.414N;069-13-02.875W;-3.36
4140;48-05-49.469N;069-13-02.786W;-3.33
4141;48-05-49.442N;069-13-02.368W;-3.37
4142;48-05-49.471N;069-13-01.936W;-3.31
4143;48-05-49.474N;069-13-01.712W;-3.26
4144;48-05-49.474N;069-13-01.292W;-3.22
4145;48-05-49.594N;069-12-55.274W;-3.57
4146;48-05-49.624N;069-12-55.147W;-3.7
4147;48-05-49.636N;069-12-54.609W;-3.86
4148;48-05-49.733N;069-12-54.253W;-4.13
4149;48-05-49.550N;069-12-53.859W;-4.25
4150;48-05-49.515N;069-12-53.525W;-4.19
4151;48-05-49.395N;069-12-53.444W;-4.32
4152;48-05-49.441N;069-12-53.028W;-4.28
4153;48-05-50.041N;069-13-03.328W;-3.34
4154;48-05-49.972N;069-13-03.013W;-3.36
4155;48-05-49.853N;069-13-02.738W;-3.35
4156;48-05-50.046N;069-13-02.431W;-3.32
4157;48-05-50.020N;069-12-55.706W;-3.4
4158;48-05-50.075N;069-12-55.511W;-3.71
4159;48-05-49.912N;069-12-54.954W;-3.83
4160;48-05-49.767N;069-12-54.587W;-4.03
4161;48-05-49.815N;069-12-54.374W;-3.91
4162;48-05-50.084N;069-12-54.014W;-4.1
4163;48-05-49.967N;069-12-53.534W;-4.23
4164;48-05-49.797N;069-12-53.258W;-4.32
4165;48-05-50.437N;069-13-03.422W;-3.45
4166;48-05-50.413N;069-13-03.110W;-3.4
4167;48-05-50.266N;069-13-02.682W;-3.4
4168;48-05-50.123N;069-13-02.394W;-3.35
4169;48-05-50.407N;069-13-02.011W;-3.31
4170;48-05-50.423N;069-12-56.403W;-3.48
4171;48-05-50.419N;069-12-56.122W;-3.68
4172;48-05-50.256N;069-12-55.698W;-3.76
4173;48-05-50.110N;069-12-55.262W;-3.87
4174;48-05-50.283N;069-12-55.194W;-3.93
4175;48-05-50.441N;069-12-54.671W;-4.33
4176;48-05-50.438N;069-12-54.246W;-4.22
4177;48-05-50.376N;069-12-53.951W;-4.47
4178;48-05-50.443N;069-12-53.503W;-4.71
4179;48-05-50.501N;069-13-17.576W;-4.04
4180;48-05-50.669N;069-13-06.484W;-4.35
4181;48-05-50.603N;069-13-03.693W;-3.43
4182;48-05-50.795N;069-13-03.388W;-3.36
4183;48-05-50.497N;069-13-03.180W;-3.45
4184;48-05-50.670N;069-13-02.538W;-3.31
4185;48-05-50.522N;069-13-02.385W;-3.31
4186;48-05-50.767N;069-12-56.891W;-3.35
4187;48-05-50.737N;069-12-56.406W;-3.74
4188;48-05-50.780N;069-12-56.175W;-4.08
4189;48-05-50.722N;069-12-55.903W;-4.33
4190;48-05-50.699N;069-12-55.322W;-4.48
4191;48-05-50.702N;069-12-55.142W;-4.48
4192;48-05-50.774N;069-12-54.716W;-4.58
4193;48-05-50.776N;069-12-54.294W;-4.6
4194;48-05-50.672N;069-12-54.060W;-4.82
4195;48-05-50.550N;069-12-53.773W;-4.79
4196;48-05-51.164N;069-13-45.176W;-4.17
4197;48-05-50.981N;069-13-07.525W;-3.55
4198;48-05-50.982N;069-13-07.180W;-4.34
4199;48-05-50.995N;069-13-03.954W;-3.43
4200;48-05-50.986N;069-13-03.827W;-3.49
4201;48-05-50.835N;069-13-03.512W;-3.37
4202;48-05-50.995N;069-13-03.149W;-3.33
4203;48-05-50.853N;069-13-02.472W;-3.26
4204;48-05-50.939N;069-13-02.393W;-3.16
4205;48-05-51.050N;069-12-57.155W;-3.38
4206;48-05-51.077N;069-12-56.907W;-3.65
4207;48-05-50.883N;069-12-56.420W;-4.09
4208;48-05-51.094N;069-12-56.196W;-4.14
4209;48-05-50.840N;069-12-55.751W;-4.4
4210;48-05-51.013N;069-12-55.440W;-4.93
4211;48-05-50.931N;069-12-55.055W;-4.67
4212;48-05-50.910N;069-12-54.644W;-4.63
4213;48-05-51.204N;069-13-44.987W;-3.77
4214;48-05-51.393N;069-13-04.182W;-3.51
4215;48-05-51.304N;069-13-03.665W;-3.51
4216;48-05-51.248N;069-13-03.460W;-3.49
4217;48-05-51.282N;069-13-03.164W;-3.26
4218;48-05-51.453N;069-13-02.660W;-3.21
4219;48-05-51.429N;069-12-57.531W;-3.51
4220;48-05-51.499N;069-12-57.202W;-3.64
4221;48-05-51.370N;069-12-56.925W;-3.73
4222;48-05-51.534N;069-12-56.519W;-4.58
4223;48-05-51.404N;069-12-56.165W;-4.95
4224;48-05-51.587N;069-13-04.174W;-3.48
4225;48-05-51.647N;069-13-03.724W;-3.28
4226;48-05-51.571N;069-13-03.356W;-3.23
4227;48-05-51.835N;069-12-57.917W;-3.42
4228;48-05-51.710N;069-12-57.554W;-3.76
4229;48-05-51.663N;069-12-57.154W;-3.54
4230;48-05-51.881N;069-12-56.899W;-3.99
4231;48-05-51.576N;069-12-56.659W;-4.21
4232;48-05-51.908N;069-13-04.173W;-3.21
4233;48-05-51.999N;069-13-03.525W;-3.15
4234;48-05-52.208N;069-12-58.153W;-3.52
4235;48-05-52.004N;069-12-57.891W;-3.63
4236;48-05-52.199N;069-12-57.470W;-3.79
4237;48-05-52.006N;069-12-57.246W;-3.95
4238;48-05-52.122N;069-12-56.895W;-4.21
4239;48-05-52.228N;069-12-56.669W;-4.55
4240;48-05-52.618N;069-12-58.321W;-3.66
4241;48-05-52.338N;069-12-58.003W;-3.67
4242;48-05-52.374N;069-12-57.581W;-3.79
4243;48-05-52.469N;069-12-57.319W;-3.92
4244;48-05-52.436N;069-12-56.896W;-4.5
4245;48-05-52.371N;069-12-56.688W;-4.74
4246;48-05-52.869N;069-12-58.704W;-3.33
4247;48-05-52.865N;069-12-58.352W;-3.42
4248;48-05-52.710N;069-12-57.869W;-3.68
4249;48-05-52.936N;069-12-57.453W;-3.95
4250;48-05-52.822N;069-12-57.154W;-3.99
4251;48-05-52.799N;069-12-56.900W;-4.44
4252;48-05-53.312N;069-12-59.362W;-3.32
4253;48-05-53.148N;069-12-58.872W;-3.32
4254;48-05-53.337N;069-12-58.629W;-3.55
4255;48-05-53.306N;069-12-58.361W;-3.68
4256;48-05-53.304N;069-12-57.884W;-3.83
4257;48-05-53.158N;069-12-57.642W;-3.98
4258;48-05-53.681N;069-12-59.653W;-3.42
4259;48-05-53.680N;069-12-59.541W;-3.51
4260;48-05-53.676N;069-12-58.889W;-3.71
4261;48-05-53.670N;069-12-58.636W;-3.78
4262;48-05-53.630N;069-12-58.432W;-3.87
4263;48-05-54.036N;069-13-00.352W;-3.24
4264;48-05-54.003N;069-13-00.126W;-3.32
4265;48-05-53.999N;069-12-59.590W;-3.67
4266;48-05-53.924N;069-12-59.326W;-3.76
4267;48-05-53.867N;069-12-59.076W;-3.87
4268;48-05-54.000N;069-12-58.838W;-4.3
4269;48-05-54.203N;069-13-00.051W;-3.52
4270;48-05-54.141N;069-12-59.681W;-3.77
4271;48-05-54.327N;069-12-59.348W;-4.71
4272;48-05-54.159N;069-12-59.149W;-4.8
4273;48-05-54.567N;069-13-01.064W;-3.25
4274;48-05-54.646N;069-13-00.905W;-3.33
4275;48-05-54.648N;069-13-00.304W;-4.23
4276;48-05-54.625N;069-13-00.083W;-4.76
4277;48-05-54.488N;069-12-59.813W;-4.44
4278;48-05-54.485N;069-12-59.572W;-4.87
4279;48-05-55.111N;069-13-01.758W;-3.27
4280;48-05-55.128N;069-13-01.504W;-3.77
4281;48-05-55.131N;069-13-01.260W;-4.31
4282;48-05-55.135N;069-13-01.017W;-4.97
4283;48-05-54.812N;069-13-00.555W;-4.34
4284;48-05-55.454N;069-13-01.749W;-4.69
4285;48-05-55.297N;069-13-01.516W;-4.34
4286;48-05-55.774N;069-13-03.071W;-3.3
4287;48-05-55.770N;069-13-02.470W;-4.91
4288;48-05-55.620N;069-13-02.257W;-4.09
4289;48-05-56.103N;069-13-03.552W;-3.6
4290;48-05-56.084N;069-13-03.200W;-3.89
4291;48-05-56.104N;069-13-02.976W;-4.63
4292;48-05-55.929N;069-13-02.714W;-4.91
4293;48-05-56.542N;069-13-07.034W;-3.3
4294;48-05-56.561N;069-13-06.735W;-3.27
4295;48-05-56.572N;069-13-04.411W;-3.44
4296;48-05-56.405N;069-13-03.924W;-3.68
4297;48-05-56.408N;069-13-03.686W;-4.08
4298;48-05-56.258N;069-13-03.200W;-4.97
4299;48-05-56.709N;069-14-49.385W;-0.6
4300;48-05-56.845N;069-13-11.180W;-4.36
4301;48-05-56.736N;069-13-10.794W;-4.7
4302;48-05-56.725N;069-13-10.604W;-4.6
4303;48-05-56.736N;069-13-10.230W;-4.95
4304;48-05-56.736N;069-13-09.963W;-4.51
4305;48-05-56.894N;069-13-09.480W;-4.03
4306;48-05-56.899N;069-13-09.172W;-3.9
4307;48-05-56.897N;069-13-08.659W;-3.69
4308;48-05-56.875N;069-13-07.510W;-3.4
4309;48-05-56.880N;069-13-07.247W;-3.37
4310;48-05-56.798N;069-13-06.924W;-3.39
4311;48-05-56.872N;069-13-06.710W;-3.41
4312;48-05-56.815N;069-13-06.295W;-3.28
4313;48-05-56.815N;069-13-05.874W;-3.28
4314;48-05-56.828N;069-13-05.616W;-4.49
4315;48-05-56.908N;069-13-05.020W;-3.67
4316;48-05-56.895N;069-13-04.650W;-3.96
4317;48-05-56.904N;069-13-04.415W;-4.46
4318;48-05-56.745N;069-13-04.169W;-4.19
4319;48-05-57.211N;069-13-11.743W;-3.64
4320;48-05-57.032N;069-13-11.419W;-4.4
4321;48-05-57.063N;069-13-09.104W;-4.55
4322;48-05-57.061N;069-13-08.665W;-4.47
4323;48-05-57.217N;069-13-08.263W;-4.79
4324;48-05-57.066N;069-13-08.026W;-3.95
4325;48-05-57.065N;069-13-07.607W;-3.86
4326;48-05-57.067N;069-13-07.309W;-4.02
4327;48-05-57.230N;069-13-07.004W;-4.4
4328;48-05-57.229N;069-13-06.603W;-4.94
4329;48-05-57.229N;069-13-06.341W;-4.29
4330;48-05-57.230N;069-13-05.892W;-3.9
4331;48-05-57.036N;069-13-05.372W;-4.65
4332;48-05-57.070N;069-13-04.667W;-4.6
4333;48-05-57.521N;069-13-11.667W;-4.85
4334;48-05-57.809N;069-13-11.911W;-3.62
4335;48-05-58.282N;069-13-11.925W;-3.73
4336;48-05-58.730N;069-13-11.910W;-4.26
4337;48-05-58.929N;069-13-11.910W;-4.24
4338;48-05-59.231N;069-13-12.182W;-3.71
4339;48-05-59.133N;069-13-11.919W;-4.88
4340;48-05-59.628N;069-14-48.435W;-0.3
4341;48-05-59.810N;069-13-12.197W;-4.13
4342;48-05-59.597N;069-13-12.177W;-3.72
4343;48-06-00.073N;069-13-12.659W;-3.73
4344;48-06-00.095N;069-13-12.399W;-4.99
